ticket_id,created_at,category,description,resolution_minutes,escalated,channel,customer_tier
TKT-02711,2025-01-01T02:30:00Z,billing question,Customer requests an explanation of a service charge for HP-80513.,83,True,web portal,standard
TKT-02451,2025-01-01T03:14:00Z,appointment scheduling,Administrative scheduling request for reference HP-64490.,15,False,phone,standard
TKT-00726,2025-01-01T03:56:00Z,billing question,Payment posting question references HP-80493.,33,False,web portal,medicare support
TKT-00706,2025-01-01T04:35:00Z,appointment scheduling,Caller requests an appointment-time change under HP-44454.,75,True,chat,standard
TKT-01159,2025-01-01T08:22:00Z,appointment scheduling,Caller requests an appointment-time change under HP-68040.,26,False,email,medicare support
TKT-02077,2025-01-01T13:47:00Z,prescription refill request,Refill request status inquiry references HP-58714; no clinical details included.,92,False,phone,employer plan
TKT-00411,2025-01-01T16:06:00Z,billing question,Payment posting question references HP-22185.,36,False,web portal,employer plan
TKT-00173,2025-01-01T21:30:00Z,portal access,Customer reports a locked portal account under HP-70603.,34,True,web portal,employer plan
TKT-00598,2025-01-01T21:49:00Z,medical records request,Customer asks which authorization form applies to HP-83887.,114,False,email,employer plan
TKT-02757,2025-01-01T21:54:00Z,appointment scheduling,Caller requests an appointment-time change under HP-46219.,22,False,phone,employer plan
TKT-01827,2025-01-02T00:43:00Z,referral status,Customer requests administrative referral status for HP-42419.,36,False,web portal,standard
TKT-01776,2025-01-02T00:45:00Z,portal access,Customer cannot access the service portal under HP-49454.,12,False,email,employer plan
TKT-02426,2025-01-02T01:38:00Z,appointment scheduling,Customer asks about available scheduling options for HP-22273.,54,True,email,medicare support
TKT-00267,2025-01-02T04:33:00Z,insurance eligibility,Employer-plan eligibility status needs validation for HP-74429.,35,False,phone,employer plan
TKT-01989,2025-01-02T04:41:00Z,insurance eligibility,Customer requests administrative eligibility verification for HP-25623.,66,False,chat,employer plan
TKT-02628,2025-01-02T08:35:00Z,portal access,Portal password reset requested for HP-97361.,13,False,web portal,standard
TKT-02872,2025-01-02T10:15:00Z,referral status,Customer asks whether referral paperwork was received for HP-87611.,47,False,web portal,medicare support
TKT-02146,2025-01-02T11:51:00Z,portal access,Customer reports a locked portal account under HP-96889.,27,True,web portal,medicare support
TKT-01531,2025-01-02T13:58:00Z,billing question,Payment posting question references HP-36992.,59,False,phone,medicare support
TKT-02596,2025-01-02T14:04:00Z,appointment scheduling,Caller requests an appointment-time change under HP-43159.,9,False,phone,standard
TKT-02398,2025-01-02T16:38:00Z,insurance eligibility,Customer requests administrative eligibility verification for HP-35356.,92,True,phone,standard
TKT-01006,2025-01-02T16:54:00Z,prescription refill request,Customer asks for refill-request routing under HP-79761.,136,True,phone,medicare support
TKT-01689,2025-01-02T17:26:00Z,billing question,Customer requests an explanation of a service charge for HP-59900.,61,False,phone,medicare support
TKT-00952,2025-01-02T18:14:00Z,general inquiry,Multi-topic non-clinical inquiry recorded as HP-86890.,99,True,chat,standard
TKT-02659,2025-01-02T19:09:00Z,medical records request,Records request status inquiry references HP-85947.,110,False,email,standard
TKT-01514,2025-01-03T04:29:00Z,insurance eligibility,Customer requests administrative eligibility verification for HP-50133.,46,False,phone,medicare support
TKT-02268,2025-01-03T04:50:00Z,referral status,Referral routing update requested under HP-58813.,21,False,phone,standard
TKT-02964,2025-01-03T07:45:00Z,appointment scheduling,Customer asks about available scheduling options for HP-98406.,19,False,phone,medicare support
TKT-01457,2025-01-03T10:08:00Z,general inquiry,Customer request requires manual routing under HP-33682.,59,True,email,premium care
TKT-02070,2025-01-03T11:18:00Z,prescription refill request,Customer asks for refill-request routing under HP-34745.,59,False,email,employer plan
TKT-01218,2025-01-03T13:21:00Z,appointment scheduling,Administrative scheduling request for reference HP-78948.,20,False,phone,standard
TKT-01469,2025-01-03T14:52:00Z,medical records request,Customer requests records-release instructions under HP-11176.,98,False,phone,premium care
TKT-00742,2025-01-03T15:38:00Z,appointment scheduling,Administrative scheduling request for reference HP-86729.,13,False,phone,medicare support
TKT-00350,2025-01-03T19:22:00Z,prescription refill request,Administrative refill request requires licensed-team review under HP-57183.,49,False,email,medicare support
TKT-00782,2025-01-03T21:58:00Z,billing question,Customer requests an explanation of a service charge for HP-96301.,33,False,email,standard
TKT-02516,2025-01-03T23:27:00Z,portal access,Customer cannot access the service portal under HP-49607.,12,False,phone,standard
TKT-01025,2025-01-04T01:57:00Z,appointment scheduling,Administrative scheduling request for reference HP-21542.,8,False,email,employer plan
TKT-02947,2025-01-04T02:27:00Z,portal access,Customer reports a locked portal account under HP-16482.,7,False,phone,employer plan
TKT-01694,2025-01-04T03:55:00Z,medical records request,Records request status inquiry references HP-34882.,110,False,email,employer plan
TKT-02447,2025-01-04T07:10:00Z,general inquiry,Customer request requires manual routing under HP-72646.,81,False,web portal,medicare support
TKT-01669,2025-01-04T08:38:00Z,portal access,Portal password reset requested for HP-48038.,15,False,email,premium care
TKT-01735,2025-01-04T10:04:00Z,portal access,Customer reports a locked portal account under HP-12473.,9,False,web portal,premium care
TKT-02843,2025-01-04T10:27:00Z,medical records request,Records request status inquiry references HP-52097.,104,True,email,employer plan
TKT-02226,2025-01-04T11:14:00Z,insurance eligibility,Employer-plan eligibility status needs validation for HP-41656.,33,False,chat,standard
TKT-00682,2025-01-04T15:26:00Z,appointment scheduling,Caller requests an appointment-time change under HP-14856.,26,False,phone,premium care
TKT-01923,2025-01-04T16:29:00Z,billing question,Customer asks about an administrative statement under HP-34128.,45,False,phone,employer plan
TKT-00874,2025-01-04T17:21:00Z,medical records request,Customer requests records-release instructions under HP-17254.,49,False,email,medicare support
TKT-02784,2025-01-04T17:56:00Z,referral status,Customer asks whether referral paperwork was received for HP-22610.,34,False,phone,employer plan
TKT-00676,2025-01-04T18:31:00Z,referral status,Customer requests administrative referral status for HP-95814.,29,False,phone,employer plan
TKT-00470,2025-01-04T18:57:00Z,insurance eligibility,Employer-plan eligibility status needs validation for HP-98618.,119,True,web portal,standard
TKT-00930,2025-01-04T19:13:00Z,appointment scheduling,Administrative scheduling request for reference HP-39221.,19,False,phone,employer plan
TKT-00150,2025-01-04T23:13:00Z,appointment scheduling,Caller requests an appointment-time change under HP-86493.,18,False,phone,standard
TKT-01417,2025-01-04T23:41:00Z,insurance eligibility,Coverage administration question references HP-99640.,79,False,web portal,standard
TKT-02386,2025-01-05T02:46:00Z,medical records request,Customer asks which authorization form applies to HP-52360.,102,False,web portal,employer plan
TKT-02700,2025-01-05T03:03:00Z,prescription refill request,Refill request status inquiry references HP-26225; no clinical details included.,89,False,chat,standard
TKT-01787,2025-01-05T05:01:00Z,insurance eligibility,Coverage administration question references HP-88762.,34,False,email,medicare support
TKT-01939,2025-01-05T05:51:00Z,portal access,Customer reports a locked portal account under HP-47237.,6,False,web portal,standard
TKT-01399,2025-01-05T07:09:00Z,insurance eligibility,Coverage administration question references HP-11935.,124,True,phone,standard
TKT-02880,2025-01-05T08:49:00Z,insurance eligibility,Employer-plan eligibility status needs validation for HP-53695.,39,False,web portal,medicare support
TKT-00954,2025-01-05T10:44:00Z,appointment scheduling,Customer asks about available scheduling options for HP-62951.,28,False,web portal,medicare support
TKT-00632,2025-01-05T17:12:00Z,appointment scheduling,Caller requests an appointment-time change under HP-51970.,8,False,email,premium care
TKT-02359,2025-01-05T18:50:00Z,appointment scheduling,Customer asks about available scheduling options for HP-91020.,17,False,email,premium care
TKT-00179,2025-01-05T19:28:00Z,appointment scheduling,Administrative scheduling request for reference HP-90745.,28,False,phone,employer plan
TKT-01225,2025-01-05T19:42:00Z,billing question,Payment posting question references HP-94102.,60,False,email,standard
TKT-01823,2025-01-05T20:28:00Z,appointment scheduling,Customer asks about available scheduling options for HP-28338.,18,False,web portal,medicare support
TKT-00966,2025-01-05T21:43:00Z,portal access,Portal password reset requested for HP-40315.,6,False,chat,standard
TKT-01251,2025-01-05T21:46:00Z,referral status,Customer requests administrative referral status for HP-52753.,43,False,chat,employer plan
TKT-01718,2025-01-05T23:50:00Z,prescription refill request,Refill request status inquiry references HP-39502; no clinical details included.,106,True,email,employer plan
TKT-00432,2025-01-05T23:57:00Z,billing question,Customer requests an explanation of a service charge for HP-98271.,67,False,phone,standard
TKT-01917,2025-01-06T00:46:00Z,appointment scheduling,Administrative scheduling request for reference HP-79395.,28,False,phone,medicare support
TKT-01588,2025-01-06T01:42:00Z,billing question,Customer asks about an administrative statement under HP-74295.,48,False,web portal,medicare support
TKT-00779,2025-01-06T03:20:00Z,insurance eligibility,Employer-plan eligibility status needs validation for HP-26802.,68,False,phone,standard
TKT-01506,2025-01-06T05:15:00Z,insurance eligibility,Customer requests administrative eligibility verification for HP-54495.,82,False,web portal,standard
TKT-01876,2025-01-06T05:22:00Z,portal access,Customer cannot access the service portal under HP-42061.,11,False,web portal,medicare support
TKT-00928,2025-01-06T08:38:00Z,appointment scheduling,Administrative scheduling request for reference HP-78706.,11,False,email,employer plan
TKT-00355,2025-01-06T08:53:00Z,insurance eligibility,Employer-plan eligibility status needs validation for HP-52477.,54,False,chat,premium care
TKT-01014,2025-01-06T14:26:00Z,appointment scheduling,Caller requests an appointment-time change under HP-96850.,17,False,phone,premium care
TKT-01906,2025-01-06T15:46:00Z,portal access,Customer cannot access the service portal under HP-22297.,15,False,web portal,employer plan
TKT-02538,2025-01-06T18:32:00Z,medical records request,Customer requests records-release instructions under HP-53608.,114,False,web portal,employer plan
TKT-01305,2025-01-06T18:39:00Z,medical records request,Records request status inquiry references HP-23075.,158,True,email,medicare support
TKT-00165,2025-01-06T18:54:00Z,appointment scheduling,Administrative scheduling request for reference HP-59165.,12,False,chat,standard
TKT-01028,2025-01-06T19:01:00Z,insurance eligibility,Customer requests administrative eligibility verification for HP-23190.,47,False,web portal,medicare support
TKT-00129,2025-01-06T19:19:00Z,appointment scheduling,Administrative scheduling request for reference HP-47921.,9,False,phone,employer plan
TKT-00655,2025-01-06T22:52:00Z,appointment scheduling,Customer asks about available scheduling options for HP-80049.,19,False,web portal,medicare support
TKT-02423,2025-01-06T23:01:00Z,appointment scheduling,Administrative scheduling request for reference HP-41229.,27,False,web portal,medicare support
TKT-02614,2025-01-07T02:07:00Z,appointment scheduling,Administrative scheduling request for reference HP-32964.,17,False,web portal,employer plan
TKT-02211,2025-01-07T03:59:00Z,insurance eligibility,Customer requests administrative eligibility verification for HP-12095.,62,False,web portal,standard
TKT-00336,2025-01-07T04:52:00Z,billing question,Payment posting question references HP-59962.,43,False,chat,medicare support
TKT-00424,2025-01-07T05:06:00Z,appointment scheduling,Administrative scheduling request for reference HP-15200.,16,False,web portal,premium care
TKT-01360,2025-01-07T05:22:00Z,appointment scheduling,Caller requests an appointment-time change under HP-46261.,39,True,phone,standard
TKT-02412,2025-01-07T07:38:00Z,appointment scheduling,Customer asks about available scheduling options for HP-38580.,9,False,phone,medicare support
TKT-00345,2025-01-07T14:09:00Z,prescription refill request,Administrative refill request requires licensed-team review under HP-91893.,134,True,web portal,employer plan
TKT-01877,2025-01-07T14:15:00Z,appointment scheduling,Caller requests an appointment-time change under HP-79401.,13,False,web portal,employer plan
TKT-02261,2025-01-07T16:53:00Z,appointment scheduling,Administrative scheduling request for reference HP-83829.,26,False,phone,employer plan
TKT-02395,2025-01-07T19:02:00Z,appointment scheduling,Administrative scheduling request for reference HP-24464.,8,False,phone,medicare support
TKT-02095,2025-01-07T19:47:00Z,insurance eligibility,Coverage administration question references HP-56444.,67,False,phone,employer plan
TKT-01740,2025-01-07T20:51:00Z,prescription refill request,Administrative refill request requires licensed-team review under HP-77452.,76,False,web portal,employer plan
TKT-00333,2025-01-07T21:06:00Z,appointment scheduling,Customer asks about available scheduling options for HP-28549.,28,False,phone,standard
TKT-00763,2025-01-07T21:17:00Z,medical records request,Customer requests records-release instructions under HP-57743.,63,False,phone,employer plan
TKT-02176,2025-01-07T21:32:00Z,billing question,Customer requests an explanation of a service charge for HP-88987.,78,True,email,medicare support
TKT-00543,2025-01-08T02:53:00Z,prescription refill request,Customer asks for refill-request routing under HP-22499.,93,False,phone,medicare support
TKT-01915,2025-01-08T03:16:00Z,appointment scheduling,Caller requests an appointment-time change under HP-73402.,12,False,phone,premium care
TKT-00830,2025-01-08T03:22:00Z,referral status,Referral routing update requested under HP-39580.,35,False,email,medicare support
TKT-02285,2025-01-08T04:35:00Z,medical records request,Customer requests records-release instructions under HP-25427.,83,False,email,standard
TKT-00933,2025-01-08T04:45:00Z,billing question,Customer requests an explanation of a service charge for HP-41650.,26,False,email,standard
TKT-01349,2025-01-08T05:00:00Z,billing question,Payment posting question references HP-51655.,60,False,email,premium care
TKT-00392,2025-01-08T07:48:00Z,portal access,Customer reports a locked portal account under HP-32677.,10,False,chat,standard
TKT-01863,2025-01-08T08:16:00Z,insurance eligibility,Coverage administration question references HP-13508.,71,True,phone,standard
TKT-00958,2025-01-08T09:28:00Z,insurance eligibility,Coverage administration question references HP-47848.,53,False,phone,standard
TKT-01487,2025-01-08T09:49:00Z,prescription refill request,Customer asks for refill-request routing under HP-67523.,74,False,phone,employer plan
TKT-01791,2025-01-08T19:56:00Z,appointment scheduling,Administrative scheduling request for reference HP-71184.,21,False,web portal,medicare support
TKT-01936,2025-01-09T00:44:00Z,prescription refill request,Refill request status inquiry references HP-87981; no clinical details included.,56,False,email,standard
TKT-00909,2025-01-09T00:52:00Z,insurance eligibility,Employer-plan eligibility status needs validation for HP-65388.,67,False,phone,standard
TKT-02878,2025-01-09T01:32:00Z,prescription refill request,Administrative refill request requires licensed-team review under HP-90287.,42,False,phone,employer plan
TKT-02960,2025-01-09T03:07:00Z,portal access,Customer cannot access the service portal under HP-37231.,7,False,chat,premium care
TKT-02396,2025-01-09T04:10:00Z,billing question,Customer requests an explanation of a service charge for HP-13700.,80,True,email,premium care
TKT-01626,2025-01-09T04:26:00Z,prescription refill request,Refill request status inquiry references HP-87630; no clinical details included.,74,True,phone,premium care
TKT-00004,2025-01-09T06:10:00Z,prescription refill request,Customer asks for refill-request routing under HP-93152.,39,False,web portal,standard
TKT-02399,2025-01-09T07:51:00Z,referral status,Customer asks whether referral paperwork was received for HP-50695.,20,False,phone,standard
TKT-01983,2025-01-09T09:00:00Z,insurance eligibility,Customer requests administrative eligibility verification for HP-53956.,82,False,phone,standard
TKT-02618,2025-01-09T10:23:00Z,billing question,Customer asks about an administrative statement under HP-40310.,51,True,web portal,employer plan
TKT-01395,2025-01-09T13:24:00Z,insurance eligibility,Coverage administration question references HP-15966.,36,False,phone,standard
TKT-01710,2025-01-09T14:10:00Z,insurance eligibility,Customer requests administrative eligibility verification for HP-89531.,69,False,phone,standard
TKT-01147,2025-01-09T17:22:00Z,medical records request,Customer asks which authorization form applies to HP-88267.,84,False,email,medicare support
TKT-00969,2025-01-09T18:09:00Z,appointment scheduling,Customer asks about available scheduling options for HP-85339.,26,False,web portal,medicare support
TKT-00686,2025-01-09T19:12:00Z,appointment scheduling,Customer asks about available scheduling options for HP-77846.,25,False,phone,standard
TKT-00422,2025-01-09T20:12:00Z,insurance eligibility,Customer requests administrative eligibility verification for HP-96689.,58,False,chat,standard
TKT-00982,2025-01-09T20:30:00Z,prescription refill request,Customer asks for refill-request routing under HP-63537.,64,False,email,medicare support
TKT-02151,2025-01-09T22:27:00Z,portal access,Customer reports a locked portal account under HP-31999.,5,False,email,premium care
TKT-01802,2025-01-10T00:31:00Z,prescription refill request,Administrative refill request requires licensed-team review under HP-48345.,136,True,phone,standard
TKT-02243,2025-01-10T02:30:00Z,prescription refill request,Customer asks for refill-request routing under HP-99136.,58,False,web portal,employer plan
TKT-01997,2025-01-10T03:24:00Z,medical records request,Customer requests records-release instructions under HP-53622.,67,False,email,employer plan
TKT-01725,2025-01-10T04:28:00Z,appointment scheduling,Administrative scheduling request for reference HP-19199.,10,False,web portal,medicare support
TKT-00026,2025-01-10T05:14:00Z,insurance eligibility,Coverage administration question references HP-66858.,40,False,email,medicare support
TKT-00849,2025-01-10T05:33:00Z,prescription refill request,Administrative refill request requires licensed-team review under HP-17043.,90,False,phone,standard
TKT-01504,2025-01-10T06:12:00Z,referral status,Customer requests administrative referral status for HP-18495.,41,False,web portal,medicare support
TKT-01448,2025-01-10T09:04:00Z,insurance eligibility,Coverage administration question references HP-57334.,48,False,web portal,employer plan
TKT-02487,2025-01-10T12:20:00Z,appointment scheduling,Caller requests an appointment-time change under HP-83726.,17,False,web portal,standard
TKT-00075,2025-01-10T14:24:00Z,billing question,Customer asks about an administrative statement under HP-71740.,28,False,web portal,standard
TKT-00991,2025-01-10T16:38:00Z,billing question,Customer asks about an administrative statement under HP-95907.,26,False,email,standard
TKT-02378,2025-01-10T18:38:00Z,appointment scheduling,Caller requests an appointment-time change under HP-93944.,18,False,chat,employer plan
TKT-01606,2025-01-10T20:45:00Z,insurance eligibility,Customer requests administrative eligibility verification for HP-12974.,83,False,email,employer plan
TKT-01594,2025-01-10T20:47:00Z,prescription refill request,Refill request status inquiry references HP-61891; no clinical details included.,90,False,phone,premium care
TKT-01291,2025-01-10T21:04:00Z,prescription refill request,Refill request status inquiry references HP-61625; no clinical details included.,92,False,phone,standard
TKT-00303,2025-01-10T23:05:00Z,medical records request,Customer asks which authorization form applies to HP-91044.,118,False,email,standard
TKT-01833,2025-01-11T03:29:00Z,insurance eligibility,Coverage administration question references HP-26271.,88,True,phone,employer plan
TKT-01500,2025-01-11T04:32:00Z,appointment scheduling,Caller requests an appointment-time change under HP-35773.,18,False,web portal,medicare support
TKT-00172,2025-01-11T04:34:00Z,appointment scheduling,Administrative scheduling request for reference HP-90499.,19,False,email,employer plan
TKT-00929,2025-01-11T04:42:00Z,referral status,Customer asks whether referral paperwork was received for HP-28732.,54,False,web portal,standard
TKT-02266,2025-01-11T07:39:00Z,prescription refill request,Refill request status inquiry references HP-51088; no clinical details included.,81,False,web portal,standard
TKT-01849,2025-01-11T10:16:00Z,portal access,Portal password reset requested for HP-30068.,11,False,web portal,standard
TKT-01079,2025-01-11T13:50:00Z,referral status,Customer asks whether referral paperwork was received for HP-70157.,25,False,email,employer plan
TKT-01494,2025-01-11T18:13:00Z,prescription refill request,Administrative refill request requires licensed-team review under HP-80948.,66,False,chat,employer plan
TKT-02441,2025-01-11T19:58:00Z,portal access,Customer reports a locked portal account under HP-40872.,9,False,web portal,premium care
TKT-00148,2025-01-11T20:55:00Z,insurance eligibility,Employer-plan eligibility status needs validation for HP-22192.,83,False,web portal,employer plan
TKT-02297,2025-01-11T23:45:00Z,portal access,Customer cannot access the service portal under HP-84843.,9,False,web portal,standard
TKT-00466,2025-01-12T00:49:00Z,portal access,Portal password reset requested for HP-63330.,7,False,web portal,medicare support
TKT-02549,2025-01-12T06:34:00Z,appointment scheduling,Administrative scheduling request for reference HP-60515.,27,False,phone,medicare support
TKT-00164,2025-01-12T07:11:00Z,appointment scheduling,Caller requests an appointment-time change under HP-11762.,23,False,phone,employer plan
TKT-00489,2025-01-12T07:48:00Z,appointment scheduling,Administrative scheduling request for reference HP-62384.,9,False,chat,standard
TKT-01088,2025-01-12T07:48:00Z,appointment scheduling,Customer asks about available scheduling options for HP-90497.,27,False,phone,employer plan
TKT-00484,2025-01-12T08:52:00Z,portal access,Portal password reset requested for HP-20000.,14,False,web portal,standard
TKT-00180,2025-01-12T09:12:00Z,portal access,Customer cannot access the service portal under HP-81886.,6,False,chat,medicare support
TKT-01495,2025-01-12T09:36:00Z,prescription refill request,Refill request status inquiry references HP-10921; no clinical details included.,117,True,phone,premium care
TKT-01323,2025-01-12T11:09:00Z,appointment scheduling,Customer asks about available scheduling options for HP-48886.,16,False,phone,standard
TKT-02418,2025-01-12T12:11:00Z,insurance eligibility,Customer requests administrative eligibility verification for HP-53410.,51,False,phone,standard
TKT-01568,2025-01-12T12:26:00Z,portal access,Customer cannot access the service portal under HP-10445.,9,False,web portal,standard
TKT-01888,2025-01-12T13:35:00Z,referral status,Customer requests administrative referral status for HP-46828.,22,False,web portal,employer plan
TKT-02042,2025-01-12T14:57:00Z,appointment scheduling,Administrative scheduling request for reference HP-12278.,8,False,phone,medicare support
TKT-02463,2025-01-12T16:12:00Z,portal access,Customer cannot access the service portal under HP-28088.,4,False,web portal,standard
TKT-00531,2025-01-12T16:46:00Z,insurance eligibility,Coverage administration question references HP-39781.,70,False,phone,premium care
TKT-02475,2025-01-12T17:22:00Z,portal access,Customer reports a locked portal account under HP-64496.,4,False,web portal,employer plan
TKT-01647,2025-01-12T17:33:00Z,prescription refill request,Customer asks for refill-request routing under HP-88922.,55,False,phone,standard
TKT-02183,2025-01-12T18:04:00Z,general inquiry,Multi-topic non-clinical inquiry recorded as HP-96483.,86,False,phone,premium care
TKT-00588,2025-01-12T20:10:00Z,portal access,Customer reports a locked portal account under HP-29143.,64,True,web portal,employer plan
TKT-01680,2025-01-12T21:43:00Z,medical records request,Records request status inquiry references HP-29329.,73,False,email,employer plan
TKT-00118,2025-01-13T00:34:00Z,general inquiry,Multi-topic non-clinical inquiry recorded as HP-63537.,68,True,web portal,employer plan
TKT-02060,2025-01-13T01:32:00Z,portal access,Customer cannot access the service portal under HP-42636.,15,False,web portal,employer plan
TKT-00770,2025-01-13T01:38:00Z,general inquiry,Customer request requires manual routing under HP-50480.,78,False,chat,employer plan
TKT-02767,2025-01-13T03:23:00Z,referral status,Referral routing update requested under HP-33902.,38,False,web portal,standard
TKT-00603,2025-01-13T03:35:00Z,prescription refill request,Administrative refill request requires licensed-team review under HP-63534.,126,True,phone,employer plan
TKT-02750,2025-01-13T05:00:00Z,insurance eligibility,Coverage administration question references HP-78338.,42,False,web portal,standard
TKT-01938,2025-01-13T05:14:00Z,appointment scheduling,Administrative scheduling request for reference HP-56624.,15,False,phone,medicare support
TKT-00689,2025-01-13T05:27:00Z,billing question,Customer asks about an administrative statement under HP-57454.,46,False,phone,employer plan
TKT-01140,2025-01-13T05:51:00Z,portal access,Portal password reset requested for HP-93838.,15,False,web portal,employer plan
TKT-01515,2025-01-13T10:34:00Z,portal access,Portal password reset requested for HP-53585.,14,False,web portal,medicare support
TKT-02736,2025-01-13T11:55:00Z,billing question,Customer asks about an administrative statement under HP-74562.,52,False,email,premium care
TKT-01024,2025-01-13T12:12:00Z,billing question,Customer requests an explanation of a service charge for HP-13187.,30,False,email,standard
TKT-02770,2025-01-13T13:20:00Z,appointment scheduling,Administrative scheduling request for reference HP-54368.,8,False,phone,employer plan
TKT-00250,2025-01-13T16:56:00Z,appointment scheduling,Caller requests an appointment-time change under HP-28143.,17,False,phone,employer plan
TKT-00839,2025-01-13T18:30:00Z,general inquiry,Uncategorized administrative inquiry references HP-80864.,32,False,phone,employer plan
TKT-01130,2025-01-13T19:17:00Z,billing question,Payment posting question references HP-10941.,25,False,email,employer plan
TKT-01955,2025-01-13T19:52:00Z,portal access,Portal password reset requested for HP-44733.,6,False,web portal,standard
TKT-02047,2025-01-13T20:21:00Z,appointment scheduling,Administrative scheduling request for reference HP-16882.,9,False,email,standard
TKT-02414,2025-01-13T20:49:00Z,referral status,Customer asks whether referral paperwork was received for HP-13134.,54,False,phone,employer plan
TKT-02653,2025-01-13T21:57:00Z,prescription refill request,Customer asks for refill-request routing under HP-19851.,95,True,web portal,standard
TKT-01807,2025-01-13T23:00:00Z,medical records request,Customer requests records-release instructions under HP-69774.,70,False,email,standard
TKT-01253,2025-01-13T23:34:00Z,portal access,Customer cannot access the service portal under HP-15568.,10,False,chat,standard
TKT-00207,2025-01-13T23:36:00Z,appointment scheduling,Caller requests an appointment-time change under HP-25659.,16,False,phone,standard
TKT-01645,2025-01-13T23:52:00Z,referral status,Customer requests administrative referral status for HP-46697.,55,False,email,employer plan
TKT-01545,2025-01-14T00:46:00Z,appointment scheduling,Customer asks about available scheduling options for HP-21630.,20,False,phone,standard
TKT-00533,2025-01-14T01:14:00Z,billing question,Payment posting question references HP-94409.,29,False,email,medicare support
TKT-00893,2025-01-14T03:31:00Z,portal access,Customer reports a locked portal account under HP-18879.,6,False,web portal,standard
TKT-00594,2025-01-14T03:52:00Z,appointment scheduling,Administrative scheduling request for reference HP-92705.,21,False,web portal,standard
TKT-02175,2025-01-14T03:58:00Z,appointment scheduling,Administrative scheduling request for reference HP-34818.,20,False,phone,medicare support
TKT-01661,2025-01-14T04:03:00Z,insurance eligibility,Employer-plan eligibility status needs validation for HP-17776.,61,False,web portal,standard
TKT-01294,2025-01-14T04:11:00Z,appointment scheduling,Caller requests an appointment-time change under HP-33621.,22,False,email,standard
TKT-00549,2025-01-14T05:52:00Z,prescription refill request,Administrative refill request requires licensed-team review under HP-80565.,112,True,phone,employer plan
TKT-02343,2025-01-14T06:36:00Z,billing question,Customer requests an explanation of a service charge for HP-40095.,57,True,phone,standard
TKT-01098,2025-01-14T06:43:00Z,appointment scheduling,Caller requests an appointment-time change under HP-63916.,83,True,phone,standard
TKT-02592,2025-01-14T09:19:00Z,appointment scheduling,Caller requests an appointment-time change under HP-25544.,21,False,chat,employer plan
TKT-00885,2025-01-14T10:03:00Z,appointment scheduling,Customer asks about available scheduling options for HP-73124.,19,False,chat,standard
TKT-01940,2025-01-14T10:27:00Z,prescription refill request,Customer asks for refill-request routing under HP-57201.,108,True,phone,employer plan
TKT-00822,2025-01-14T11:26:00Z,portal access,Portal password reset requested for HP-11569.,12,False,web portal,employer plan
TKT-01579,2025-01-14T13:25:00Z,appointment scheduling,Administrative scheduling request for reference HP-14966.,27,False,phone,medicare support
TKT-02584,2025-01-14T13:56:00Z,prescription refill request,Administrative refill request requires licensed-team review under HP-92094.,116,True,phone,standard
TKT-00698,2025-01-14T14:47:00Z,prescription refill request,Refill request status inquiry references HP-42899; no clinical details included.,68,False,phone,employer plan
TKT-02092,2025-01-14T16:14:00Z,appointment scheduling,Customer asks about available scheduling options for HP-26509.,24,False,phone,medicare support
TKT-02821,2025-01-14T17:37:00Z,general inquiry,Uncategorized administrative inquiry references HP-38836.,43,False,phone,employer plan
TKT-01708,2025-01-14T21:28:00Z,medical records request,Customer requests records-release instructions under HP-76572.,75,False,email,medicare support
TKT-00131,2025-01-14T21:31:00Z,appointment scheduling,Caller requests an appointment-time change under HP-78181.,12,False,web portal,medicare support
TKT-02567,2025-01-15T00:26:00Z,appointment scheduling,Caller requests an appointment-time change under HP-96084.,10,False,phone,standard
TKT-02223,2025-01-15T03:30:00Z,portal access,Customer cannot access the service portal under HP-58212.,11,False,web portal,standard
TKT-00439,2025-01-15T07:29:00Z,billing question,Payment posting question references HP-63041.,76,True,email,medicare support
TKT-02474,2025-01-15T11:39:00Z,insurance eligibility,Customer requests administrative eligibility verification for HP-70551.,34,False,phone,medicare support
TKT-02936,2025-01-15T12:45:00Z,referral status,Referral routing update requested under HP-15051.,48,False,phone,standard
TKT-01636,2025-01-15T13:43:00Z,billing question,Customer asks about an administrative statement under HP-67132.,26,False,email,standard
TKT-00127,2025-01-15T14:41:00Z,billing question,Payment posting question references HP-12963.,87,True,web portal,standard
TKT-00542,2025-01-15T14:49:00Z,appointment scheduling,Customer asks about available scheduling options for HP-29065.,24,False,email,standard
TKT-02779,2025-01-15T16:22:00Z,general inquiry,Customer request requires manual routing under HP-17624.,36,True,email,employer plan
TKT-01589,2025-01-15T16:30:00Z,referral status,Referral routing update requested under HP-43922.,72,True,web portal,medicare support
TKT-02096,2025-01-15T19:02:00Z,appointment scheduling,Customer asks about available scheduling options for HP-29067.,31,True,web portal,premium care
TKT-00813,2025-01-15T19:48:00Z,referral status,Customer requests administrative referral status for HP-49066.,35,False,email,medicare support
TKT-01357,2025-01-15T19:56:00Z,appointment scheduling,Customer asks about available scheduling options for HP-88809.,24,False,phone,medicare support
TKT-02726,2025-01-15T20:48:00Z,appointment scheduling,Customer asks about available scheduling options for HP-27773.,8,False,email,premium care
TKT-02473,2025-01-15T21:37:00Z,portal access,Customer cannot access the service portal under HP-39805.,5,False,phone,medicare support
TKT-02672,2025-01-15T22:00:00Z,appointment scheduling,Customer asks about available scheduling options for HP-62133.,13,False,phone,employer plan
TKT-00983,2025-01-15T23:42:00Z,appointment scheduling,Caller requests an appointment-time change under HP-38852.,24,False,email,standard
TKT-00600,2025-01-16T02:45:00Z,portal access,Portal password reset requested for HP-23636.,11,False,phone,standard
TKT-00210,2025-01-16T04:06:00Z,billing question,Payment posting question references HP-31711.,72,False,chat,standard
TKT-02358,2025-01-16T12:00:00Z,portal access,Customer reports a locked portal account under HP-35037.,8,False,web portal,premium care
TKT-00101,2025-01-16T12:32:00Z,general inquiry,Customer request requires manual routing under HP-52847.,41,False,email,standard
TKT-01824,2025-01-16T13:05:00Z,prescription refill request,Administrative refill request requires licensed-team review under HP-48581.,115,True,phone,premium care
TKT-01893,2025-01-16T14:40:00Z,appointment scheduling,Administrative scheduling request for reference HP-64838.,18,False,web portal,employer plan
TKT-00177,2025-01-16T17:49:00Z,referral status,Customer asks whether referral paperwork was received for HP-87950.,32,False,phone,premium care
TKT-00878,2025-01-16T17:54:00Z,appointment scheduling,Caller requests an appointment-time change under HP-83226.,27,False,phone,employer plan
TKT-02951,2025-01-17T01:07:00Z,prescription refill request,Refill request status inquiry references HP-56465; no clinical details included.,88,False,email,standard
TKT-01950,2025-01-17T02:05:00Z,insurance eligibility,Employer-plan eligibility status needs validation for HP-29891.,44,False,phone,medicare support
TKT-01179,2025-01-17T02:30:00Z,billing question,Customer requests an explanation of a service charge for HP-77344.,74,False,email,medicare support
TKT-00093,2025-01-17T03:41:00Z,insurance eligibility,Coverage administration question references HP-99875.,69,True,email,standard
TKT-01998,2025-01-17T04:55:00Z,appointment scheduling,Administrative scheduling request for reference HP-52580.,9,False,web portal,premium care
TKT-00672,2025-01-17T06:26:00Z,medical records request,Customer requests records-release instructions under HP-78179.,108,False,web portal,employer plan
TKT-02053,2025-01-17T08:23:00Z,portal access,Portal password reset requested for HP-52338.,9,False,email,medicare support
TKT-01473,2025-01-17T09:03:00Z,appointment scheduling,Customer asks about available scheduling options for HP-91483.,9,False,email,medicare support
TKT-02954,2025-01-17T09:30:00Z,appointment scheduling,Caller requests an appointment-time change under HP-38433.,19,False,email,medicare support
TKT-02247,2025-01-17T10:30:00Z,referral status,Customer requests administrative referral status for HP-58730.,18,False,email,employer plan
TKT-01873,2025-01-17T10:36:00Z,prescription refill request,Refill request status inquiry references HP-40238; no clinical details included.,60,False,web portal,premium care
TKT-02667,2025-01-17T12:26:00Z,portal access,Portal password reset requested for HP-39985.,13,False,web portal,employer plan
TKT-01974,2025-01-17T13:15:00Z,portal access,Customer reports a locked portal account under HP-12987.,9,False,phone,employer plan
TKT-02698,2025-01-17T14:19:00Z,appointment scheduling,Customer asks about available scheduling options for HP-50862.,28,False,phone,premium care
TKT-02106,2025-01-17T14:30:00Z,prescription refill request,Customer asks for refill-request routing under HP-88589.,63,False,email,medicare support
TKT-00476,2025-01-17T17:40:00Z,appointment scheduling,Administrative scheduling request for reference HP-64626.,27,False,email,premium care
TKT-00146,2025-01-17T18:23:00Z,general inquiry,Uncategorized administrative inquiry references HP-25065.,19,False,phone,premium care
TKT-01550,2025-01-17T20:54:00Z,portal access,Customer cannot access the service portal under HP-37518.,8,False,chat,premium care
TKT-00539,2025-01-17T21:23:00Z,billing question,Customer asks about an administrative statement under HP-79042.,35,False,web portal,standard
TKT-02571,2025-01-18T02:03:00Z,billing question,Payment posting question references HP-58618.,64,True,phone,medicare support
TKT-02135,2025-01-18T02:35:00Z,prescription refill request,Refill request status inquiry references HP-42049; no clinical details included.,42,False,phone,standard
TKT-01848,2025-01-18T04:40:00Z,appointment scheduling,Administrative scheduling request for reference HP-83686.,17,False,chat,standard
TKT-02469,2025-01-18T09:04:00Z,appointment scheduling,Administrative scheduling request for reference HP-24148.,24,False,phone,medicare support
TKT-00105,2025-01-18T09:33:00Z,prescription refill request,Customer asks for refill-request routing under HP-85869.,48,False,phone,standard
TKT-01650,2025-01-18T14:27:00Z,appointment scheduling,Administrative scheduling request for reference HP-20539.,12,False,phone,employer plan
TKT-02449,2025-01-18T14:52:00Z,general inquiry,Uncategorized administrative inquiry references HP-60343.,44,False,chat,employer plan
TKT-00163,2025-01-18T20:47:00Z,appointment scheduling,Customer asks about available scheduling options for HP-92252.,22,False,email,standard
TKT-02161,2025-01-18T20:48:00Z,appointment scheduling,Caller requests an appointment-time change under HP-27435.,17,False,web portal,medicare support
TKT-00703,2025-01-18T21:50:00Z,portal access,Customer reports a locked portal account under HP-60928.,7,False,web portal,medicare support
TKT-00338,2025-01-18T23:03:00Z,appointment scheduling,Administrative scheduling request for reference HP-72968.,20,False,phone,employer plan
TKT-00247,2025-01-19T04:29:00Z,appointment scheduling,Customer asks about available scheduling options for HP-63706.,17,False,phone,standard
TKT-00901,2025-01-19T04:52:00Z,portal access,Customer cannot access the service portal under HP-32739.,13,False,web portal,standard
TKT-02305,2025-01-19T04:52:00Z,insurance eligibility,Coverage administration question references HP-72019.,49,False,phone,employer plan
TKT-00300,2025-01-19T05:27:00Z,appointment scheduling,Customer asks about available scheduling options for HP-18630.,22,False,phone,premium care
TKT-01083,2025-01-19T12:12:00Z,referral status,Customer requests administrative referral status for HP-82930.,24,False,phone,standard
TKT-02083,2025-01-19T12:21:00Z,referral status,Referral routing update requested under HP-27325.,52,False,web portal,employer plan
TKT-01167,2025-01-19T12:37:00Z,medical records request,Customer asks which authorization form applies to HP-29845.,79,False,email,employer plan
TKT-02293,2025-01-19T13:33:00Z,appointment scheduling,Caller requests an appointment-time change under HP-39125.,19,False,web portal,standard
TKT-02743,2025-01-19T13:48:00Z,insurance eligibility,Coverage administration question references HP-50830.,56,False,email,premium care
TKT-02391,2025-01-19T14:09:00Z,portal access,Portal password reset requested for HP-67068.,12,False,chat,premium care
TKT-01422,2025-01-19T14:25:00Z,billing question,Customer requests an explanation of a service charge for HP-78062.,45,False,phone,standard
TKT-02420,2025-01-19T19:21:00Z,portal access,Customer reports a locked portal account under HP-96341.,5,False,chat,standard
TKT-02973,2025-01-19T21:31:00Z,portal access,Customer reports a locked portal account under HP-82469.,15,False,web portal,standard
TKT-00227,2025-01-20T00:49:00Z,appointment scheduling,Caller requests an appointment-time change under HP-41022.,53,True,phone,employer plan
TKT-01861,2025-01-20T02:43:00Z,insurance eligibility,Customer requests administrative eligibility verification for HP-91942.,42,False,phone,medicare support
TKT-00705,2025-01-20T02:46:00Z,billing question,Customer asks about an administrative statement under HP-12201.,49,False,phone,premium care
TKT-02879,2025-01-20T03:56:00Z,medical records request,Customer asks which authorization form applies to HP-11844.,113,False,phone,medicare support
TKT-01612,2025-01-20T06:39:00Z,billing question,Customer asks about an administrative statement under HP-38282.,53,False,email,standard
TKT-00758,2025-01-20T09:52:00Z,portal access,Customer cannot access the service portal under HP-82247.,6,False,web portal,standard
TKT-01470,2025-01-20T13:00:00Z,appointment scheduling,Administrative scheduling request for reference HP-62372.,9,False,phone,medicare support
TKT-00773,2025-01-20T14:16:00Z,portal access,Portal password reset requested for HP-44260.,4,False,web portal,standard
TKT-00491,2025-01-20T15:02:00Z,portal access,Customer cannot access the service portal under HP-29450.,16,False,web portal,standard
TKT-00451,2025-01-20T15:42:00Z,medical records request,Records request status inquiry references HP-10165.,105,False,chat,employer plan
TKT-00100,2025-01-20T18:21:00Z,appointment scheduling,Customer asks about available scheduling options for HP-59456.,27,False,phone,employer plan
TKT-02583,2025-01-21T00:08:00Z,medical records request,Customer requests records-release instructions under HP-48078.,73,False,phone,medicare support
TKT-01222,2025-01-21T01:28:00Z,general inquiry,Customer request requires manual routing under HP-25818.,74,False,phone,standard
TKT-00783,2025-01-21T01:42:00Z,general inquiry,Uncategorized administrative inquiry references HP-25954.,67,False,web portal,employer plan
TKT-02014,2025-01-21T01:59:00Z,billing question,Customer requests an explanation of a service charge for HP-37924.,72,False,phone,standard
TKT-02957,2025-01-21T02:05:00Z,insurance eligibility,Customer requests administrative eligibility verification for HP-36147.,93,True,web portal,standard
TKT-00313,2025-01-21T02:57:00Z,portal access,Customer cannot access the service portal under HP-52250.,5,False,chat,medicare support
TKT-01912,2025-01-21T03:48:00Z,appointment scheduling,Customer asks about available scheduling options for HP-85195.,21,False,phone,employer plan
TKT-01071,2025-01-21T09:09:00Z,billing question,Customer asks about an administrative statement under HP-52354.,104,True,phone,standard
TKT-01386,2025-01-21T09:29:00Z,appointment scheduling,Customer asks about available scheduling options for HP-70507.,20,False,phone,premium care
TKT-02438,2025-01-21T11:06:00Z,appointment scheduling,Administrative scheduling request for reference HP-63941.,11,False,chat,standard
TKT-00283,2025-01-21T13:56:00Z,portal access,Customer cannot access the service portal under HP-94641.,6,False,web portal,employer plan
TKT-02148,2025-01-21T14:46:00Z,referral status,Customer asks whether referral paperwork was received for HP-65870.,22,False,phone,standard
TKT-01454,2025-01-21T15:23:00Z,general inquiry,Multi-topic non-clinical inquiry recorded as HP-32079.,32,False,email,standard
TKT-02948,2025-01-21T17:58:00Z,prescription refill request,Administrative refill request requires licensed-team review under HP-64560.,54,False,phone,premium care
TKT-01549,2025-01-21T22:47:00Z,insurance eligibility,Coverage administration question references HP-78979.,52,False,email,employer plan
TKT-01467,2025-01-21T23:17:00Z,portal access,Portal password reset requested for HP-51829.,4,False,email,standard
TKT-00102,2025-01-22T04:39:00Z,portal access,Customer reports a locked portal account under HP-63608.,8,False,email,standard
TKT-02442,2025-01-22T05:19:00Z,insurance eligibility,Customer requests administrative eligibility verification for HP-77886.,40,False,web portal,medicare support
TKT-00202,2025-01-22T05:53:00Z,portal access,Customer reports a locked portal account under HP-86384.,7,False,web portal,standard
TKT-01773,2025-01-22T06:47:00Z,insurance eligibility,Coverage administration question references HP-64103.,43,False,web portal,standard
TKT-02643,2025-01-22T07:24:00Z,appointment scheduling,Customer asks about available scheduling options for HP-49977.,20,False,phone,employer plan
TKT-01659,2025-01-22T10:18:00Z,prescription refill request,Administrative refill request requires licensed-team review under HP-95859.,72,False,phone,employer plan
TKT-01032,2025-01-22T10:32:00Z,billing question,Customer asks about an administrative statement under HP-70955.,41,False,phone,medicare support
TKT-00400,2025-01-22T13:13:00Z,appointment scheduling,Customer asks about available scheduling options for HP-88981.,71,True,email,medicare support
TKT-00296,2025-01-22T14:15:00Z,appointment scheduling,Customer asks about available scheduling options for HP-90738.,66,True,phone,standard
TKT-02193,2025-01-22T15:38:00Z,referral status,Referral routing update requested under HP-84417.,46,True,email,medicare support
TKT-02121,2025-01-22T18:39:00Z,prescription refill request,Customer asks for refill-request routing under HP-36227.,96,True,web portal,standard
TKT-02927,2025-01-22T20:09:00Z,appointment scheduling,Customer asks about available scheduling options for HP-65838.,28,False,web portal,standard
TKT-02298,2025-01-22T23:07:00Z,billing question,Customer requests an explanation of a service charge for HP-43239.,66,False,email,standard
TKT-01774,2025-01-23T00:49:00Z,appointment scheduling,Administrative scheduling request for reference HP-55487.,10,False,phone,standard
TKT-00323,2025-01-23T02:07:00Z,prescription refill request,Customer asks for refill-request routing under HP-80209.,112,True,chat,standard
TKT-01911,2025-01-23T02:24:00Z,referral status,Referral routing update requested under HP-27359.,52,False,phone,premium care
TKT-01316,2025-01-23T04:27:00Z,appointment scheduling,Customer asks about available scheduling options for HP-27448.,21,False,phone,premium care
TKT-02104,2025-01-23T05:01:00Z,insurance eligibility,Employer-plan eligibility status needs validation for HP-88613.,37,False,phone,medicare support
TKT-01790,2025-01-23T05:04:00Z,medical records request,Customer requests records-release instructions under HP-88148.,94,False,email,standard
TKT-00309,2025-01-23T06:45:00Z,billing question,Customer asks about an administrative statement under HP-43765.,35,False,phone,medicare support
TKT-00704,2025-01-23T06:56:00Z,medical records request,Customer asks which authorization form applies to HP-72064.,94,True,email,employer plan
TKT-00662,2025-01-23T08:18:00Z,portal access,Portal password reset requested for HP-31532.,14,False,chat,employer plan
TKT-02969,2025-01-23T08:37:00Z,insurance eligibility,Coverage administration question references HP-72886.,46,False,email,standard
TKT-02339,2025-01-23T10:10:00Z,appointment scheduling,Customer asks about available scheduling options for HP-34006.,27,False,chat,medicare support
TKT-02816,2025-01-23T11:08:00Z,prescription refill request,Administrative refill request requires licensed-team review under HP-13339.,93,False,phone,standard
TKT-00840,2025-01-23T12:20:00Z,insurance eligibility,Customer requests administrative eligibility verification for HP-53381.,70,False,email,employer plan
TKT-00521,2025-01-23T12:56:00Z,referral status,Customer asks whether referral paperwork was received for HP-30146.,73,True,phone,medicare support
TKT-02855,2025-01-23T16:08:00Z,referral status,Customer requests administrative referral status for HP-23559.,30,False,phone,standard
TKT-01916,2025-01-23T16:53:00Z,insurance eligibility,Employer-plan eligibility status needs validation for HP-25575.,81,True,phone,standard
TKT-00859,2025-01-23T19:03:00Z,appointment scheduling,Customer asks about available scheduling options for HP-84461.,25,False,phone,employer plan
TKT-01631,2025-01-23T19:27:00Z,billing question,Customer asks about an administrative statement under HP-46949.,74,True,phone,medicare support
TKT-02949,2025-01-23T22:14:00Z,appointment scheduling,Caller requests an appointment-time change under HP-79311.,9,False,phone,medicare support
TKT-00251,2025-01-23T23:26:00Z,billing question,Customer requests an explanation of a service charge for HP-43435.,98,True,email,employer plan
TKT-01138,2025-01-23T23:54:00Z,appointment scheduling,Caller requests an appointment-time change under HP-66703.,56,True,phone,employer plan
TKT-01674,2025-01-24T00:08:00Z,appointment scheduling,Administrative scheduling request for reference HP-38413.,19,False,web portal,medicare support
TKT-01608,2025-01-24T00:34:00Z,appointment scheduling,Customer asks about available scheduling options for HP-72064.,19,False,chat,employer plan
TKT-00762,2025-01-24T01:24:00Z,medical records request,Customer requests records-release instructions under HP-42196.,107,True,email,medicare support
TKT-01759,2025-01-24T04:52:00Z,portal access,Portal password reset requested for HP-23711.,16,False,phone,standard
TKT-00087,2025-01-24T05:26:00Z,insurance eligibility,Coverage administration question references HP-80738.,44,False,email,standard
TKT-01193,2025-01-24T08:18:00Z,portal access,Customer cannot access the service portal under HP-68769.,46,True,web portal,employer plan
TKT-00633,2025-01-24T11:12:00Z,referral status,Customer requests administrative referral status for HP-28282.,52,False,web portal,employer plan
TKT-00529,2025-01-24T11:23:00Z,medical records request,Records request status inquiry references HP-49283.,67,False,email,standard
TKT-01637,2025-01-24T15:22:00Z,appointment scheduling,Caller requests an appointment-time change under HP-65255.,21,False,phone,standard
TKT-00281,2025-01-24T15:51:00Z,appointment scheduling,Customer asks about available scheduling options for HP-89631.,13,False,phone,standard
TKT-01385,2025-01-24T17:16:00Z,referral status,Customer requests administrative referral status for HP-36762.,53,False,chat,employer plan
TKT-01811,2025-01-24T17:39:00Z,portal access,Portal password reset requested for HP-42154.,8,False,web portal,standard
TKT-00382,2025-01-24T17:57:00Z,billing question,Customer asks about an administrative statement under HP-21594.,51,False,phone,employer plan
TKT-00687,2025-01-24T18:34:00Z,appointment scheduling,Caller requests an appointment-time change under HP-41683.,25,False,email,medicare support
TKT-00078,2025-01-24T19:14:00Z,appointment scheduling,Administrative scheduling request for reference HP-52874.,22,False,phone,employer plan
TKT-01330,2025-01-24T20:43:00Z,billing question,Customer requests an explanation of a service charge for HP-20859.,39,False,email,employer plan
TKT-01168,2025-01-24T20:48:00Z,portal access,Customer reports a locked portal account under HP-19244.,7,False,chat,medicare support
TKT-01125,2025-01-24T21:09:00Z,referral status,Customer asks whether referral paperwork was received for HP-26602.,55,True,web portal,standard
TKT-00324,2025-01-24T21:47:00Z,appointment scheduling,Caller requests an appointment-time change under HP-20116.,24,False,email,premium care
TKT-00191,2025-01-24T22:40:00Z,appointment scheduling,Caller requests an appointment-time change under HP-53067.,31,True,web portal,employer plan
TKT-00554,2025-01-25T00:57:00Z,referral status,Customer asks whether referral paperwork was received for HP-58223.,36,False,web portal,medicare support
TKT-02321,2025-01-25T02:14:00Z,medical records request,Customer requests records-release instructions under HP-18034.,67,True,email,standard
TKT-02866,2025-01-25T02:59:00Z,portal access,Customer reports a locked portal account under HP-86864.,11,False,web portal,standard
TKT-01154,2025-01-25T04:24:00Z,prescription refill request,Administrative refill request requires licensed-team review under HP-29297.,55,False,phone,standard
TKT-01857,2025-01-25T05:13:00Z,portal access,Customer reports a locked portal account under HP-96669.,15,False,phone,standard
TKT-02966,2025-01-25T06:26:00Z,insurance eligibility,Coverage administration question references HP-59730.,48,False,chat,employer plan
TKT-01110,2025-01-25T07:41:00Z,appointment scheduling,Customer asks about available scheduling options for HP-84151.,16,False,phone,standard
TKT-00630,2025-01-25T10:16:00Z,appointment scheduling,Administrative scheduling request for reference HP-47519.,69,True,phone,premium care
TKT-00176,2025-01-25T12:48:00Z,portal access,Customer cannot access the service portal under HP-12573.,6,False,web portal,premium care
TKT-02822,2025-01-25T20:09:00Z,appointment scheduling,Administrative scheduling request for reference HP-91514.,19,False,phone,medicare support
TKT-00190,2025-01-25T20:57:00Z,insurance eligibility,Employer-plan eligibility status needs validation for HP-46446.,99,True,phone,employer plan
TKT-01932,2025-01-25T22:48:00Z,general inquiry,Uncategorized administrative inquiry references HP-40547.,61,False,email,standard
TKT-02589,2025-01-26T01:22:00Z,billing question,Customer asks about an administrative statement under HP-51613.,75,False,web portal,standard
TKT-00606,2025-01-26T02:25:00Z,portal access,Customer cannot access the service portal under HP-43549.,16,False,web portal,standard
TKT-01567,2025-01-26T03:05:00Z,billing question,Customer requests an explanation of a service charge for HP-59793.,72,False,email,standard
TKT-02677,2025-01-26T03:13:00Z,billing question,Customer requests an explanation of a service charge for HP-86533.,54,False,email,medicare support
TKT-02545,2025-01-26T04:52:00Z,referral status,Referral routing update requested under HP-59549.,38,False,chat,employer plan
TKT-02139,2025-01-26T06:06:00Z,insurance eligibility,Coverage administration question references HP-21023.,75,False,phone,employer plan
TKT-01137,2025-01-26T06:33:00Z,referral status,Customer requests administrative referral status for HP-79177.,55,False,phone,premium care
TKT-01894,2025-01-26T06:41:00Z,appointment scheduling,Administrative scheduling request for reference HP-71800.,9,False,email,standard
TKT-01023,2025-01-26T07:34:00Z,referral status,Customer asks whether referral paperwork was received for HP-58670.,24,False,web portal,standard
TKT-00320,2025-01-26T11:18:00Z,insurance eligibility,Customer requests administrative eligibility verification for HP-91481.,69,False,phone,premium care
TKT-02870,2025-01-26T11:58:00Z,prescription refill request,Administrative refill request requires licensed-team review under HP-51440.,37,False,email,employer plan
TKT-00895,2025-01-26T14:07:00Z,insurance eligibility,Customer requests administrative eligibility verification for HP-17975.,67,False,phone,employer plan
TKT-01034,2025-01-26T14:51:00Z,insurance eligibility,Customer requests administrative eligibility verification for HP-28796.,71,True,web portal,standard
TKT-01387,2025-01-26T15:12:00Z,appointment scheduling,Administrative scheduling request for reference HP-84080.,11,False,phone,medicare support
TKT-02540,2025-01-26T16:31:00Z,insurance eligibility,Coverage administration question references HP-48050.,49,False,email,employer plan
TKT-02553,2025-01-26T16:57:00Z,insurance eligibility,Customer requests administrative eligibility verification for HP-65814.,81,False,email,standard
TKT-00924,2025-01-26T21:21:00Z,prescription refill request,Customer asks for refill-request routing under HP-71418.,135,True,phone,standard
TKT-01411,2025-01-26T23:11:00Z,appointment scheduling,Caller requests an appointment-time change under HP-60194.,16,False,phone,standard
TKT-01996,2025-01-26T23:43:00Z,portal access,Customer reports a locked portal account under HP-53393.,15,False,web portal,employer plan
TKT-02055,2025-01-27T00:00:00Z,insurance eligibility,Coverage administration question references HP-65519.,107,True,email,premium care
TKT-02065,2025-01-27T00:45:00Z,portal access,Customer cannot access the service portal under HP-59673.,5,False,email,premium care
TKT-00110,2025-01-27T00:59:00Z,appointment scheduling,Administrative scheduling request for reference HP-46712.,21,False,phone,standard
TKT-02636,2025-01-27T04:34:00Z,appointment scheduling,Administrative scheduling request for reference HP-72961.,10,False,email,premium care
TKT-00419,2025-01-27T05:02:00Z,billing question,Customer requests an explanation of a service charge for HP-12345.,52,False,chat,premium care
TKT-00611,2025-01-27T10:28:00Z,billing question,Customer requests an explanation of a service charge for HP-49471.,58,True,email,medicare support
TKT-01803,2025-01-27T10:48:00Z,portal access,Portal password reset requested for HP-87020.,12,False,web portal,standard
TKT-01258,2025-01-27T10:57:00Z,portal access,Portal password reset requested for HP-21372.,11,False,web portal,medicare support
TKT-02696,2025-01-27T13:14:00Z,portal access,Customer cannot access the service portal under HP-53017.,16,False,chat,standard
TKT-00713,2025-01-27T14:13:00Z,billing question,Customer asks about an administrative statement under HP-27271.,68,False,web portal,employer plan
TKT-00023,2025-01-27T14:17:00Z,referral status,Customer requests administrative referral status for HP-80369.,34,False,email,medicare support
TKT-02155,2025-01-27T15:38:00Z,medical records request,Records request status inquiry references HP-37142.,113,True,chat,employer plan
TKT-02727,2025-01-27T16:09:00Z,insurance eligibility,Customer requests administrative eligibility verification for HP-44913.,41,False,phone,standard
TKT-02149,2025-01-27T16:25:00Z,appointment scheduling,Customer asks about available scheduling options for HP-91827.,18,False,phone,medicare support
TKT-00884,2025-01-27T17:33:00Z,appointment scheduling,Caller requests an appointment-time change under HP-31508.,23,False,web portal,employer plan
TKT-01393,2025-01-27T21:30:00Z,prescription refill request,Refill request status inquiry references HP-23208; no clinical details included.,109,True,phone,premium care
TKT-01747,2025-01-27T22:15:00Z,portal access,Customer reports a locked portal account under HP-77762.,11,False,web portal,standard
TKT-02045,2025-01-28T03:12:00Z,prescription refill request,Refill request status inquiry references HP-19669; no clinical details included.,35,False,phone,standard
TKT-00416,2025-01-28T03:53:00Z,appointment scheduling,Caller requests an appointment-time change under HP-55314.,10,False,phone,premium care
TKT-00915,2025-01-28T04:12:00Z,referral status,Customer requests administrative referral status for HP-19490.,43,False,email,standard
TKT-02325,2025-01-28T04:39:00Z,portal access,Customer reports a locked portal account under HP-92807.,15,False,chat,standard
TKT-00445,2025-01-28T05:56:00Z,appointment scheduling,Customer asks about available scheduling options for HP-26219.,18,False,chat,premium care
TKT-02455,2025-01-28T07:45:00Z,prescription refill request,Refill request status inquiry references HP-11982; no clinical details included.,91,False,phone,medicare support
TKT-02173,2025-01-28T08:12:00Z,billing question,Payment posting question references HP-28226.,61,False,email,standard
TKT-00005,2025-01-28T08:16:00Z,appointment scheduling,Administrative scheduling request for reference HP-67908.,23,False,phone,standard
TKT-00433,2025-01-28T09:43:00Z,portal access,Customer reports a locked portal account under HP-47622.,13,False,web portal,employer plan
TKT-01988,2025-01-28T13:28:00Z,appointment scheduling,Administrative scheduling request for reference HP-32064.,14,False,phone,standard
TKT-02683,2025-01-28T14:30:00Z,prescription refill request,Administrative refill request requires licensed-team review under HP-60436.,82,True,phone,premium care
TKT-02576,2025-01-28T16:25:00Z,referral status,Customer requests administrative referral status for HP-51139.,31,False,phone,standard
TKT-00234,2025-01-28T22:29:00Z,billing question,Payment posting question references HP-88958.,124,True,phone,standard
TKT-00244,2025-01-28T23:59:00Z,insurance eligibility,Employer-plan eligibility status needs validation for HP-99646.,84,False,phone,medicare support
TKT-00589,2025-01-29T01:13:00Z,portal access,Customer reports a locked portal account under HP-35513.,4,False,web portal,medicare support
TKT-02390,2025-01-29T01:51:00Z,referral status,Customer requests administrative referral status for HP-96866.,27,False,phone,employer plan
TKT-01896,2025-01-29T06:18:00Z,medical records request,Customer requests records-release instructions under HP-27207.,70,False,email,medicare support
TKT-01067,2025-01-29T06:57:00Z,prescription refill request,Refill request status inquiry references HP-49517; no clinical details included.,52,False,web portal,premium care
TKT-02369,2025-01-29T08:30:00Z,portal access,Customer cannot access the service portal under HP-93358.,6,False,web portal,medicare support
TKT-01418,2025-01-29T09:25:00Z,portal access,Portal password reset requested for HP-85565.,16,False,web portal,medicare support
TKT-02899,2025-01-29T11:14:00Z,billing question,Customer requests an explanation of a service charge for HP-82469.,43,False,phone,premium care
TKT-01217,2025-01-29T11:56:00Z,referral status,Customer asks whether referral paperwork was received for HP-83440.,25,False,phone,employer plan
TKT-01435,2025-01-29T12:04:00Z,insurance eligibility,Customer requests administrative eligibility verification for HP-13394.,73,True,phone,standard
TKT-02963,2025-01-29T14:28:00Z,prescription refill request,Customer asks for refill-request routing under HP-69746.,86,True,phone,employer plan
TKT-01004,2025-01-29T15:38:00Z,general inquiry,Customer request requires manual routing under HP-83215.,81,False,web portal,standard
TKT-01212,2025-01-29T18:50:00Z,appointment scheduling,Caller requests an appointment-time change under HP-96523.,15,False,phone,employer plan
TKT-00659,2025-01-29T20:54:00Z,insurance eligibility,Coverage administration question references HP-58116.,45,False,phone,standard
TKT-01104,2025-01-29T22:54:00Z,referral status,Referral routing update requested under HP-28965.,22,False,email,premium care
TKT-00413,2025-01-29T23:16:00Z,insurance eligibility,Employer-plan eligibility status needs validation for HP-42694.,75,False,phone,premium care
TKT-02213,2025-01-30T00:21:00Z,medical records request,Customer asks which authorization form applies to HP-88541.,85,False,email,standard
TKT-00817,2025-01-30T00:44:00Z,portal access,Customer reports a locked portal account under HP-16511.,12,False,web portal,standard
TKT-02570,2025-01-30T04:23:00Z,prescription refill request,Customer asks for refill-request routing under HP-22123.,48,False,web portal,standard
TKT-01784,2025-01-30T05:12:00Z,appointment scheduling,Administrative scheduling request for reference HP-36813.,10,False,web portal,employer plan
TKT-01267,2025-01-30T06:46:00Z,general inquiry,Multi-topic non-clinical inquiry recorded as HP-97504.,65,False,email,premium care
TKT-00316,2025-01-30T09:09:00Z,medical records request,Customer asks which authorization form applies to HP-68949.,53,False,email,premium care
TKT-01389,2025-01-30T10:15:00Z,medical records request,Customer asks which authorization form applies to HP-26820.,105,True,email,standard
TKT-01173,2025-01-30T15:09:00Z,prescription refill request,Refill request status inquiry references HP-75459; no clinical details included.,114,True,phone,employer plan
TKT-01468,2025-01-30T15:19:00Z,medical records request,Records request status inquiry references HP-90588.,45,False,email,standard
TKT-01559,2025-01-30T17:19:00Z,referral status,Customer requests administrative referral status for HP-87288.,39,False,phone,employer plan
TKT-02312,2025-01-30T18:02:00Z,insurance eligibility,Coverage administration question references HP-21266.,115,True,chat,standard
TKT-01297,2025-01-30T18:46:00Z,billing question,Customer asks about an administrative statement under HP-65234.,40,False,chat,employer plan
TKT-02765,2025-01-30T20:09:00Z,insurance eligibility,Employer-plan eligibility status needs validation for HP-29734.,36,False,phone,employer plan
TKT-01215,2025-01-30T21:27:00Z,appointment scheduling,Customer asks about available scheduling options for HP-41159.,9,False,web portal,standard
TKT-01897,2025-01-30T22:37:00Z,insurance eligibility,Customer requests administrative eligibility verification for HP-62081.,67,False,web portal,employer plan
TKT-00714,2025-01-30T22:43:00Z,appointment scheduling,Caller requests an appointment-time change under HP-52477.,22,False,phone,standard
TKT-01262,2025-01-30T23:10:00Z,billing question,Payment posting question references HP-12233.,31,False,phone,standard
TKT-02657,2025-01-30T23:54:00Z,billing question,Customer asks about an administrative statement under HP-90408.,83,True,web portal,premium care
TKT-01423,2025-01-31T00:18:00Z,appointment scheduling,Administrative scheduling request for reference HP-46537.,8,False,phone,employer plan
TKT-02836,2025-01-31T01:00:00Z,prescription refill request,Refill request status inquiry references HP-96230; no clinical details included.,79,False,phone,standard
TKT-00141,2025-01-31T02:59:00Z,referral status,Referral routing update requested under HP-32989.,27,False,phone,employer plan
TKT-00522,2025-01-31T04:16:00Z,appointment scheduling,Administrative scheduling request for reference HP-88832.,21,False,web portal,medicare support
TKT-00349,2025-01-31T05:00:00Z,insurance eligibility,Customer requests administrative eligibility verification for HP-77543.,30,False,phone,medicare support
TKT-00166,2025-01-31T05:47:00Z,billing question,Payment posting question references HP-52937.,35,False,web portal,premium care
TKT-01238,2025-01-31T06:27:00Z,portal access,Portal password reset requested for HP-50002.,10,False,phone,standard
TKT-00903,2025-01-31T06:43:00Z,referral status,Referral routing update requested under HP-28148.,25,False,web portal,employer plan
TKT-01496,2025-01-31T07:53:00Z,appointment scheduling,Caller requests an appointment-time change under HP-95575.,19,False,phone,standard
TKT-02251,2025-01-31T10:19:00Z,medical records request,Customer asks which authorization form applies to HP-43022.,137,True,email,medicare support
TKT-01794,2025-01-31T10:54:00Z,appointment scheduling,Caller requests an appointment-time change under HP-35244.,16,False,email,medicare support
TKT-01754,2025-01-31T12:02:00Z,general inquiry,Uncategorized administrative inquiry references HP-42573.,111,True,phone,standard
TKT-00088,2025-01-31T12:39:00Z,insurance eligibility,Customer requests administrative eligibility verification for HP-72176.,61,False,web portal,medicare support
TKT-01002,2025-01-31T14:08:00Z,portal access,Customer cannot access the service portal under HP-70478.,7,False,chat,standard
TKT-00138,2025-01-31T14:13:00Z,prescription refill request,Customer asks for refill-request routing under HP-32540.,96,True,chat,medicare support
TKT-01765,2025-01-31T14:29:00Z,insurance eligibility,Customer requests administrative eligibility verification for HP-15817.,99,True,phone,employer plan
TKT-02218,2025-01-31T15:15:00Z,appointment scheduling,Caller requests an appointment-time change under HP-38731.,19,False,email,medicare support
TKT-00555,2025-01-31T15:59:00Z,appointment scheduling,Caller requests an appointment-time change under HP-54373.,11,False,phone,standard
TKT-01758,2025-01-31T16:34:00Z,referral status,Customer asks whether referral paperwork was received for HP-87046.,25,False,email,employer plan
TKT-02064,2025-01-31T16:35:00Z,referral status,Referral routing update requested under HP-65539.,23,False,web portal,medicare support
TKT-01871,2025-01-31T16:42:00Z,portal access,Customer reports a locked portal account under HP-93017.,6,False,web portal,standard
TKT-00993,2025-01-31T17:23:00Z,general inquiry,Customer request requires manual routing under HP-69143.,12,False,web portal,medicare support
TKT-00845,2025-01-31T18:26:00Z,prescription refill request,Customer asks for refill-request routing under HP-43067.,140,True,email,standard
TKT-01458,2025-01-31T23:57:00Z,medical records request,Customer requests records-release instructions under HP-95388.,96,False,email,medicare support
TKT-01684,2025-02-01T04:34:00Z,referral status,Customer requests administrative referral status for HP-43773.,39,False,web portal,medicare support
TKT-01164,2025-02-01T04:41:00Z,appointment scheduling,Administrative scheduling request for reference HP-25147.,20,False,phone,medicare support
TKT-01142,2025-02-01T04:51:00Z,appointment scheduling,Caller requests an appointment-time change under HP-59821.,13,False,phone,standard
TKT-00534,2025-02-01T06:31:00Z,insurance eligibility,Coverage administration question references HP-11738.,33,False,phone,premium care
TKT-02406,2025-02-01T08:05:00Z,portal access,Customer cannot access the service portal under HP-32821.,5,False,web portal,medicare support
TKT-01992,2025-02-01T08:10:00Z,insurance eligibility,Coverage administration question references HP-18975.,46,False,email,employer plan
TKT-00987,2025-02-01T08:25:00Z,medical records request,Customer requests records-release instructions under HP-34712.,134,True,email,standard
TKT-02299,2025-02-01T10:49:00Z,portal access,Portal password reset requested for HP-49338.,6,False,phone,employer plan
TKT-02526,2025-02-01T11:52:00Z,referral status,Referral routing update requested under HP-55712.,29,False,phone,medicare support
TKT-02141,2025-02-01T12:16:00Z,prescription refill request,Refill request status inquiry references HP-58283; no clinical details included.,66,True,email,standard
TKT-00775,2025-02-01T14:59:00Z,appointment scheduling,Caller requests an appointment-time change under HP-15933.,13,False,email,employer plan
TKT-00973,2025-02-01T15:06:00Z,appointment scheduling,Customer asks about available scheduling options for HP-55215.,22,False,phone,employer plan
TKT-02365,2025-02-01T16:44:00Z,prescription refill request,Customer asks for refill-request routing under HP-37314.,52,False,email,medicare support
TKT-01934,2025-02-01T17:48:00Z,billing question,Customer requests an explanation of a service charge for HP-22016.,31,False,email,standard
TKT-00418,2025-02-01T19:29:00Z,portal access,Customer reports a locked portal account under HP-56406.,4,False,web portal,standard
TKT-01408,2025-02-01T23:01:00Z,billing question,Payment posting question references HP-13827.,63,False,phone,employer plan
TKT-02400,2025-02-02T00:28:00Z,insurance eligibility,Employer-plan eligibility status needs validation for HP-76093.,71,True,web portal,employer plan
TKT-00526,2025-02-02T01:33:00Z,prescription refill request,Administrative refill request requires licensed-team review under HP-46099.,91,False,web portal,standard
TKT-00805,2025-02-02T03:27:00Z,insurance eligibility,Customer requests administrative eligibility verification for HP-98362.,82,False,web portal,employer plan
TKT-00130,2025-02-02T04:17:00Z,appointment scheduling,Caller requests an appointment-time change under HP-67984.,9,False,chat,standard
TKT-00329,2025-02-02T04:41:00Z,prescription refill request,Administrative refill request requires licensed-team review under HP-23714.,79,True,web portal,standard
TKT-01052,2025-02-02T05:56:00Z,appointment scheduling,Administrative scheduling request for reference HP-40752.,27,False,web portal,standard
TKT-02617,2025-02-02T05:57:00Z,appointment scheduling,Customer asks about available scheduling options for HP-76897.,11,False,chat,medicare support
TKT-02415,2025-02-02T05:59:00Z,prescription refill request,Customer asks for refill-request routing under HP-44828.,39,False,email,employer plan
TKT-00448,2025-02-02T06:41:00Z,prescription refill request,Administrative refill request requires licensed-team review under HP-82466.,52,False,phone,employer plan
TKT-00888,2025-02-02T08:56:00Z,prescription refill request,Administrative refill request requires licensed-team review under HP-56274.,96,True,phone,standard
TKT-02112,2025-02-02T13:09:00Z,medical records request,Customer requests records-release instructions under HP-98589.,99,False,email,employer plan
TKT-02500,2025-02-02T15:52:00Z,prescription refill request,Customer asks for refill-request routing under HP-29355.,80,False,phone,medicare support
TKT-01443,2025-02-02T18:00:00Z,appointment scheduling,Administrative scheduling request for reference HP-38397.,23,False,web portal,standard
TKT-02566,2025-02-02T19:14:00Z,insurance eligibility,Customer requests administrative eligibility verification for HP-26321.,71,False,phone,medicare support
TKT-00339,2025-02-02T22:26:00Z,prescription refill request,Refill request status inquiry references HP-62407; no clinical details included.,57,False,phone,medicare support
TKT-00743,2025-02-03T02:45:00Z,portal access,Customer cannot access the service portal under HP-87093.,12,False,phone,standard
TKT-00343,2025-02-03T04:14:00Z,portal access,Customer reports a locked portal account under HP-90837.,5,False,web portal,employer plan
TKT-00423,2025-02-03T04:19:00Z,referral status,Customer requests administrative referral status for HP-57112.,22,False,email,standard
TKT-02565,2025-02-03T07:26:00Z,appointment scheduling,Administrative scheduling request for reference HP-92066.,14,False,phone,standard
TKT-01182,2025-02-03T09:28:00Z,insurance eligibility,Employer-plan eligibility status needs validation for HP-65691.,70,True,email,medicare support
TKT-00716,2025-02-03T10:10:00Z,insurance eligibility,Coverage administration question references HP-82947.,54,False,web portal,standard
TKT-00660,2025-02-03T10:46:00Z,portal access,Customer reports a locked portal account under HP-77324.,11,False,web portal,standard
TKT-01601,2025-02-03T11:40:00Z,portal access,Customer cannot access the service portal under HP-89835.,4,False,email,standard
TKT-00270,2025-02-03T11:50:00Z,portal access,Portal password reset requested for HP-15148.,14,False,web portal,standard
TKT-00471,2025-02-03T12:32:00Z,insurance eligibility,Customer requests administrative eligibility verification for HP-28150.,89,True,email,employer plan
TKT-02392,2025-02-03T12:38:00Z,insurance eligibility,Employer-plan eligibility status needs validation for HP-75220.,60,False,web portal,standard
TKT-00905,2025-02-03T13:05:00Z,insurance eligibility,Employer-plan eligibility status needs validation for HP-59934.,82,False,chat,standard
TKT-01306,2025-02-03T14:19:00Z,medical records request,Customer asks which authorization form applies to HP-62659.,70,False,email,employer plan
TKT-01231,2025-02-03T14:29:00Z,billing question,Customer asks about an administrative statement under HP-77145.,57,False,phone,employer plan
TKT-00389,2025-02-03T16:51:00Z,insurance eligibility,Coverage administration question references HP-47638.,78,False,email,employer plan
TKT-02725,2025-02-03T17:36:00Z,general inquiry,Multi-topic non-clinical inquiry recorded as HP-86805.,63,True,chat,premium care
TKT-02185,2025-02-03T21:05:00Z,billing question,Customer asks about an administrative statement under HP-73500.,68,False,web portal,premium care
TKT-01428,2025-02-03T21:20:00Z,insurance eligibility,Coverage administration question references HP-57253.,80,True,phone,medicare support
TKT-02436,2025-02-03T21:35:00Z,appointment scheduling,Customer asks about available scheduling options for HP-39655.,19,False,chat,standard
TKT-02421,2025-02-03T22:25:00Z,referral status,Referral routing update requested under HP-57930.,37,False,web portal,employer plan
TKT-01980,2025-02-03T22:59:00Z,referral status,Customer requests administrative referral status for HP-18320.,29,False,email,standard
TKT-00462,2025-02-03T23:54:00Z,portal access,Customer cannot access the service portal under HP-71818.,6,False,chat,employer plan
TKT-01421,2025-02-04T02:18:00Z,portal access,Customer cannot access the service portal under HP-13722.,8,False,web portal,medicare support
TKT-02522,2025-02-04T03:43:00Z,insurance eligibility,Employer-plan eligibility status needs validation for HP-76198.,51,False,web portal,employer plan
TKT-00370,2025-02-04T07:11:00Z,prescription refill request,Administrative refill request requires licensed-team review under HP-30233.,92,False,chat,standard
TKT-02511,2025-02-04T08:03:00Z,general inquiry,Multi-topic non-clinical inquiry recorded as HP-10046.,42,False,phone,standard
TKT-00896,2025-02-04T08:07:00Z,portal access,Portal password reset requested for HP-62094.,14,False,web portal,medicare support
TKT-00154,2025-02-04T09:45:00Z,appointment scheduling,Administrative scheduling request for reference HP-86748.,19,False,phone,standard
TKT-01009,2025-02-04T10:01:00Z,referral status,Customer requests administrative referral status for HP-53296.,38,False,email,standard
TKT-00576,2025-02-04T11:15:00Z,appointment scheduling,Customer asks about available scheduling options for HP-64215.,23,False,phone,medicare support
TKT-00620,2025-02-04T12:12:00Z,portal access,Portal password reset requested for HP-26264.,14,False,chat,standard
TKT-01345,2025-02-04T12:27:00Z,referral status,Customer asks whether referral paperwork was received for HP-68966.,25,False,email,employer plan
TKT-02063,2025-02-04T13:08:00Z,prescription refill request,Administrative refill request requires licensed-team review under HP-54928.,64,False,phone,premium care
TKT-01118,2025-02-04T15:46:00Z,insurance eligibility,Employer-plan eligibility status needs validation for HP-20473.,82,False,email,employer plan
TKT-00123,2025-02-04T16:47:00Z,appointment scheduling,Customer asks about available scheduling options for HP-79293.,26,False,web portal,medicare support
TKT-02235,2025-02-04T18:43:00Z,insurance eligibility,Customer requests administrative eligibility verification for HP-45860.,77,False,phone,standard
TKT-00747,2025-02-04T19:57:00Z,appointment scheduling,Customer asks about available scheduling options for HP-91795.,34,True,web portal,standard
TKT-00226,2025-02-04T20:04:00Z,insurance eligibility,Employer-plan eligibility status needs validation for HP-73663.,78,False,email,medicare support
TKT-00852,2025-02-04T20:39:00Z,portal access,Portal password reset requested for HP-11617.,11,False,email,medicare support
TKT-00205,2025-02-04T21:31:00Z,insurance eligibility,Employer-plan eligibility status needs validation for HP-14373.,84,True,phone,standard
TKT-00377,2025-02-04T21:31:00Z,portal access,Portal password reset requested for HP-14901.,5,False,email,medicare support
TKT-02782,2025-02-04T21:42:00Z,portal access,Portal password reset requested for HP-10538.,13,False,web portal,standard
TKT-00528,2025-02-04T22:08:00Z,portal access,Portal password reset requested for HP-16013.,14,False,phone,premium care
TKT-01343,2025-02-04T23:17:00Z,appointment scheduling,Customer asks about available scheduling options for HP-28806.,14,False,phone,standard
TKT-02428,2025-02-04T23:37:00Z,insurance eligibility,Coverage administration question references HP-96069.,87,True,phone,premium care
TKT-02102,2025-02-05T02:59:00Z,billing question,Customer asks about an administrative statement under HP-15351.,96,True,phone,premium care
TKT-01221,2025-02-05T03:00:00Z,prescription refill request,Refill request status inquiry references HP-21588; no clinical details included.,80,False,web portal,employer plan
TKT-02800,2025-02-05T03:58:00Z,portal access,Customer cannot access the service portal under HP-72479.,12,False,web portal,standard
TKT-01714,2025-02-05T08:52:00Z,portal access,Customer reports a locked portal account under HP-81123.,12,False,email,standard
TKT-01427,2025-02-05T10:03:00Z,appointment scheduling,Caller requests an appointment-time change under HP-61627.,24,False,phone,employer plan
TKT-02496,2025-02-05T10:04:00Z,portal access,Portal password reset requested for HP-34549.,11,False,web portal,employer plan
TKT-00013,2025-02-05T10:11:00Z,portal access,Customer cannot access the service portal under HP-78310.,4,False,chat,standard
TKT-02713,2025-02-05T10:36:00Z,billing question,Customer requests an explanation of a service charge for HP-79413.,26,False,email,employer plan
TKT-01969,2025-02-05T11:02:00Z,prescription refill request,Refill request status inquiry references HP-93076; no clinical details included.,50,False,chat,standard
TKT-01263,2025-02-05T17:41:00Z,prescription refill request,Administrative refill request requires licensed-team review under HP-97759.,36,False,phone,employer plan
TKT-02664,2025-02-05T17:47:00Z,insurance eligibility,Employer-plan eligibility status needs validation for HP-10582.,83,True,phone,employer plan
TKT-01001,2025-02-05T17:57:00Z,insurance eligibility,Customer requests administrative eligibility verification for HP-18780.,135,True,chat,standard
TKT-01112,2025-02-05T19:10:00Z,medical records request,Customer asks which authorization form applies to HP-14226.,68,False,email,premium care
TKT-02255,2025-02-05T19:19:00Z,appointment scheduling,Administrative scheduling request for reference HP-32932.,19,False,phone,standard
TKT-02314,2025-02-05T19:30:00Z,billing question,Payment posting question references HP-39764.,39,False,email,standard
TKT-00733,2025-02-05T20:22:00Z,portal access,Customer reports a locked portal account under HP-67431.,7,False,chat,medicare support
TKT-00437,2025-02-05T20:27:00Z,general inquiry,Uncategorized administrative inquiry references HP-44670.,78,False,phone,employer plan
TKT-00472,2025-02-05T20:49:00Z,appointment scheduling,Caller requests an appointment-time change under HP-20868.,19,False,email,premium care
TKT-02937,2025-02-05T21:52:00Z,general inquiry,Uncategorized administrative inquiry references HP-77681.,72,False,phone,standard
TKT-00059,2025-02-05T22:15:00Z,billing question,Payment posting question references HP-59149.,44,False,phone,medicare support
TKT-01537,2025-02-05T23:15:00Z,insurance eligibility,Employer-plan eligibility status needs validation for HP-18073.,78,False,chat,employer plan
TKT-00715,2025-02-06T01:54:00Z,prescription refill request,Customer asks for refill-request routing under HP-54657.,91,False,email,standard
TKT-01957,2025-02-06T03:10:00Z,appointment scheduling,Customer asks about available scheduling options for HP-70806.,18,False,chat,employer plan
TKT-00828,2025-02-06T05:09:00Z,prescription refill request,Customer asks for refill-request routing under HP-17954.,96,True,chat,standard
TKT-01905,2025-02-06T09:32:00Z,referral status,Customer requests administrative referral status for HP-24896.,47,False,web portal,premium care
TKT-02357,2025-02-06T10:26:00Z,appointment scheduling,Caller requests an appointment-time change under HP-80014.,11,False,phone,standard
TKT-00403,2025-02-06T10:38:00Z,appointment scheduling,Customer asks about available scheduling options for HP-77302.,28,False,email,medicare support
TKT-02510,2025-02-06T14:35:00Z,insurance eligibility,Coverage administration question references HP-89323.,38,False,phone,standard
TKT-01798,2025-02-06T14:57:00Z,appointment scheduling,Administrative scheduling request for reference HP-21120.,14,False,phone,standard
TKT-02754,2025-02-06T15:18:00Z,appointment scheduling,Customer asks about available scheduling options for HP-48282.,34,True,phone,medicare support
TKT-02749,2025-02-06T15:20:00Z,prescription refill request,Administrative refill request requires licensed-team review under HP-74653.,62,True,phone,standard
TKT-01426,2025-02-06T15:31:00Z,portal access,Portal password reset requested for HP-78790.,13,False,web portal,premium care
TKT-02916,2025-02-06T15:53:00Z,billing question,Payment posting question references HP-76199.,75,False,email,employer plan
TKT-00145,2025-02-06T16:14:00Z,appointment scheduling,Caller requests an appointment-time change under HP-40642.,20,False,phone,standard
TKT-02945,2025-02-06T16:24:00Z,general inquiry,Customer request requires manual routing under HP-32176.,42,False,email,medicare support
TKT-01783,2025-02-06T22:29:00Z,appointment scheduling,Caller requests an appointment-time change under HP-95571.,65,True,phone,standard
TKT-01163,2025-02-07T03:10:00Z,appointment scheduling,Caller requests an appointment-time change under HP-21949.,22,False,phone,medicare support
TKT-01712,2025-02-07T04:00:00Z,appointment scheduling,Administrative scheduling request for reference HP-87625.,21,False,email,standard
TKT-02364,2025-02-07T06:36:00Z,appointment scheduling,Customer asks about available scheduling options for HP-22492.,9,False,phone,standard
TKT-01681,2025-02-07T07:53:00Z,portal access,Customer cannot access the service portal under HP-55887.,12,False,chat,employer plan
TKT-00974,2025-02-07T08:40:00Z,portal access,Customer reports a locked portal account under HP-93599.,9,False,web portal,standard
TKT-00566,2025-02-07T08:50:00Z,prescription refill request,Administrative refill request requires licensed-team review under HP-26529.,116,True,phone,standard
TKT-01951,2025-02-07T14:40:00Z,insurance eligibility,Employer-plan eligibility status needs validation for HP-18779.,51,False,email,medicare support
TKT-02753,2025-02-07T14:41:00Z,insurance eligibility,Employer-plan eligibility status needs validation for HP-74933.,51,True,phone,medicare support
TKT-01101,2025-02-07T14:58:00Z,portal access,Customer cannot access the service portal under HP-19451.,9,False,chat,employer plan
TKT-01017,2025-02-07T15:48:00Z,insurance eligibility,Coverage administration question references HP-61389.,85,False,phone,employer plan
TKT-02384,2025-02-07T16:20:00Z,appointment scheduling,Caller requests an appointment-time change under HP-13802.,8,False,web portal,medicare support
TKT-00572,2025-02-07T16:53:00Z,appointment scheduling,Customer asks about available scheduling options for HP-31140.,18,False,phone,standard
TKT-00206,2025-02-07T19:26:00Z,appointment scheduling,Administrative scheduling request for reference HP-51938.,10,False,web portal,medicare support
TKT-00899,2025-02-07T23:14:00Z,portal access,Customer reports a locked portal account under HP-71446.,5,False,web portal,employer plan
TKT-00378,2025-02-08T00:02:00Z,referral status,Customer asks whether referral paperwork was received for HP-42944.,43,False,web portal,medicare support
TKT-01679,2025-02-08T00:43:00Z,general inquiry,Multi-topic non-clinical inquiry recorded as HP-44387.,76,True,phone,employer plan
TKT-02733,2025-02-08T01:30:00Z,portal access,Customer reports a locked portal account under HP-20087.,12,False,web portal,standard
TKT-00780,2025-02-08T03:17:00Z,prescription refill request,Customer asks for refill-request routing under HP-52399.,58,True,phone,employer plan
TKT-02417,2025-02-08T04:41:00Z,appointment scheduling,Administrative scheduling request for reference HP-85237.,17,False,phone,medicare support
TKT-00076,2025-02-08T07:11:00Z,appointment scheduling,Administrative scheduling request for reference HP-81581.,26,False,phone,standard
TKT-02658,2025-02-08T07:18:00Z,appointment scheduling,Customer asks about available scheduling options for HP-50497.,28,False,web portal,standard
TKT-01539,2025-02-08T07:44:00Z,prescription refill request,Refill request status inquiry references HP-16894; no clinical details included.,134,True,phone,standard
TKT-01962,2025-02-08T08:25:00Z,insurance eligibility,Coverage administration question references HP-77646.,73,False,phone,premium care
TKT-02691,2025-02-08T09:04:00Z,billing question,Customer requests an explanation of a service charge for HP-44960.,34,False,email,medicare support
TKT-01478,2025-02-08T13:47:00Z,appointment scheduling,Caller requests an appointment-time change under HP-94993.,19,False,email,standard
TKT-01886,2025-02-08T14:22:00Z,insurance eligibility,Customer requests administrative eligibility verification for HP-65158.,110,True,phone,standard
TKT-00212,2025-02-08T14:26:00Z,appointment scheduling,Customer asks about available scheduling options for HP-17641.,18,False,phone,employer plan
TKT-02746,2025-02-08T16:40:00Z,referral status,Customer requests administrative referral status for HP-46695.,20,False,email,employer plan
TKT-02763,2025-02-08T17:03:00Z,appointment scheduling,Caller requests an appointment-time change under HP-79578.,18,False,phone,standard
TKT-00104,2025-02-08T20:10:00Z,medical records request,Records request status inquiry references HP-25166.,160,True,email,medicare support
TKT-01409,2025-02-08T21:15:00Z,insurance eligibility,Customer requests administrative eligibility verification for HP-96649.,51,False,email,medicare support
TKT-01299,2025-02-08T21:22:00Z,billing question,Customer requests an explanation of a service charge for HP-12464.,90,True,phone,standard
TKT-00505,2025-02-08T22:11:00Z,medical records request,Records request status inquiry references HP-79455.,73,False,email,employer plan
TKT-01000,2025-02-09T00:34:00Z,billing question,Payment posting question references HP-15935.,25,False,phone,standard
TKT-00215,2025-02-09T05:04:00Z,referral status,Referral routing update requested under HP-61420.,74,True,web portal,standard
TKT-02341,2025-02-09T05:11:00Z,portal access,Portal password reset requested for HP-42737.,7,False,web portal,standard
TKT-00860,2025-02-09T06:34:00Z,portal access,Customer cannot access the service portal under HP-13966.,15,False,web portal,employer plan
TKT-02568,2025-02-09T07:47:00Z,appointment scheduling,Administrative scheduling request for reference HP-69906.,9,False,phone,medicare support
TKT-00442,2025-02-09T08:04:00Z,appointment scheduling,Administrative scheduling request for reference HP-57810.,14,False,email,employer plan
TKT-02190,2025-02-09T08:50:00Z,billing question,Customer requests an explanation of a service charge for HP-80611.,54,False,phone,premium care
TKT-02739,2025-02-09T09:44:00Z,prescription refill request,Customer asks for refill-request routing under HP-55245.,144,True,phone,medicare support
TKT-00898,2025-02-09T10:05:00Z,billing question,Payment posting question references HP-79415.,29,False,phone,standard
TKT-01918,2025-02-09T10:52:00Z,appointment scheduling,Customer asks about available scheduling options for HP-28674.,18,False,web portal,standard
TKT-00518,2025-02-09T11:17:00Z,prescription refill request,Customer asks for refill-request routing under HP-29439.,89,True,phone,employer plan
TKT-00802,2025-02-09T12:02:00Z,prescription refill request,Refill request status inquiry references HP-14569; no clinical details included.,42,False,email,employer plan
TKT-01623,2025-02-09T13:48:00Z,billing question,Payment posting question references HP-29663.,27,False,email,standard
TKT-00546,2025-02-09T14:17:00Z,insurance eligibility,Employer-plan eligibility status needs validation for HP-90415.,83,False,phone,standard
TKT-02921,2025-02-09T14:48:00Z,billing question,Customer requests an explanation of a service charge for HP-38464.,55,False,email,standard
TKT-00602,2025-02-09T17:32:00Z,portal access,Customer cannot access the service portal under HP-77783.,8,False,web portal,standard
TKT-00064,2025-02-09T18:22:00Z,insurance eligibility,Coverage administration question references HP-67020.,78,False,email,standard
TKT-00235,2025-02-09T19:54:00Z,billing question,Payment posting question references HP-71003.,64,False,email,medicare support
TKT-02645,2025-02-09T20:32:00Z,prescription refill request,Refill request status inquiry references HP-27216; no clinical details included.,91,False,phone,standard
TKT-02788,2025-02-09T21:54:00Z,insurance eligibility,Customer requests administrative eligibility verification for HP-28815.,52,False,web portal,medicare support
TKT-01265,2025-02-09T23:32:00Z,medical records request,Records request status inquiry references HP-51770.,78,False,email,medicare support
TKT-02732,2025-02-10T00:33:00Z,referral status,Referral routing update requested under HP-88998.,21,False,chat,employer plan
TKT-01566,2025-02-10T02:19:00Z,appointment scheduling,Customer asks about available scheduling options for HP-51016.,47,True,phone,premium care
TKT-02111,2025-02-10T02:39:00Z,portal access,Customer reports a locked portal account under HP-61948.,16,False,email,standard
TKT-01358,2025-02-10T03:00:00Z,insurance eligibility,Coverage administration question references HP-20606.,121,True,chat,standard
TKT-02283,2025-02-10T06:23:00Z,appointment scheduling,Administrative scheduling request for reference HP-61740.,80,True,phone,premium care
TKT-00570,2025-02-10T06:53:00Z,medical records request,Customer requests records-release instructions under HP-10135.,71,False,email,premium care
TKT-00139,2025-02-10T07:17:00Z,referral status,Referral routing update requested under HP-44600.,32,False,phone,standard
TKT-02234,2025-02-10T07:47:00Z,billing question,Payment posting question references HP-50747.,57,False,web portal,standard
TKT-01019,2025-02-10T08:46:00Z,portal access,Portal password reset requested for HP-59818.,11,False,chat,standard
TKT-00738,2025-02-10T09:29:00Z,billing question,Customer requests an explanation of a service charge for HP-61850.,26,False,web portal,standard
TKT-00639,2025-02-10T09:36:00Z,portal access,Portal password reset requested for HP-27284.,13,False,web portal,employer plan
TKT-01625,2025-02-10T14:36:00Z,portal access,Customer cannot access the service portal under HP-97980.,15,False,web portal,standard
TKT-00045,2025-02-10T15:56:00Z,referral status,Customer requests administrative referral status for HP-94709.,23,False,web portal,standard
TKT-01675,2025-02-10T17:21:00Z,portal access,Portal password reset requested for HP-65107.,6,False,web portal,employer plan
TKT-02120,2025-02-10T20:09:00Z,prescription refill request,Refill request status inquiry references HP-70193; no clinical details included.,108,True,phone,employer plan
TKT-02493,2025-02-10T20:33:00Z,referral status,Customer requests administrative referral status for HP-44540.,20,False,email,standard
TKT-00387,2025-02-10T20:34:00Z,portal access,Portal password reset requested for HP-24293.,10,False,chat,standard
TKT-02098,2025-02-11T03:35:00Z,referral status,Customer requests administrative referral status for HP-51414.,30,False,phone,employer plan
TKT-02655,2025-02-11T05:03:00Z,insurance eligibility,Employer-plan eligibility status needs validation for HP-71872.,34,False,phone,employer plan
TKT-01560,2025-02-11T06:11:00Z,portal access,Portal password reset requested for HP-31223.,15,False,phone,standard
TKT-00608,2025-02-11T06:45:00Z,referral status,Customer asks whether referral paperwork was received for HP-79024.,44,False,email,standard
TKT-01114,2025-02-11T07:12:00Z,general inquiry,Customer request requires manual routing under HP-98893.,38,False,phone,premium care
TKT-01697,2025-02-11T16:05:00Z,insurance eligibility,Employer-plan eligibility status needs validation for HP-78924.,35,False,phone,medicare support
TKT-00071,2025-02-11T16:27:00Z,medical records request,Customer requests records-release instructions under HP-59539.,103,False,phone,standard
TKT-01613,2025-02-11T17:21:00Z,portal access,Portal password reset requested for HP-68152.,16,False,web portal,standard
TKT-02344,2025-02-11T17:34:00Z,referral status,Referral routing update requested under HP-47335.,51,False,phone,standard
TKT-00582,2025-02-11T20:34:00Z,portal access,Customer cannot access the service portal under HP-75216.,64,True,phone,employer plan
TKT-00669,2025-02-11T23:40:00Z,portal access,Portal password reset requested for HP-74859.,13,False,web portal,medicare support
TKT-00857,2025-02-12T00:12:00Z,portal access,Customer reports a locked portal account under HP-37691.,5,False,chat,medicare support
TKT-02097,2025-02-12T00:18:00Z,prescription refill request,Administrative refill request requires licensed-team review under HP-28741.,39,False,phone,employer plan
TKT-01574,2025-02-12T00:21:00Z,appointment scheduling,Administrative scheduling request for reference HP-16440.,25,False,chat,premium care
TKT-00461,2025-02-12T00:24:00Z,appointment scheduling,Administrative scheduling request for reference HP-39803.,17,False,web portal,standard
TKT-01203,2025-02-12T03:08:00Z,referral status,Customer requests administrative referral status for HP-58233.,27,False,web portal,medicare support
TKT-01524,2025-02-12T04:01:00Z,insurance eligibility,Customer requests administrative eligibility verification for HP-44737.,80,False,chat,employer plan
TKT-02557,2025-02-12T04:17:00Z,portal access,Customer reports a locked portal account under HP-33836.,15,False,phone,premium care
TKT-02214,2025-02-12T05:25:00Z,portal access,Customer cannot access the service portal under HP-81516.,31,True,chat,standard
TKT-02585,2025-02-12T06:42:00Z,appointment scheduling,Customer asks about available scheduling options for HP-67510.,35,True,phone,employer plan
TKT-00194,2025-02-12T07:11:00Z,appointment scheduling,Administrative scheduling request for reference HP-31073.,11,False,phone,medicare support
TKT-01351,2025-02-12T10:22:00Z,referral status,Customer requests administrative referral status for HP-25962.,34,False,phone,premium care
TKT-01968,2025-02-12T11:45:00Z,prescription refill request,Refill request status inquiry references HP-15598; no clinical details included.,55,False,web portal,standard
TKT-00435,2025-02-12T12:33:00Z,appointment scheduling,Administrative scheduling request for reference HP-38001.,18,False,web portal,standard
TKT-00035,2025-02-12T12:52:00Z,portal access,Portal password reset requested for HP-19065.,7,False,web portal,employer plan
TKT-02561,2025-02-12T12:52:00Z,portal access,Portal password reset requested for HP-58790.,5,False,chat,medicare support
TKT-01619,2025-02-12T13:49:00Z,portal access,Customer cannot access the service portal under HP-96924.,15,False,web portal,standard
TKT-02224,2025-02-12T15:54:00Z,appointment scheduling,Administrative scheduling request for reference HP-92496.,44,True,phone,standard
TKT-02595,2025-02-12T16:42:00Z,appointment scheduling,Administrative scheduling request for reference HP-57621.,9,False,phone,medicare support
TKT-02201,2025-02-12T17:26:00Z,appointment scheduling,Caller requests an appointment-time change under HP-38328.,8,False,chat,standard
TKT-01497,2025-02-12T17:50:00Z,appointment scheduling,Administrative scheduling request for reference HP-43280.,19,False,phone,employer plan
TKT-02057,2025-02-12T18:41:00Z,portal access,Customer reports a locked portal account under HP-65499.,6,False,web portal,medicare support
TKT-01180,2025-02-12T18:57:00Z,prescription refill request,Customer asks for refill-request routing under HP-11528.,90,False,web portal,premium care
TKT-01109,2025-02-12T21:04:00Z,prescription refill request,Refill request status inquiry references HP-96310; no clinical details included.,58,False,phone,employer plan
TKT-01353,2025-02-12T23:09:00Z,appointment scheduling,Caller requests an appointment-time change under HP-49228.,23,False,phone,employer plan
TKT-02841,2025-02-13T00:15:00Z,appointment scheduling,Administrative scheduling request for reference HP-29597.,22,False,phone,standard
TKT-00900,2025-02-13T00:39:00Z,insurance eligibility,Coverage administration question references HP-27797.,64,False,phone,medicare support
TKT-01224,2025-02-13T01:09:00Z,insurance eligibility,Coverage administration question references HP-87674.,62,False,web portal,standard
TKT-01354,2025-02-13T01:09:00Z,medical records request,Records request status inquiry references HP-53124.,110,False,web portal,medicare support
TKT-02330,2025-02-13T01:29:00Z,insurance eligibility,Customer requests administrative eligibility verification for HP-66005.,76,False,phone,employer plan
TKT-02424,2025-02-13T04:17:00Z,prescription refill request,Refill request status inquiry references HP-97932; no clinical details included.,35,False,web portal,premium care
TKT-01312,2025-02-13T05:01:00Z,appointment scheduling,Customer asks about available scheduling options for HP-60933.,21,False,web portal,employer plan
TKT-01065,2025-02-13T08:25:00Z,prescription refill request,Customer asks for refill-request routing under HP-41705.,105,True,web portal,standard
TKT-02808,2025-02-13T11:56:00Z,referral status,Customer requests administrative referral status for HP-69340.,72,True,email,employer plan
TKT-01782,2025-02-13T12:05:00Z,medical records request,Records request status inquiry references HP-45170.,87,False,phone,standard
TKT-02786,2025-02-13T14:51:00Z,prescription refill request,Customer asks for refill-request routing under HP-38384.,71,False,web portal,standard
TKT-02040,2025-02-13T19:52:00Z,prescription refill request,Customer asks for refill-request routing under HP-93903.,138,True,email,standard
TKT-01266,2025-02-13T23:25:00Z,medical records request,Records request status inquiry references HP-54463.,128,True,email,medicare support
TKT-02082,2025-02-14T00:06:00Z,billing question,Payment posting question references HP-47566.,62,False,phone,employer plan
TKT-00469,2025-02-14T03:48:00Z,billing question,Customer requests an explanation of a service charge for HP-94369.,75,False,phone,premium care
TKT-00079,2025-02-14T06:30:00Z,portal access,Customer reports a locked portal account under HP-69754.,5,False,web portal,employer plan
TKT-01851,2025-02-14T11:10:00Z,insurance eligibility,Coverage administration question references HP-88758.,89,True,phone,employer plan
TKT-02830,2025-02-14T11:24:00Z,portal access,Customer cannot access the service portal under HP-37509.,5,False,phone,medicare support
TKT-01295,2025-02-14T11:40:00Z,portal access,Customer cannot access the service portal under HP-22412.,10,False,web portal,employer plan
TKT-00842,2025-02-14T14:02:00Z,referral status,Customer asks whether referral paperwork was received for HP-94374.,36,False,phone,medicare support
TKT-02529,2025-02-14T14:39:00Z,general inquiry,Customer request requires manual routing under HP-55348.,35,False,email,standard
TKT-02143,2025-02-14T14:42:00Z,portal access,Portal password reset requested for HP-46112.,9,False,web portal,standard
TKT-02168,2025-02-14T14:57:00Z,appointment scheduling,Administrative scheduling request for reference HP-93166.,22,False,phone,premium care
TKT-01617,2025-02-14T15:25:00Z,portal access,Customer reports a locked portal account under HP-40858.,4,False,web portal,employer plan
TKT-01491,2025-02-14T15:53:00Z,portal access,Portal password reset requested for HP-29277.,13,False,web portal,standard
TKT-01959,2025-02-14T17:59:00Z,prescription refill request,Administrative refill request requires licensed-team review under HP-81120.,94,True,web portal,employer plan
TKT-00525,2025-02-14T18:18:00Z,prescription refill request,Administrative refill request requires licensed-team review under HP-95862.,89,False,phone,standard
TKT-02676,2025-02-14T19:53:00Z,insurance eligibility,Coverage administration question references HP-12611.,67,False,phone,employer plan
TKT-02944,2025-02-14T20:33:00Z,referral status,Customer requests administrative referral status for HP-29326.,48,True,email,standard
TKT-00455,2025-02-14T22:02:00Z,general inquiry,Uncategorized administrative inquiry references HP-49635.,105,True,chat,standard
TKT-00297,2025-02-14T23:54:00Z,portal access,Customer reports a locked portal account under HP-81400.,6,False,web portal,medicare support
TKT-00972,2025-02-14T23:58:00Z,referral status,Customer requests administrative referral status for HP-95906.,38,False,chat,employer plan
TKT-00931,2025-02-15T04:23:00Z,appointment scheduling,Administrative scheduling request for reference HP-83483.,14,False,email,employer plan
TKT-02238,2025-02-15T05:21:00Z,appointment scheduling,Customer asks about available scheduling options for HP-83209.,12,False,chat,employer plan
TKT-01777,2025-02-15T05:59:00Z,insurance eligibility,Employer-plan eligibility status needs validation for HP-49399.,82,False,web portal,medicare support
TKT-00425,2025-02-15T06:25:00Z,appointment scheduling,Administrative scheduling request for reference HP-92230.,22,False,web portal,employer plan
TKT-02694,2025-02-15T07:33:00Z,insurance eligibility,Coverage administration question references HP-16555.,47,False,phone,medicare support
TKT-02041,2025-02-15T08:50:00Z,insurance eligibility,Customer requests administrative eligibility verification for HP-76994.,98,True,phone,standard
TKT-01366,2025-02-15T13:21:00Z,appointment scheduling,Caller requests an appointment-time change under HP-81518.,13,False,web portal,standard
TKT-02472,2025-02-15T16:34:00Z,general inquiry,Multi-topic non-clinical inquiry recorded as HP-82597.,78,False,email,premium care
TKT-02524,2025-02-15T17:45:00Z,insurance eligibility,Customer requests administrative eligibility verification for HP-59067.,77,True,phone,employer plan
TKT-01726,2025-02-15T18:03:00Z,insurance eligibility,Customer requests administrative eligibility verification for HP-54071.,43,False,phone,standard
TKT-00380,2025-02-15T18:52:00Z,appointment scheduling,Administrative scheduling request for reference HP-47609.,12,False,phone,medicare support
TKT-01285,2025-02-15T18:57:00Z,appointment scheduling,Caller requests an appointment-time change under HP-20277.,8,False,phone,standard
TKT-01878,2025-02-15T21:27:00Z,billing question,Customer asks about an administrative statement under HP-26953.,64,False,email,standard
TKT-02174,2025-02-15T21:33:00Z,portal access,Customer cannot access the service portal under HP-29127.,6,False,web portal,premium care
TKT-01954,2025-02-16T00:11:00Z,billing question,Payment posting question references HP-93242.,66,False,email,standard
TKT-01852,2025-02-16T01:11:00Z,appointment scheduling,Administrative scheduling request for reference HP-20181.,11,False,phone,employer plan
TKT-02860,2025-02-16T10:04:00Z,billing question,Customer requests an explanation of a service charge for HP-68693.,94,True,email,standard
TKT-02411,2025-02-16T11:23:00Z,portal access,Portal password reset requested for HP-49981.,11,False,web portal,employer plan
TKT-00057,2025-02-16T13:31:00Z,appointment scheduling,Administrative scheduling request for reference HP-20559.,13,False,web portal,medicare support
TKT-02483,2025-02-16T14:05:00Z,billing question,Customer asks about an administrative statement under HP-26749.,69,False,email,employer plan
TKT-02593,2025-02-16T17:28:00Z,billing question,Payment posting question references HP-80446.,73,False,phone,premium care
TKT-02707,2025-02-16T18:07:00Z,referral status,Customer requests administrative referral status for HP-58269.,51,True,web portal,employer plan
TKT-01255,2025-02-16T20:29:00Z,appointment scheduling,Administrative scheduling request for reference HP-19607.,8,False,email,standard
TKT-01691,2025-02-16T20:58:00Z,portal access,Customer cannot access the service portal under HP-39395.,9,False,web portal,employer plan
TKT-01318,2025-02-16T22:10:00Z,portal access,Portal password reset requested for HP-39182.,14,False,phone,standard
TKT-00135,2025-02-17T00:04:00Z,insurance eligibility,Customer requests administrative eligibility verification for HP-60891.,92,True,phone,employer plan
TKT-01772,2025-02-17T00:15:00Z,appointment scheduling,Customer asks about available scheduling options for HP-12146.,24,False,web portal,standard
TKT-01734,2025-02-17T00:45:00Z,portal access,Portal password reset requested for HP-81715.,15,False,web portal,standard
TKT-02716,2025-02-17T00:54:00Z,portal access,Customer reports a locked portal account under HP-56924.,5,False,web portal,premium care
TKT-00574,2025-02-17T01:56:00Z,appointment scheduling,Customer asks about available scheduling options for HP-44376.,28,False,phone,standard
TKT-02078,2025-02-17T05:20:00Z,appointment scheduling,Customer asks about available scheduling options for HP-32738.,25,False,phone,medicare support
TKT-00910,2025-02-17T05:35:00Z,insurance eligibility,Customer requests administrative eligibility verification for HP-77411.,78,True,email,standard
TKT-02270,2025-02-17T11:29:00Z,prescription refill request,Refill request status inquiry references HP-40058; no clinical details included.,58,False,phone,standard
TKT-01929,2025-02-17T12:47:00Z,referral status,Referral routing update requested under HP-35429.,24,False,phone,employer plan
TKT-01300,2025-02-17T14:53:00Z,insurance eligibility,Coverage administration question references HP-26746.,81,False,phone,medicare support
TKT-00428,2025-02-17T16:56:00Z,appointment scheduling,Administrative scheduling request for reference HP-21806.,22,False,web portal,standard
TKT-00161,2025-02-17T17:47:00Z,appointment scheduling,Customer asks about available scheduling options for HP-40825.,8,False,phone,premium care
TKT-01177,2025-02-17T21:14:00Z,portal access,Portal password reset requested for HP-32542.,9,False,web portal,premium care
TKT-01830,2025-02-18T00:10:00Z,portal access,Portal password reset requested for HP-28711.,44,True,web portal,standard
TKT-00690,2025-02-18T04:57:00Z,insurance eligibility,Coverage administration question references HP-62784.,81,False,phone,premium care
TKT-02814,2025-02-18T08:29:00Z,insurance eligibility,Customer requests administrative eligibility verification for HP-95928.,31,False,phone,standard
TKT-02304,2025-02-18T10:46:00Z,insurance eligibility,Customer requests administrative eligibility verification for HP-97315.,62,False,web portal,employer plan
TKT-02506,2025-02-18T11:31:00Z,prescription refill request,Administrative refill request requires licensed-team review under HP-92289.,77,True,web portal,standard
TKT-02150,2025-02-18T11:54:00Z,medical records request,Customer asks which authorization form applies to HP-41815.,115,False,email,standard
TKT-02342,2025-02-18T12:56:00Z,appointment scheduling,Administrative scheduling request for reference HP-23804.,57,True,web portal,medicare support
TKT-01648,2025-02-18T18:47:00Z,appointment scheduling,Caller requests an appointment-time change under HP-82422.,16,False,web portal,employer plan
TKT-00960,2025-02-18T19:39:00Z,billing question,Payment posting question references HP-43385.,64,True,chat,medicare support
TKT-02381,2025-02-18T21:11:00Z,appointment scheduling,Customer asks about available scheduling options for HP-16388.,9,False,web portal,employer plan
TKT-02179,2025-02-18T22:23:00Z,insurance eligibility,Employer-plan eligibility status needs validation for HP-35429.,50,False,email,medicare support
TKT-00463,2025-02-18T22:38:00Z,billing question,Customer requests an explanation of a service charge for HP-61534.,66,False,web portal,medicare support
TKT-00257,2025-02-19T02:12:00Z,appointment scheduling,Customer asks about available scheduling options for HP-42275.,13,False,phone,medicare support
TKT-02202,2025-02-19T03:43:00Z,portal access,Customer cannot access the service portal under HP-10083.,10,False,web portal,medicare support
TKT-02773,2025-02-19T06:42:00Z,referral status,Referral routing update requested under HP-52218.,35,False,phone,employer plan
TKT-02720,2025-02-19T08:12:00Z,billing question,Customer requests an explanation of a service charge for HP-35591.,67,False,email,standard
TKT-00846,2025-02-19T08:39:00Z,billing question,Customer asks about an administrative statement under HP-34331.,55,False,email,premium care
TKT-00405,2025-02-19T08:58:00Z,medical records request,Records request status inquiry references HP-75587.,100,False,phone,employer plan
TKT-02806,2025-02-19T11:27:00Z,portal access,Customer cannot access the service portal under HP-37482.,4,False,web portal,premium care
TKT-01745,2025-02-19T12:20:00Z,general inquiry,Uncategorized administrative inquiry references HP-31590.,76,False,phone,standard
TKT-00674,2025-02-19T12:55:00Z,billing question,Customer requests an explanation of a service charge for HP-49354.,41,False,email,standard
TKT-00807,2025-02-19T13:53:00Z,portal access,Portal password reset requested for HP-13429.,12,False,web portal,medicare support
TKT-00317,2025-02-19T14:44:00Z,insurance eligibility,Employer-plan eligibility status needs validation for HP-65008.,33,False,web portal,medicare support
TKT-00654,2025-02-19T17:55:00Z,medical records request,Records request status inquiry references HP-30537.,103,False,email,standard
TKT-01242,2025-02-19T20:11:00Z,referral status,Referral routing update requested under HP-35247.,20,False,web portal,premium care
TKT-00449,2025-02-19T21:05:00Z,appointment scheduling,Administrative scheduling request for reference HP-89519.,27,False,web portal,employer plan
TKT-00717,2025-02-19T21:28:00Z,billing question,Customer requests an explanation of a service charge for HP-94671.,59,False,phone,employer plan
TKT-01456,2025-02-19T21:33:00Z,insurance eligibility,Employer-plan eligibility status needs validation for HP-66451.,61,False,email,employer plan
TKT-00125,2025-02-19T22:58:00Z,billing question,Customer asks about an administrative statement under HP-67418.,35,False,email,employer plan
TKT-00132,2025-02-20T00:53:00Z,prescription refill request,Refill request status inquiry references HP-23189; no clinical details included.,82,True,web portal,standard
TKT-01964,2025-02-20T01:01:00Z,referral status,Customer requests administrative referral status for HP-78011.,31,False,email,medicare support
TKT-02348,2025-02-20T02:10:00Z,portal access,Customer reports a locked portal account under HP-61853.,13,False,chat,standard
TKT-02067,2025-02-20T03:52:00Z,appointment scheduling,Administrative scheduling request for reference HP-84802.,12,False,phone,premium care
TKT-02180,2025-02-20T04:54:00Z,appointment scheduling,Customer asks about available scheduling options for HP-27674.,19,False,phone,employer plan
TKT-01424,2025-02-20T05:15:00Z,appointment scheduling,Caller requests an appointment-time change under HP-12138.,15,False,phone,employer plan
TKT-00204,2025-02-20T07:04:00Z,insurance eligibility,Coverage administration question references HP-82608.,41,False,phone,standard
TKT-01614,2025-02-20T07:56:00Z,portal access,Customer cannot access the service portal under HP-17219.,6,False,email,premium care
TKT-00584,2025-02-20T08:24:00Z,general inquiry,Customer request requires manual routing under HP-34264.,89,True,email,standard
TKT-02751,2025-02-20T09:52:00Z,medical records request,Customer asks which authorization form applies to HP-32142.,59,False,phone,standard
TKT-00752,2025-02-20T10:52:00Z,appointment scheduling,Administrative scheduling request for reference HP-68114.,10,False,phone,standard
TKT-01131,2025-02-20T11:48:00Z,insurance eligibility,Coverage administration question references HP-41997.,56,False,phone,standard
TKT-02603,2025-02-20T12:05:00Z,general inquiry,Uncategorized administrative inquiry references HP-26980.,15,False,phone,employer plan
TKT-00181,2025-02-20T12:07:00Z,billing question,Payment posting question references HP-33675.,51,False,email,premium care
TKT-01064,2025-02-20T13:02:00Z,portal access,Portal password reset requested for HP-16957.,12,False,chat,medicare support
TKT-01874,2025-02-20T15:05:00Z,billing question,Customer requests an explanation of a service charge for HP-12793.,44,False,phone,medicare support
TKT-00920,2025-02-20T15:07:00Z,prescription refill request,Administrative refill request requires licensed-team review under HP-57420.,76,True,email,standard
TKT-01069,2025-02-20T15:43:00Z,appointment scheduling,Caller requests an appointment-time change under HP-73753.,16,False,phone,employer plan
TKT-01276,2025-02-20T16:06:00Z,insurance eligibility,Customer requests administrative eligibility verification for HP-89448.,32,False,web portal,employer plan
TKT-02971,2025-02-20T17:12:00Z,insurance eligibility,Coverage administration question references HP-64110.,76,False,chat,medicare support
TKT-00381,2025-02-20T17:35:00Z,appointment scheduling,Caller requests an appointment-time change under HP-92104.,24,False,email,standard
TKT-00363,2025-02-20T18:04:00Z,insurance eligibility,Employer-plan eligibility status needs validation for HP-61064.,84,True,phone,employer plan
TKT-02809,2025-02-20T18:45:00Z,appointment scheduling,Administrative scheduling request for reference HP-73810.,10,False,web portal,employer plan
TKT-00670,2025-02-20T21:01:00Z,appointment scheduling,Customer asks about available scheduling options for HP-11232.,48,True,phone,employer plan
TKT-00679,2025-02-20T22:31:00Z,appointment scheduling,Caller requests an appointment-time change under HP-38360.,10,False,phone,standard
TKT-02794,2025-02-21T02:38:00Z,insurance eligibility,Employer-plan eligibility status needs validation for HP-76662.,40,False,web portal,standard
TKT-02069,2025-02-21T06:34:00Z,billing question,Customer asks about an administrative statement under HP-46196.,44,True,chat,standard
TKT-01442,2025-02-21T07:16:00Z,appointment scheduling,Administrative scheduling request for reference HP-27813.,13,False,phone,medicare support
TKT-02577,2025-02-21T07:28:00Z,prescription refill request,Customer asks for refill-request routing under HP-35026.,91,False,email,premium care
TKT-01869,2025-02-21T08:41:00Z,billing question,Customer asks about an administrative statement under HP-52044.,73,False,web portal,standard
TKT-00326,2025-02-21T11:04:00Z,billing question,Payment posting question references HP-52501.,101,True,web portal,standard
TKT-01836,2025-02-21T12:38:00Z,appointment scheduling,Caller requests an appointment-time change under HP-67917.,11,False,phone,medicare support
TKT-02294,2025-02-21T12:40:00Z,medical records request,Records request status inquiry references HP-91612.,84,False,email,medicare support
TKT-01157,2025-02-21T14:09:00Z,referral status,Customer asks whether referral paperwork was received for HP-19201.,31,False,phone,employer plan
TKT-00481,2025-02-21T15:09:00Z,referral status,Customer asks whether referral paperwork was received for HP-71154.,28,False,phone,medicare support
TKT-01885,2025-02-21T15:32:00Z,billing question,Customer requests an explanation of a service charge for HP-38916.,100,True,phone,premium care
TKT-01806,2025-02-21T17:01:00Z,general inquiry,Customer request requires manual routing under HP-29577.,43,False,phone,employer plan
TKT-01761,2025-02-21T19:33:00Z,referral status,Customer requests administrative referral status for HP-95793.,26,False,phone,standard
TKT-02264,2025-02-21T20:49:00Z,appointment scheduling,Customer asks about available scheduling options for HP-72218.,8,False,web portal,medicare support
TKT-01441,2025-02-21T21:13:00Z,portal access,Customer cannot access the service portal under HP-96631.,5,False,web portal,premium care
TKT-01093,2025-02-21T21:27:00Z,insurance eligibility,Coverage administration question references HP-81390.,59,False,phone,standard
TKT-00624,2025-02-21T22:46:00Z,appointment scheduling,Caller requests an appointment-time change under HP-93300.,9,False,phone,standard
TKT-02471,2025-02-22T01:17:00Z,referral status,Customer asks whether referral paperwork was received for HP-69552.,40,False,web portal,standard
TKT-02189,2025-02-22T04:22:00Z,billing question,Customer requests an explanation of a service charge for HP-44260.,60,False,chat,employer plan
TKT-00362,2025-02-22T04:51:00Z,prescription refill request,Refill request status inquiry references HP-69315; no clinical details included.,89,False,web portal,standard
TKT-02508,2025-02-22T05:44:00Z,billing question,Payment posting question references HP-21118.,52,False,email,employer plan
TKT-02984,2025-02-22T09:50:00Z,general inquiry,Uncategorized administrative inquiry references HP-68259.,62,False,phone,standard
TKT-02652,2025-02-22T10:43:00Z,portal access,Customer cannot access the service portal under HP-67286.,6,False,chat,premium care
TKT-00916,2025-02-22T11:31:00Z,portal access,Customer cannot access the service portal under HP-11246.,12,False,email,premium care
TKT-02917,2025-02-22T13:12:00Z,appointment scheduling,Administrative scheduling request for reference HP-60100.,82,True,phone,premium care
TKT-00996,2025-02-22T14:29:00Z,billing question,Customer asks about an administrative statement under HP-88518.,41,False,web portal,standard
TKT-00591,2025-02-22T16:20:00Z,appointment scheduling,Caller requests an appointment-time change under HP-94394.,12,False,web portal,standard
TKT-02894,2025-02-22T19:49:00Z,insurance eligibility,Customer requests administrative eligibility verification for HP-47918.,81,False,phone,medicare support
TKT-02689,2025-02-22T20:48:00Z,referral status,Customer asks whether referral paperwork was received for HP-63577.,20,False,phone,employer plan
TKT-00496,2025-02-23T05:02:00Z,appointment scheduling,Customer asks about available scheduling options for HP-92587.,28,False,phone,standard
TKT-01952,2025-02-23T08:03:00Z,portal access,Customer cannot access the service portal under HP-58506.,12,False,web portal,standard
TKT-01653,2025-02-23T14:58:00Z,appointment scheduling,Customer asks about available scheduling options for HP-12986.,17,False,phone,standard
TKT-01132,2025-02-23T15:00:00Z,insurance eligibility,Employer-plan eligibility status needs validation for HP-73194.,67,False,phone,standard
TKT-01700,2025-02-23T19:35:00Z,referral status,Customer asks whether referral paperwork was received for HP-58970.,69,True,phone,medicare support
TKT-01056,2025-02-23T22:35:00Z,prescription refill request,Customer asks for refill-request routing under HP-21216.,58,False,phone,employer plan
TKT-02924,2025-02-23T23:24:00Z,billing question,Customer requests an explanation of a service charge for HP-29945.,47,False,phone,standard
TKT-01746,2025-02-24T00:42:00Z,portal access,Customer cannot access the service portal under HP-28717.,9,False,web portal,employer plan
TKT-02145,2025-02-24T00:58:00Z,referral status,Referral routing update requested under HP-95150.,28,False,phone,medicare support
TKT-02692,2025-02-24T02:15:00Z,insurance eligibility,Employer-plan eligibility status needs validation for HP-68757.,125,True,web portal,medicare support
TKT-01582,2025-02-24T02:42:00Z,portal access,Portal password reset requested for HP-74892.,5,False,email,employer plan
TKT-01280,2025-02-24T02:57:00Z,appointment scheduling,Caller requests an appointment-time change under HP-82810.,22,False,phone,medicare support
TKT-01909,2025-02-24T04:06:00Z,prescription refill request,Refill request status inquiry references HP-91510; no clinical details included.,102,True,email,employer plan
TKT-02547,2025-02-24T04:31:00Z,appointment scheduling,Customer asks about available scheduling options for HP-12670.,23,False,email,standard
TKT-01282,2025-02-24T05:05:00Z,appointment scheduling,Caller requests an appointment-time change under HP-49366.,14,False,web portal,standard
TKT-00193,2025-02-24T05:41:00Z,insurance eligibility,Coverage administration question references HP-28895.,87,True,phone,standard
TKT-02360,2025-02-24T05:44:00Z,appointment scheduling,Caller requests an appointment-time change under HP-73369.,22,False,web portal,standard
TKT-01337,2025-02-24T07:38:00Z,prescription refill request,Refill request status inquiry references HP-42687; no clinical details included.,82,False,email,medicare support
TKT-01972,2025-02-24T07:59:00Z,billing question,Customer asks about an administrative statement under HP-54948.,39,False,web portal,standard
TKT-01641,2025-02-24T09:04:00Z,medical records request,Customer asks which authorization form applies to HP-62313.,105,False,email,employer plan
TKT-00646,2025-02-24T09:39:00Z,insurance eligibility,Employer-plan eligibility status needs validation for HP-16618.,31,False,phone,employer plan
TKT-01012,2025-02-24T12:40:00Z,appointment scheduling,Customer asks about available scheduling options for HP-80115.,74,True,web portal,employer plan
TKT-01585,2025-02-24T13:50:00Z,insurance eligibility,Customer requests administrative eligibility verification for HP-94392.,77,False,phone,medicare support
TKT-00440,2025-02-24T14:12:00Z,billing question,Customer requests an explanation of a service charge for HP-47939.,97,True,phone,standard
TKT-00985,2025-02-24T14:14:00Z,prescription refill request,Administrative refill request requires licensed-team review under HP-80808.,73,False,email,premium care
TKT-01350,2025-02-24T14:44:00Z,medical records request,Records request status inquiry references HP-60664.,62,False,email,standard
TKT-02649,2025-02-24T17:06:00Z,billing question,Payment posting question references HP-46947.,64,False,email,standard
TKT-02351,2025-02-24T18:16:00Z,appointment scheduling,Customer asks about available scheduling options for HP-98243.,24,False,phone,employer plan
TKT-02153,2025-02-24T19:10:00Z,prescription refill request,Administrative refill request requires licensed-team review under HP-35371.,54,False,web portal,premium care
TKT-02998,2025-02-24T19:59:00Z,portal access,Portal password reset requested for HP-28790.,12,False,web portal,standard
TKT-02656,2025-02-24T21:08:00Z,portal access,Customer reports a locked portal account under HP-98634.,7,False,chat,employer plan
TKT-00465,2025-02-25T00:05:00Z,appointment scheduling,Caller requests an appointment-time change under HP-74381.,17,False,web portal,standard
TKT-01407,2025-02-25T01:18:00Z,appointment scheduling,Administrative scheduling request for reference HP-81959.,9,False,phone,medicare support
TKT-01593,2025-02-25T01:22:00Z,portal access,Portal password reset requested for HP-30025.,5,False,web portal,standard
TKT-00541,2025-02-25T02:52:00Z,billing question,Payment posting question references HP-65566.,67,False,web portal,standard
TKT-00741,2025-02-25T03:10:00Z,insurance eligibility,Customer requests administrative eligibility verification for HP-24939.,49,False,phone,standard
TKT-02815,2025-02-25T03:27:00Z,appointment scheduling,Caller requests an appointment-time change under HP-65505.,24,False,web portal,medicare support
TKT-00769,2025-02-25T04:24:00Z,billing question,Payment posting question references HP-69306.,114,True,chat,standard
TKT-00754,2025-02-25T05:46:00Z,referral status,Customer asks whether referral paperwork was received for HP-96236.,29,False,web portal,premium care
TKT-02668,2025-02-25T06:03:00Z,portal access,Customer reports a locked portal account under HP-65609.,16,False,web portal,employer plan
TKT-00265,2025-02-25T09:12:00Z,portal access,Portal password reset requested for HP-18361.,5,False,web portal,standard
TKT-02842,2025-02-25T10:27:00Z,appointment scheduling,Caller requests an appointment-time change under HP-66108.,17,False,web portal,medicare support
TKT-01655,2025-02-25T12:19:00Z,portal access,Customer cannot access the service portal under HP-19910.,7,False,web portal,employer plan
TKT-00147,2025-02-25T12:20:00Z,prescription refill request,Administrative refill request requires licensed-team review under HP-67650.,135,True,phone,medicare support
TKT-01554,2025-02-25T12:57:00Z,prescription refill request,Refill request status inquiry references HP-76297; no clinical details included.,104,True,web portal,medicare support
TKT-02459,2025-02-25T14:34:00Z,referral status,Referral routing update requested under HP-50770.,25,False,phone,employer plan
TKT-00089,2025-02-25T14:37:00Z,insurance eligibility,Employer-plan eligibility status needs validation for HP-57501.,56,False,phone,standard
TKT-01854,2025-02-25T16:48:00Z,referral status,Customer asks whether referral paperwork was received for HP-38504.,45,False,web portal,premium care
TKT-01528,2025-02-25T20:35:00Z,insurance eligibility,Coverage administration question references HP-62726.,65,True,phone,employer plan
TKT-00248,2025-02-25T20:43:00Z,portal access,Customer cannot access the service portal under HP-41994.,6,False,phone,employer plan
TKT-00685,2025-02-25T21:03:00Z,medical records request,Customer requests records-release instructions under HP-84702.,99,False,web portal,standard
TKT-01535,2025-02-25T21:17:00Z,insurance eligibility,Customer requests administrative eligibility verification for HP-25696.,40,False,web portal,standard
TKT-01499,2025-02-25T22:35:00Z,prescription refill request,Customer asks for refill-request routing under HP-14456.,86,True,phone,employer plan
TKT-01085,2025-02-25T23:06:00Z,appointment scheduling,Caller requests an appointment-time change under HP-45847.,21,False,phone,employer plan
TKT-01390,2025-02-26T00:45:00Z,medical records request,Customer requests records-release instructions under HP-41226.,104,False,email,employer plan
TKT-02569,2025-02-26T01:10:00Z,appointment scheduling,Administrative scheduling request for reference HP-55885.,14,False,phone,employer plan
TKT-00821,2025-02-26T03:02:00Z,prescription refill request,Refill request status inquiry references HP-40328; no clinical details included.,107,True,phone,standard
TKT-00151,2025-02-26T03:44:00Z,appointment scheduling,Administrative scheduling request for reference HP-43886.,10,False,web portal,employer plan
TKT-01687,2025-02-26T04:58:00Z,referral status,Customer asks whether referral paperwork was received for HP-48034.,43,False,phone,employer plan
TKT-02896,2025-02-26T06:19:00Z,appointment scheduling,Caller requests an appointment-time change under HP-86136.,57,True,phone,standard
TKT-02748,2025-02-26T07:24:00Z,appointment scheduling,Caller requests an appointment-time change under HP-59554.,11,False,phone,premium care
TKT-01233,2025-02-26T09:36:00Z,insurance eligibility,Customer requests administrative eligibility verification for HP-31862.,62,False,phone,medicare support
TKT-00863,2025-02-26T11:38:00Z,billing question,Payment posting question references HP-62737.,47,False,phone,employer plan
TKT-01010,2025-02-26T13:43:00Z,portal access,Customer cannot access the service portal under HP-39441.,12,False,web portal,standard
TKT-00082,2025-02-26T15:31:00Z,prescription refill request,Refill request status inquiry references HP-24225; no clinical details included.,58,False,email,standard
TKT-00744,2025-02-26T16:29:00Z,general inquiry,Multi-topic non-clinical inquiry recorded as HP-74111.,46,False,email,standard
TKT-01880,2025-02-26T20:01:00Z,appointment scheduling,Customer asks about available scheduling options for HP-28771.,13,False,email,standard
TKT-00214,2025-02-26T22:37:00Z,portal access,Customer reports a locked portal account under HP-17130.,9,False,web portal,employer plan
TKT-00034,2025-02-26T23:08:00Z,prescription refill request,Customer asks for refill-request routing under HP-94796.,112,True,phone,medicare support
TKT-00668,2025-02-26T23:16:00Z,appointment scheduling,Caller requests an appointment-time change under HP-50451.,27,False,phone,medicare support
TKT-02458,2025-02-27T00:14:00Z,portal access,Portal password reset requested for HP-73836.,6,False,web portal,standard
TKT-01678,2025-02-27T03:55:00Z,referral status,Referral routing update requested under HP-76545.,29,False,phone,standard
TKT-00314,2025-02-27T04:54:00Z,appointment scheduling,Customer asks about available scheduling options for HP-58945.,28,False,web portal,medicare support
TKT-01372,2025-02-27T05:44:00Z,appointment scheduling,Customer asks about available scheduling options for HP-13854.,23,False,phone,standard
TKT-02009,2025-02-27T05:53:00Z,portal access,Customer reports a locked portal account under HP-41953.,6,False,chat,medicare support
TKT-00108,2025-02-27T07:41:00Z,general inquiry,Customer request requires manual routing under HP-58304.,148,True,email,employer plan
TKT-02448,2025-02-27T11:16:00Z,referral status,Customer asks whether referral paperwork was received for HP-37512.,90,True,email,employer plan
TKT-01533,2025-02-27T11:43:00Z,appointment scheduling,Caller requests an appointment-time change under HP-86228.,24,False,web portal,employer plan
TKT-01325,2025-02-27T12:49:00Z,prescription refill request,Administrative refill request requires licensed-team review under HP-12321.,93,True,email,premium care
TKT-00254,2025-02-27T13:30:00Z,billing question,Customer requests an explanation of a service charge for HP-92869.,29,False,phone,standard
TKT-01044,2025-02-27T19:28:00Z,referral status,Customer requests administrative referral status for HP-30678.,19,False,email,medicare support
TKT-02021,2025-02-27T20:42:00Z,medical records request,Records request status inquiry references HP-92591.,97,False,chat,standard
TKT-02846,2025-02-28T01:34:00Z,prescription refill request,Customer asks for refill-request routing under HP-60641.,61,False,web portal,medicare support
TKT-01508,2025-02-28T05:24:00Z,appointment scheduling,Administrative scheduling request for reference HP-98048.,14,False,phone,employer plan
TKT-01094,2025-02-28T06:38:00Z,appointment scheduling,Caller requests an appointment-time change under HP-86209.,8,False,email,standard
TKT-01162,2025-02-28T07:22:00Z,insurance eligibility,Employer-plan eligibility status needs validation for HP-43498.,56,False,phone,standard
TKT-00308,2025-02-28T09:11:00Z,appointment scheduling,Customer asks about available scheduling options for HP-61479.,24,False,phone,medicare support
TKT-00372,2025-02-28T11:15:00Z,insurance eligibility,Coverage administration question references HP-25272.,75,False,phone,standard
TKT-02140,2025-02-28T12:14:00Z,portal access,Customer reports a locked portal account under HP-82584.,4,False,web portal,medicare support
TKT-00454,2025-02-28T12:52:00Z,appointment scheduling,Customer asks about available scheduling options for HP-19613.,62,True,email,standard
TKT-01347,2025-02-28T12:56:00Z,referral status,Customer requests administrative referral status for HP-49072.,25,False,email,standard
TKT-02835,2025-02-28T16:18:00Z,prescription refill request,Administrative refill request requires licensed-team review under HP-98583.,148,True,phone,standard
TKT-01821,2025-02-28T19:40:00Z,prescription refill request,Customer asks for refill-request routing under HP-50995.,123,True,web portal,employer plan
TKT-02013,2025-02-28T21:57:00Z,portal access,Customer cannot access the service portal under HP-70665.,10,False,email,employer plan
TKT-01011,2025-03-01T00:10:00Z,referral status,Referral routing update requested under HP-56604.,34,False,web portal,premium care
TKT-02609,2025-03-01T01:11:00Z,appointment scheduling,Caller requests an appointment-time change under HP-36213.,27,False,web portal,standard
TKT-00366,2025-03-01T01:51:00Z,referral status,Customer requests administrative referral status for HP-78257.,49,False,email,standard
TKT-02254,2025-03-01T02:17:00Z,general inquiry,Multi-topic non-clinical inquiry recorded as HP-10405.,44,False,email,employer plan
TKT-01607,2025-03-01T02:47:00Z,appointment scheduling,Administrative scheduling request for reference HP-86484.,11,False,phone,standard
TKT-02724,2025-03-01T03:19:00Z,billing question,Customer asks about an administrative statement under HP-85595.,33,False,phone,standard
TKT-01359,2025-03-01T04:38:00Z,prescription refill request,Refill request status inquiry references HP-92952; no clinical details included.,109,True,phone,standard
TKT-02024,2025-03-01T10:02:00Z,appointment scheduling,Customer asks about available scheduling options for HP-43912.,21,False,web portal,medicare support
TKT-01547,2025-03-01T12:25:00Z,insurance eligibility,Coverage administration question references HP-31744.,42,False,chat,employer plan
TKT-00220,2025-03-01T13:44:00Z,medical records request,Customer requests records-release instructions under HP-23164.,75,False,email,employer plan
TKT-02498,2025-03-01T14:01:00Z,appointment scheduling,Caller requests an appointment-time change under HP-38939.,26,False,phone,standard
TKT-02687,2025-03-01T14:29:00Z,billing question,Payment posting question references HP-93507.,44,False,phone,standard
TKT-01382,2025-03-01T15:01:00Z,referral status,Customer requests administrative referral status for HP-94269.,24,False,email,employer plan
TKT-00008,2025-03-01T15:02:00Z,portal access,Customer reports a locked portal account under HP-73239.,7,False,chat,employer plan
TKT-00792,2025-03-01T15:42:00Z,insurance eligibility,Customer requests administrative eligibility verification for HP-85950.,39,False,email,standard
TKT-00877,2025-03-01T15:51:00Z,portal access,Portal password reset requested for HP-25930.,10,False,web portal,standard
TKT-01310,2025-03-01T18:19:00Z,portal access,Portal password reset requested for HP-71504.,9,False,web portal,medicare support
TKT-02989,2025-03-01T19:43:00Z,prescription refill request,Refill request status inquiry references HP-29243; no clinical details included.,40,False,chat,standard
TKT-00209,2025-03-01T22:44:00Z,appointment scheduling,Caller requests an appointment-time change under HP-67612.,78,True,web portal,standard
TKT-02138,2025-03-02T00:11:00Z,medical records request,Customer asks which authorization form applies to HP-66436.,108,False,email,standard
TKT-02781,2025-03-02T02:10:00Z,prescription refill request,Administrative refill request requires licensed-team review under HP-55798.,86,False,web portal,employer plan
TKT-02909,2025-03-02T03:06:00Z,appointment scheduling,Administrative scheduling request for reference HP-54366.,16,False,email,employer plan
TKT-00882,2025-03-02T03:54:00Z,billing question,Customer asks about an administrative statement under HP-55700.,54,True,email,premium care
TKT-02271,2025-03-02T04:19:00Z,prescription refill request,Customer asks for refill-request routing under HP-29899.,146,True,phone,medicare support
TKT-02874,2025-03-02T08:31:00Z,medical records request,Records request status inquiry references HP-79593.,84,False,email,medicare support
TKT-00282,2025-03-02T11:30:00Z,referral status,Customer requests administrative referral status for HP-31239.,52,False,email,employer plan
TKT-01171,2025-03-02T11:40:00Z,prescription refill request,Customer asks for refill-request routing under HP-86909.,80,False,phone,standard
TKT-00789,2025-03-02T11:49:00Z,medical records request,Customer asks which authorization form applies to HP-93037.,83,False,phone,employer plan
TKT-01341,2025-03-02T12:35:00Z,insurance eligibility,Customer requests administrative eligibility verification for HP-24642.,129,True,phone,standard
TKT-02900,2025-03-02T14:51:00Z,portal access,Customer reports a locked portal account under HP-15903.,10,False,web portal,premium care
TKT-02246,2025-03-02T15:37:00Z,portal access,Customer reports a locked portal account under HP-11205.,11,False,web portal,standard
TKT-01199,2025-03-02T17:23:00Z,referral status,Referral routing update requested under HP-69350.,18,False,email,standard
TKT-02479,2025-03-02T17:24:00Z,billing question,Payment posting question references HP-46780.,45,False,web portal,standard
TKT-02163,2025-03-02T19:56:00Z,prescription refill request,Refill request status inquiry references HP-49079; no clinical details included.,79,True,phone,standard
TKT-02208,2025-03-03T01:19:00Z,billing question,Customer requests an explanation of a service charge for HP-38143.,51,False,phone,standard
TKT-02131,2025-03-03T01:35:00Z,prescription refill request,Customer asks for refill-request routing under HP-53624.,71,False,phone,employer plan
TKT-01953,2025-03-03T04:23:00Z,appointment scheduling,Administrative scheduling request for reference HP-32943.,12,False,phone,standard
TKT-00559,2025-03-03T05:18:00Z,prescription refill request,Customer asks for refill-request routing under HP-37085.,89,False,web portal,employer plan
TKT-00998,2025-03-03T05:21:00Z,insurance eligibility,Employer-plan eligibility status needs validation for HP-72398.,72,True,phone,medicare support
TKT-01008,2025-03-03T05:50:00Z,appointment scheduling,Customer asks about available scheduling options for HP-39599.,19,False,phone,medicare support
TKT-00515,2025-03-03T06:47:00Z,insurance eligibility,Customer requests administrative eligibility verification for HP-14507.,54,True,web portal,employer plan
TKT-00694,2025-03-03T11:21:00Z,insurance eligibility,Coverage administration question references HP-63316.,51,False,email,standard
TKT-01919,2025-03-03T12:18:00Z,portal access,Customer reports a locked portal account under HP-54385.,4,False,web portal,standard
TKT-00083,2025-03-03T16:04:00Z,portal access,Portal password reset requested for HP-86722.,16,False,web portal,standard
TKT-01184,2025-03-03T16:13:00Z,portal access,Customer reports a locked portal account under HP-24352.,5,False,web portal,medicare support
TKT-01241,2025-03-03T17:23:00Z,appointment scheduling,Customer asks about available scheduling options for HP-42854.,17,False,web portal,standard
TKT-00337,2025-03-03T19:00:00Z,general inquiry,Uncategorized administrative inquiry references HP-41719.,81,False,phone,medicare support
TKT-00761,2025-03-03T21:14:00Z,appointment scheduling,Customer asks about available scheduling options for HP-73675.,11,False,phone,employer plan
TKT-01785,2025-03-04T01:20:00Z,referral status,Customer asks whether referral paperwork was received for HP-62492.,54,False,web portal,standard
TKT-01663,2025-03-04T02:13:00Z,prescription refill request,Refill request status inquiry references HP-19499; no clinical details included.,77,False,phone,medicare support
TKT-02518,2025-03-04T03:33:00Z,portal access,Portal password reset requested for HP-60744.,12,False,web portal,medicare support
TKT-02826,2025-03-04T04:22:00Z,prescription refill request,Customer asks for refill-request routing under HP-28073.,98,True,phone,standard
TKT-00174,2025-03-04T04:57:00Z,medical records request,Customer requests records-release instructions under HP-44425.,57,False,email,medicare support
TKT-00695,2025-03-04T08:31:00Z,portal access,Customer reports a locked portal account under HP-12260.,13,False,chat,standard
TKT-01990,2025-03-04T09:14:00Z,portal access,Customer reports a locked portal account under HP-29497.,14,False,web portal,standard
TKT-00384,2025-03-04T10:04:00Z,appointment scheduling,Administrative scheduling request for reference HP-28710.,58,True,email,medicare support
TKT-01204,2025-03-04T11:29:00Z,insurance eligibility,Employer-plan eligibility status needs validation for HP-14391.,58,True,email,standard
TKT-01396,2025-03-04T13:35:00Z,referral status,Referral routing update requested under HP-14988.,41,False,phone,employer plan
TKT-01527,2025-03-04T14:49:00Z,medical records request,Customer asks which authorization form applies to HP-49222.,94,False,web portal,standard
TKT-00224,2025-03-04T17:34:00Z,billing question,Payment posting question references HP-94577.,29,False,email,standard
TKT-02828,2025-03-04T18:29:00Z,appointment scheduling,Administrative scheduling request for reference HP-60405.,39,True,phone,medicare support
TKT-02335,2025-03-04T18:51:00Z,appointment scheduling,Administrative scheduling request for reference HP-20176.,20,False,phone,employer plan
TKT-00626,2025-03-04T19:30:00Z,portal access,Portal password reset requested for HP-30780.,15,False,web portal,standard
TKT-02367,2025-03-04T20:13:00Z,prescription refill request,Refill request status inquiry references HP-34448; no clinical details included.,142,True,email,standard
TKT-01317,2025-03-04T20:38:00Z,prescription refill request,Refill request status inquiry references HP-34777; no clinical details included.,42,False,web portal,premium care
TKT-02730,2025-03-04T21:41:00Z,appointment scheduling,Caller requests an appointment-time change under HP-21152.,22,False,phone,standard
TKT-02409,2025-03-04T22:19:00Z,billing question,Customer requests an explanation of a service charge for HP-65323.,56,False,phone,standard
TKT-02888,2025-03-04T22:26:00Z,general inquiry,Customer request requires manual routing under HP-46619.,28,False,phone,medicare support
TKT-02290,2025-03-04T23:06:00Z,referral status,Customer asks whether referral paperwork was received for HP-13280.,95,True,email,standard
TKT-02362,2025-03-05T01:36:00Z,billing question,Customer asks about an administrative statement under HP-34122.,46,False,phone,standard
TKT-02875,2025-03-05T01:39:00Z,billing question,Customer asks about an administrative statement under HP-68266.,36,False,email,employer plan
TKT-01488,2025-03-05T04:08:00Z,insurance eligibility,Customer requests administrative eligibility verification for HP-10453.,66,False,web portal,standard
TKT-01665,2025-03-05T06:14:00Z,appointment scheduling,Customer asks about available scheduling options for HP-94894.,77,True,phone,standard
TKT-02869,2025-03-05T07:47:00Z,portal access,Portal password reset requested for HP-23561.,11,False,chat,employer plan
TKT-02031,2025-03-05T10:12:00Z,portal access,Portal password reset requested for HP-58821.,5,False,web portal,medicare support
TKT-01921,2025-03-05T13:27:00Z,prescription refill request,Customer asks for refill-request routing under HP-22346.,80,True,phone,standard
TKT-00642,2025-03-05T14:35:00Z,appointment scheduling,Customer asks about available scheduling options for HP-90966.,15,False,phone,employer plan
TKT-02443,2025-03-05T18:46:00Z,appointment scheduling,Caller requests an appointment-time change under HP-73412.,59,True,chat,medicare support
TKT-02071,2025-03-05T18:59:00Z,billing question,Payment posting question references HP-69071.,59,False,email,medicare support
TKT-01596,2025-03-05T19:14:00Z,prescription refill request,Administrative refill request requires licensed-team review under HP-88168.,36,False,email,medicare support
TKT-00881,2025-03-05T19:18:00Z,referral status,Customer asks whether referral paperwork was received for HP-72554.,51,False,email,standard
TKT-01692,2025-03-05T20:42:00Z,referral status,Customer asks whether referral paperwork was received for HP-31342.,19,False,web portal,medicare support
TKT-02764,2025-03-05T21:43:00Z,referral status,Referral routing update requested under HP-45537.,28,False,phone,standard
TKT-01107,2025-03-05T23:29:00Z,insurance eligibility,Customer requests administrative eligibility verification for HP-65368.,141,True,phone,medicare support
TKT-02207,2025-03-05T23:47:00Z,insurance eligibility,Coverage administration question references HP-43652.,30,False,email,standard
TKT-01178,2025-03-05T23:58:00Z,portal access,Customer reports a locked portal account under HP-73316.,9,False,chat,employer plan
TKT-00450,2025-03-06T00:20:00Z,appointment scheduling,Caller requests an appointment-time change under HP-91069.,21,False,phone,employer plan
TKT-00560,2025-03-06T00:22:00Z,referral status,Customer requests administrative referral status for HP-54258.,43,False,web portal,standard
TKT-00136,2025-03-06T01:19:00Z,insurance eligibility,Customer requests administrative eligibility verification for HP-28247.,37,False,email,standard
TKT-01183,2025-03-06T03:47:00Z,prescription refill request,Refill request status inquiry references HP-80049; no clinical details included.,48,False,phone,premium care
TKT-01414,2025-03-06T04:35:00Z,appointment scheduling,Customer asks about available scheduling options for HP-77640.,25,False,phone,medicare support
TKT-02280,2025-03-06T04:42:00Z,prescription refill request,Refill request status inquiry references HP-99592; no clinical details included.,87,True,web portal,employer plan
TKT-02858,2025-03-06T05:16:00Z,billing question,Customer requests an explanation of a service charge for HP-16130.,35,False,web portal,standard
TKT-01185,2025-03-06T08:03:00Z,billing question,Customer asks about an administrative statement under HP-39264.,35,False,phone,standard
TKT-02125,2025-03-06T08:11:00Z,appointment scheduling,Caller requests an appointment-time change under HP-13358.,11,False,chat,standard
TKT-02256,2025-03-06T09:40:00Z,insurance eligibility,Coverage administration question references HP-95428.,124,True,phone,medicare support
TKT-01978,2025-03-06T09:44:00Z,portal access,Customer reports a locked portal account under HP-40354.,15,False,web portal,employer plan
TKT-00778,2025-03-06T10:18:00Z,portal access,Customer reports a locked portal account under HP-87568.,11,False,web portal,medicare support
TKT-00039,2025-03-06T11:00:00Z,appointment scheduling,Customer asks about available scheduling options for HP-91209.,16,False,chat,medicare support
TKT-01713,2025-03-06T11:09:00Z,prescription refill request,Administrative refill request requires licensed-team review under HP-18594.,95,False,web portal,standard
TKT-01858,2025-03-06T11:47:00Z,referral status,Customer asks whether referral paperwork was received for HP-25461.,26,False,web portal,medicare support
TKT-00631,2025-03-06T12:38:00Z,insurance eligibility,Employer-plan eligibility status needs validation for HP-31259.,82,False,email,medicare support
TKT-01188,2025-03-06T14:35:00Z,referral status,Customer requests administrative referral status for HP-98784.,44,False,email,standard
TKT-01999,2025-03-06T16:28:00Z,appointment scheduling,Customer asks about available scheduling options for HP-11146.,27,False,phone,standard
TKT-00641,2025-03-06T18:33:00Z,general inquiry,Customer request requires manual routing under HP-52878.,47,False,email,standard
TKT-01967,2025-03-06T19:02:00Z,medical records request,Records request status inquiry references HP-19176.,64,False,email,employer plan
TKT-02517,2025-03-06T19:14:00Z,insurance eligibility,Employer-plan eligibility status needs validation for HP-44534.,60,True,phone,premium care
TKT-02521,2025-03-06T19:57:00Z,portal access,Customer reports a locked portal account under HP-92774.,11,False,web portal,standard
TKT-00675,2025-03-06T20:03:00Z,referral status,Referral routing update requested under HP-48624.,40,False,email,premium care
TKT-01672,2025-03-06T20:10:00Z,referral status,Customer requests administrative referral status for HP-82870.,95,True,phone,standard
TKT-00650,2025-03-06T23:00:00Z,billing question,Customer requests an explanation of a service charge for HP-64094.,27,False,email,standard
TKT-02714,2025-03-07T00:56:00Z,appointment scheduling,Administrative scheduling request for reference HP-60658.,28,False,phone,standard
TKT-00963,2025-03-07T02:41:00Z,insurance eligibility,Employer-plan eligibility status needs validation for HP-44339.,80,False,email,employer plan
TKT-00085,2025-03-07T04:09:00Z,appointment scheduling,Customer asks about available scheduling options for HP-73424.,22,False,phone,standard
TKT-01903,2025-03-07T06:32:00Z,portal access,Portal password reset requested for HP-30929.,6,False,web portal,standard
TKT-01530,2025-03-07T15:38:00Z,medical records request,Records request status inquiry references HP-55518.,59,False,web portal,employer plan
TKT-00971,2025-03-07T17:54:00Z,insurance eligibility,Coverage administration question references HP-25735.,39,False,email,standard
TKT-00516,2025-03-07T19:22:00Z,appointment scheduling,Caller requests an appointment-time change under HP-49930.,26,False,phone,medicare support
TKT-00018,2025-03-07T20:24:00Z,insurance eligibility,Coverage administration question references HP-72152.,37,False,phone,medicare support
TKT-00120,2025-03-07T22:37:00Z,portal access,Customer reports a locked portal account under HP-14910.,9,False,web portal,medicare support
TKT-01809,2025-03-07T23:41:00Z,appointment scheduling,Administrative scheduling request for reference HP-83211.,21,False,web portal,medicare support
TKT-01190,2025-03-08T00:05:00Z,billing question,Customer asks about an administrative statement under HP-16968.,54,False,phone,standard
TKT-00056,2025-03-08T03:08:00Z,portal access,Portal password reset requested for HP-99223.,15,False,web portal,premium care
TKT-02332,2025-03-08T04:46:00Z,appointment scheduling,Administrative scheduling request for reference HP-94608.,15,False,phone,employer plan
TKT-01702,2025-03-08T05:50:00Z,billing question,Customer requests an explanation of a service charge for HP-65412.,75,False,phone,standard
TKT-02485,2025-03-08T08:44:00Z,insurance eligibility,Coverage administration question references HP-52766.,67,False,phone,standard
TKT-02113,2025-03-08T10:38:00Z,insurance eligibility,Employer-plan eligibility status needs validation for HP-44793.,108,True,web portal,employer plan
TKT-02854,2025-03-08T10:48:00Z,insurance eligibility,Employer-plan eligibility status needs validation for HP-73369.,48,False,chat,medicare support
TKT-02606,2025-03-08T12:21:00Z,appointment scheduling,Administrative scheduling request for reference HP-40049.,25,False,phone,employer plan
TKT-02622,2025-03-08T12:46:00Z,billing question,Payment posting question references HP-96771.,35,False,web portal,employer plan
TKT-01261,2025-03-08T13:38:00Z,prescription refill request,Refill request status inquiry references HP-17881; no clinical details included.,51,False,email,standard
TKT-00711,2025-03-08T13:39:00Z,appointment scheduling,Caller requests an appointment-time change under HP-21379.,8,False,phone,employer plan
TKT-02401,2025-03-08T13:49:00Z,prescription refill request,Administrative refill request requires licensed-team review under HP-72518.,110,True,phone,standard
TKT-00098,2025-03-08T18:19:00Z,medical records request,Customer asks which authorization form applies to HP-94449.,75,False,email,employer plan
TKT-02600,2025-03-08T18:39:00Z,insurance eligibility,Employer-plan eligibility status needs validation for HP-35299.,58,False,phone,standard
TKT-01853,2025-03-08T20:37:00Z,referral status,Referral routing update requested under HP-49218.,44,False,email,employer plan
TKT-01134,2025-03-08T21:19:00Z,portal access,Portal password reset requested for HP-71021.,5,False,phone,medicare support
TKT-02315,2025-03-08T22:27:00Z,portal access,Customer cannot access the service portal under HP-78859.,13,False,web portal,medicare support
TKT-00354,2025-03-08T22:48:00Z,portal access,Portal password reset requested for HP-43749.,14,False,web portal,employer plan
TKT-02227,2025-03-09T00:51:00Z,appointment scheduling,Administrative scheduling request for reference HP-74868.,23,False,phone,standard
TKT-02380,2025-03-09T02:17:00Z,billing question,Customer requests an explanation of a service charge for HP-75529.,79,True,email,medicare support
TKT-01890,2025-03-09T02:42:00Z,billing question,Customer asks about an administrative statement under HP-84164.,37,False,phone,standard
TKT-00585,2025-03-09T03:44:00Z,billing question,Customer requests an explanation of a service charge for HP-83400.,51,False,chat,employer plan
TKT-01766,2025-03-09T05:10:00Z,insurance eligibility,Employer-plan eligibility status needs validation for HP-39771.,55,True,email,standard
TKT-02853,2025-03-09T06:03:00Z,portal access,Customer cannot access the service portal under HP-94982.,12,False,web portal,medicare support
TKT-02542,2025-03-09T06:49:00Z,portal access,Portal password reset requested for HP-57183.,9,False,web portal,standard
TKT-00065,2025-03-09T09:30:00Z,appointment scheduling,Caller requests an appointment-time change under HP-28346.,25,False,phone,medicare support
TKT-00408,2025-03-09T11:03:00Z,billing question,Customer requests an explanation of a service charge for HP-36283.,76,True,chat,employer plan
TKT-02219,2025-03-09T12:11:00Z,billing question,Customer asks about an administrative statement under HP-14479.,48,False,chat,premium care
TKT-01961,2025-03-09T13:55:00Z,portal access,Portal password reset requested for HP-94492.,9,False,chat,employer plan
TKT-01540,2025-03-09T14:32:00Z,portal access,Customer cannot access the service portal under HP-59838.,6,False,web portal,premium care
TKT-02192,2025-03-09T14:52:00Z,portal access,Portal password reset requested for HP-34434.,14,False,web portal,standard
TKT-00790,2025-03-09T15:42:00Z,appointment scheduling,Caller requests an appointment-time change under HP-19683.,8,False,chat,premium care
TKT-01460,2025-03-09T21:37:00Z,prescription refill request,Administrative refill request requires licensed-team review under HP-60665.,102,True,web portal,standard
TKT-02204,2025-03-09T22:51:00Z,prescription refill request,Customer asks for refill-request routing under HP-56297.,104,True,email,employer plan
TKT-02796,2025-03-09T23:17:00Z,appointment scheduling,Administrative scheduling request for reference HP-61536.,12,False,web portal,medicare support
TKT-01970,2025-03-10T00:08:00Z,prescription refill request,Customer asks for refill-request routing under HP-62073.,76,False,email,employer plan
TKT-02484,2025-03-10T00:28:00Z,billing question,Payment posting question references HP-43746.,35,False,chat,medicare support
TKT-00084,2025-03-10T00:54:00Z,referral status,Customer asks whether referral paperwork was received for HP-89600.,45,False,web portal,medicare support
TKT-00873,2025-03-10T01:56:00Z,referral status,Customer asks whether referral paperwork was received for HP-24181.,93,True,phone,employer plan
TKT-02292,2025-03-10T03:09:00Z,appointment scheduling,Caller requests an appointment-time change under HP-97835.,17,False,phone,employer plan
TKT-02985,2025-03-10T03:19:00Z,insurance eligibility,Employer-plan eligibility status needs validation for HP-10864.,33,False,web portal,employer plan
TKT-02307,2025-03-10T03:47:00Z,medical records request,Customer asks which authorization form applies to HP-43892.,90,True,email,standard
TKT-00661,2025-03-10T04:30:00Z,appointment scheduling,Administrative scheduling request for reference HP-16231.,26,False,chat,employer plan
TKT-00369,2025-03-10T04:38:00Z,referral status,Referral routing update requested under HP-89875.,22,False,email,premium care
TKT-02035,2025-03-10T07:31:00Z,billing question,Customer requests an explanation of a service charge for HP-73952.,30,False,phone,medicare support
TKT-01963,2025-03-10T08:24:00Z,appointment scheduling,Administrative scheduling request for reference HP-83189.,22,False,chat,medicare support
TKT-00268,2025-03-10T09:42:00Z,medical records request,Customer requests records-release instructions under HP-71107.,64,False,web portal,standard
TKT-00222,2025-03-10T09:46:00Z,insurance eligibility,Employer-plan eligibility status needs validation for HP-68883.,80,False,phone,medicare support
TKT-02777,2025-03-10T10:22:00Z,insurance eligibility,Coverage administration question references HP-28990.,46,False,phone,standard
TKT-01638,2025-03-10T10:46:00Z,portal access,Customer reports a locked portal account under HP-94979.,12,False,chat,standard
TKT-02852,2025-03-10T13:57:00Z,portal access,Customer cannot access the service portal under HP-18776.,8,False,web portal,medicare support
TKT-01075,2025-03-10T14:12:00Z,portal access,Customer reports a locked portal account under HP-57061.,12,False,web portal,standard
TKT-02074,2025-03-10T20:14:00Z,appointment scheduling,Administrative scheduling request for reference HP-16086.,46,True,web portal,employer plan
TKT-00796,2025-03-10T21:08:00Z,appointment scheduling,Customer asks about available scheduling options for HP-23806.,18,False,phone,standard
TKT-01577,2025-03-10T21:22:00Z,appointment scheduling,Customer asks about available scheduling options for HP-95113.,44,True,web portal,employer plan
TKT-01303,2025-03-10T23:24:00Z,billing question,Payment posting question references HP-26627.,59,False,chat,medicare support
TKT-01628,2025-03-11T00:19:00Z,portal access,Customer cannot access the service portal under HP-94808.,9,False,email,standard
TKT-00490,2025-03-11T00:26:00Z,billing question,Customer asks about an administrative statement under HP-80343.,74,False,email,employer plan
TKT-02702,2025-03-11T04:45:00Z,general inquiry,Multi-topic non-clinical inquiry recorded as HP-35288.,14,False,phone,standard
TKT-02405,2025-03-11T04:57:00Z,insurance eligibility,Coverage administration question references HP-12596.,77,False,web portal,standard
TKT-02857,2025-03-11T08:32:00Z,general inquiry,Customer request requires manual routing under HP-14970.,41,False,web portal,employer plan
TKT-01116,2025-03-11T11:55:00Z,appointment scheduling,Administrative scheduling request for reference HP-58596.,23,False,web portal,standard
TKT-00827,2025-03-11T13:38:00Z,appointment scheduling,Administrative scheduling request for reference HP-55902.,8,False,email,employer plan
TKT-02228,2025-03-11T13:52:00Z,appointment scheduling,Customer asks about available scheduling options for HP-70858.,9,False,phone,premium care
TKT-02289,2025-03-11T14:22:00Z,appointment scheduling,Caller requests an appointment-time change under HP-67774.,14,False,phone,medicare support
TKT-00024,2025-03-11T17:13:00Z,portal access,Customer cannot access the service portal under HP-70099.,9,False,web portal,standard
TKT-00652,2025-03-11T18:54:00Z,appointment scheduling,Customer asks about available scheduling options for HP-32432.,11,False,web portal,standard
TKT-01810,2025-03-11T20:48:00Z,appointment scheduling,Caller requests an appointment-time change under HP-30368.,25,False,phone,standard
TKT-02114,2025-03-11T20:56:00Z,insurance eligibility,Coverage administration question references HP-99924.,94,True,phone,medicare support
TKT-02109,2025-03-11T23:09:00Z,insurance eligibility,Coverage administration question references HP-50905.,57,False,email,employer plan
TKT-02673,2025-03-12T00:22:00Z,insurance eligibility,Employer-plan eligibility status needs validation for HP-69636.,37,False,web portal,standard
TKT-00597,2025-03-12T09:10:00Z,portal access,Customer cannot access the service portal under HP-69966.,7,False,web portal,employer plan
TKT-02579,2025-03-12T09:35:00Z,insurance eligibility,Customer requests administrative eligibility verification for HP-78276.,126,True,email,premium care
TKT-02444,2025-03-12T12:36:00Z,insurance eligibility,Customer requests administrative eligibility verification for HP-68752.,71,False,phone,employer plan
TKT-01786,2025-03-12T12:56:00Z,referral status,Referral routing update requested under HP-29219.,35,False,phone,premium care
TKT-01176,2025-03-12T13:20:00Z,appointment scheduling,Caller requests an appointment-time change under HP-55136.,24,False,web portal,premium care
TKT-01403,2025-03-12T14:19:00Z,insurance eligibility,Customer requests administrative eligibility verification for HP-87561.,128,True,web portal,premium care
TKT-01445,2025-03-12T15:40:00Z,appointment scheduling,Customer asks about available scheduling options for HP-45896.,17,False,phone,standard
TKT-01248,2025-03-12T15:45:00Z,portal access,Customer reports a locked portal account under HP-96815.,8,False,chat,standard
TKT-02032,2025-03-12T17:45:00Z,portal access,Customer reports a locked portal account under HP-39797.,4,False,web portal,medicare support
TKT-00010,2025-03-12T18:28:00Z,prescription refill request,Refill request status inquiry references HP-37035; no clinical details included.,67,False,email,standard
TKT-01698,2025-03-12T18:48:00Z,insurance eligibility,Employer-plan eligibility status needs validation for HP-66946.,95,True,phone,employer plan
TKT-01115,2025-03-12T19:26:00Z,general inquiry,Multi-topic non-clinical inquiry recorded as HP-33595.,41,False,email,employer plan
TKT-01664,2025-03-12T22:05:00Z,portal access,Customer cannot access the service portal under HP-72917.,16,False,web portal,employer plan
TKT-01463,2025-03-12T22:18:00Z,portal access,Customer cannot access the service portal under HP-42253.,11,False,chat,medicare support
TKT-02929,2025-03-13T01:48:00Z,portal access,Customer cannot access the service portal under HP-28955.,14,False,chat,employer plan
TKT-01038,2025-03-13T06:48:00Z,prescription refill request,Administrative refill request requires licensed-team review under HP-70826.,51,False,web portal,premium care
TKT-00575,2025-03-13T07:37:00Z,insurance eligibility,Coverage administration question references HP-23829.,75,False,web portal,medicare support
TKT-01082,2025-03-13T08:15:00Z,appointment scheduling,Caller requests an appointment-time change under HP-66035.,22,False,email,standard
TKT-01914,2025-03-13T09:49:00Z,billing question,Customer requests an explanation of a service charge for HP-41506.,60,False,email,premium care
TKT-02699,2025-03-13T10:03:00Z,appointment scheduling,Caller requests an appointment-time change under HP-74426.,25,False,phone,premium care
TKT-01020,2025-03-13T11:05:00Z,appointment scheduling,Customer asks about available scheduling options for HP-58111.,16,False,email,medicare support
TKT-02838,2025-03-13T11:07:00Z,appointment scheduling,Customer asks about available scheduling options for HP-44381.,15,False,phone,standard
TKT-00562,2025-03-13T12:22:00Z,insurance eligibility,Employer-plan eligibility status needs validation for HP-29892.,90,True,web portal,medicare support
TKT-02723,2025-03-13T13:07:00Z,referral status,Referral routing update requested under HP-25946.,18,False,phone,standard
TKT-01834,2025-03-13T13:36:00Z,appointment scheduling,Administrative scheduling request for reference HP-71046.,22,False,phone,employer plan
TKT-01800,2025-03-13T14:12:00Z,billing question,Customer asks about an administrative statement under HP-54240.,37,False,email,medicare support
TKT-00809,2025-03-13T19:35:00Z,insurance eligibility,Coverage administration question references HP-12379.,90,True,chat,employer plan
TKT-02491,2025-03-13T21:41:00Z,billing question,Customer asks about an administrative statement under HP-46042.,74,False,phone,medicare support
TKT-00429,2025-03-13T21:56:00Z,general inquiry,Customer request requires manual routing under HP-79266.,85,False,web portal,standard
TKT-00872,2025-03-13T23:13:00Z,portal access,Customer cannot access the service portal under HP-55772.,12,False,phone,employer plan
TKT-02107,2025-03-14T01:18:00Z,appointment scheduling,Customer asks about available scheduling options for HP-84112.,18,False,phone,medicare support
TKT-00722,2025-03-14T04:47:00Z,prescription refill request,Customer asks for refill-request routing under HP-66696.,40,False,phone,standard
TKT-00681,2025-03-14T05:06:00Z,portal access,Customer cannot access the service portal under HP-82160.,8,False,phone,standard
TKT-01981,2025-03-14T06:10:00Z,insurance eligibility,Employer-plan eligibility status needs validation for HP-43799.,105,True,phone,standard
TKT-02408,2025-03-14T08:16:00Z,appointment scheduling,Administrative scheduling request for reference HP-67981.,22,False,phone,employer plan
TKT-02849,2025-03-14T10:08:00Z,billing question,Customer asks about an administrative statement under HP-91584.,95,True,phone,medicare support
TKT-02059,2025-03-14T11:58:00Z,referral status,Customer requests administrative referral status for HP-87961.,41,False,phone,standard
TKT-00831,2025-03-14T15:04:00Z,appointment scheduling,Administrative scheduling request for reference HP-26288.,44,True,phone,medicare support
TKT-01635,2025-03-14T23:13:00Z,insurance eligibility,Customer requests administrative eligibility verification for HP-29435.,69,False,phone,premium care
TKT-02489,2025-03-14T23:24:00Z,insurance eligibility,Coverage administration question references HP-23445.,99,True,email,medicare support
TKT-01126,2025-03-15T00:48:00Z,portal access,Customer reports a locked portal account under HP-53680.,12,False,email,employer plan
TKT-01313,2025-03-15T03:17:00Z,billing question,Payment posting question references HP-58478.,31,False,phone,medicare support
TKT-02495,2025-03-15T03:44:00Z,appointment scheduling,Customer asks about available scheduling options for HP-85699.,35,True,phone,medicare support
TKT-02594,2025-03-15T04:41:00Z,portal access,Customer reports a locked portal account under HP-67325.,4,False,web portal,medicare support
TKT-02039,2025-03-15T06:09:00Z,insurance eligibility,Coverage administration question references HP-24008.,80,False,phone,standard
TKT-01982,2025-03-15T07:02:00Z,appointment scheduling,Administrative scheduling request for reference HP-44821.,18,False,phone,employer plan
TKT-01446,2025-03-15T07:34:00Z,referral status,Customer requests administrative referral status for HP-45083.,38,False,web portal,medicare support
TKT-02988,2025-03-15T08:12:00Z,medical records request,Customer requests records-release instructions under HP-33832.,97,False,email,medicare support
TKT-01097,2025-03-15T09:25:00Z,portal access,Portal password reset requested for HP-44646.,20,True,web portal,standard
TKT-01820,2025-03-15T11:53:00Z,insurance eligibility,Employer-plan eligibility status needs validation for HP-55226.,51,False,phone,standard
TKT-01459,2025-03-15T12:39:00Z,appointment scheduling,Customer asks about available scheduling options for HP-21756.,17,False,phone,standard
TKT-01660,2025-03-15T13:44:00Z,billing question,Customer requests an explanation of a service charge for HP-32401.,113,True,email,standard
TKT-02376,2025-03-15T16:01:00Z,portal access,Customer cannot access the service portal under HP-85558.,5,False,chat,medicare support
TKT-00256,2025-03-15T16:39:00Z,appointment scheduling,Administrative scheduling request for reference HP-39503.,40,True,phone,employer plan
TKT-00152,2025-03-15T17:15:00Z,insurance eligibility,Coverage administration question references HP-45355.,74,False,phone,standard
TKT-02490,2025-03-15T19:23:00Z,insurance eligibility,Coverage administration question references HP-39336.,71,False,web portal,standard
TKT-02462,2025-03-15T19:53:00Z,portal access,Customer cannot access the service portal under HP-76117.,5,False,web portal,medicare support
TKT-02038,2025-03-15T20:02:00Z,appointment scheduling,Caller requests an appointment-time change under HP-55499.,14,False,phone,medicare support
TKT-02591,2025-03-15T20:34:00Z,insurance eligibility,Customer requests administrative eligibility verification for HP-80109.,34,False,chat,employer plan
TKT-00510,2025-03-16T03:44:00Z,general inquiry,Uncategorized administrative inquiry references HP-21289.,84,False,phone,standard
TKT-02572,2025-03-16T04:56:00Z,insurance eligibility,Coverage administration question references HP-84710.,51,False,web portal,standard
TKT-01738,2025-03-16T09:39:00Z,appointment scheduling,Caller requests an appointment-time change under HP-52615.,14,False,web portal,employer plan
TKT-00187,2025-03-16T11:22:00Z,insurance eligibility,Coverage administration question references HP-61556.,96,True,phone,standard
TKT-01575,2025-03-16T11:55:00Z,billing question,Payment posting question references HP-93439.,35,False,email,standard
TKT-00959,2025-03-16T11:57:00Z,insurance eligibility,Coverage administration question references HP-69396.,47,True,phone,standard
TKT-02755,2025-03-16T13:05:00Z,appointment scheduling,Administrative scheduling request for reference HP-20181.,8,False,phone,standard
TKT-01119,2025-03-16T15:19:00Z,appointment scheduling,Customer asks about available scheduling options for HP-76108.,15,False,web portal,medicare support
TKT-01047,2025-03-16T16:35:00Z,appointment scheduling,Administrative scheduling request for reference HP-81241.,26,False,web portal,employer plan
TKT-01590,2025-03-16T16:39:00Z,portal access,Portal password reset requested for HP-11206.,7,False,web portal,employer plan
TKT-00891,2025-03-16T20:21:00Z,referral status,Customer requests administrative referral status for HP-25430.,101,True,web portal,medicare support
TKT-01406,2025-03-16T20:29:00Z,prescription refill request,Refill request status inquiry references HP-28455; no clinical details included.,87,False,web portal,employer plan
TKT-02272,2025-03-16T20:56:00Z,medical records request,Customer asks which authorization form applies to HP-30483.,52,False,email,standard
TKT-01074,2025-03-16T21:21:00Z,billing question,Customer requests an explanation of a service charge for HP-63547.,40,False,email,medicare support
TKT-00298,2025-03-16T23:27:00Z,portal access,Portal password reset requested for HP-14020.,13,False,chat,employer plan
TKT-02833,2025-03-17T02:17:00Z,portal access,Customer cannot access the service portal under HP-96141.,9,False,web portal,employer plan
TKT-00629,2025-03-17T03:06:00Z,insurance eligibility,Employer-plan eligibility status needs validation for HP-70752.,107,True,web portal,employer plan
TKT-01870,2025-03-17T05:26:00Z,insurance eligibility,Customer requests administrative eligibility verification for HP-42865.,38,False,email,premium care
TKT-00787,2025-03-17T07:20:00Z,general inquiry,Uncategorized administrative inquiry references HP-28860.,112,True,email,standard
TKT-02368,2025-03-17T09:07:00Z,portal access,Customer cannot access the service portal under HP-38101.,4,False,email,employer plan
TKT-00988,2025-03-17T11:38:00Z,appointment scheduling,Customer asks about available scheduling options for HP-73021.,83,True,phone,employer plan
TKT-01966,2025-03-17T12:56:00Z,insurance eligibility,Coverage administration question references HP-28011.,59,False,phone,employer plan
TKT-00376,2025-03-17T14:09:00Z,portal access,Customer reports a locked portal account under HP-99016.,6,False,web portal,employer plan
TKT-02660,2025-03-17T14:26:00Z,appointment scheduling,Caller requests an appointment-time change under HP-83051.,26,False,phone,employer plan
TKT-02363,2025-03-17T20:26:00Z,appointment scheduling,Caller requests an appointment-time change under HP-49846.,60,True,phone,standard
TKT-01729,2025-03-17T22:15:00Z,billing question,Customer asks about an administrative statement under HP-45876.,72,False,phone,employer plan
TKT-02329,2025-03-17T22:42:00Z,referral status,Customer asks whether referral paperwork was received for HP-96370.,45,False,phone,standard
TKT-00841,2025-03-17T22:52:00Z,billing question,Payment posting question references HP-78197.,52,False,web portal,standard
TKT-02476,2025-03-17T23:35:00Z,billing question,Customer asks about an administrative statement under HP-51853.,37,False,web portal,employer plan
TKT-02017,2025-03-18T03:02:00Z,insurance eligibility,Employer-plan eligibility status needs validation for HP-45826.,76,True,chat,employer plan
TKT-00058,2025-03-18T03:56:00Z,medical records request,Customer requests records-release instructions under HP-11814.,110,False,chat,premium care
TKT-02825,2025-03-18T05:29:00Z,insurance eligibility,Employer-plan eligibility status needs validation for HP-51358.,60,False,phone,employer plan
TKT-00753,2025-03-18T06:43:00Z,appointment scheduling,Administrative scheduling request for reference HP-65791.,22,False,chat,employer plan
TKT-00723,2025-03-18T08:20:00Z,referral status,Customer asks whether referral paperwork was received for HP-27970.,18,False,email,standard
TKT-01599,2025-03-18T08:25:00Z,billing question,Customer requests an explanation of a service charge for HP-48885.,69,False,web portal,standard
TKT-01043,2025-03-18T09:36:00Z,portal access,Customer cannot access the service portal under HP-82438.,9,False,web portal,employer plan
TKT-01642,2025-03-18T09:50:00Z,insurance eligibility,Employer-plan eligibility status needs validation for HP-54314.,56,True,email,standard
TKT-00938,2025-03-18T10:16:00Z,appointment scheduling,Caller requests an appointment-time change under HP-48668.,19,False,web portal,standard
TKT-02159,2025-03-18T10:36:00Z,insurance eligibility,Customer requests administrative eligibility verification for HP-80903.,38,False,chat,employer plan
TKT-02530,2025-03-18T13:37:00Z,insurance eligibility,Employer-plan eligibility status needs validation for HP-47851.,64,False,phone,employer plan
TKT-00565,2025-03-18T15:56:00Z,general inquiry,Multi-topic non-clinical inquiry recorded as HP-31227.,16,False,email,standard
TKT-02311,2025-03-18T16:45:00Z,insurance eligibility,Coverage administration question references HP-34791.,68,False,phone,employer plan
TKT-02512,2025-03-18T22:39:00Z,billing question,Customer requests an explanation of a service charge for HP-44682.,66,False,phone,standard
TKT-01148,2025-03-18T22:59:00Z,referral status,Customer requests administrative referral status for HP-29259.,21,False,phone,employer plan
TKT-00871,2025-03-18T23:33:00Z,portal access,Customer reports a locked portal account under HP-14203.,11,False,web portal,medicare support
TKT-02515,2025-03-19T00:30:00Z,appointment scheduling,Administrative scheduling request for reference HP-15242.,24,False,phone,medicare support
TKT-02562,2025-03-19T01:51:00Z,billing question,Payment posting question references HP-39473.,68,False,phone,premium care
TKT-00684,2025-03-19T02:27:00Z,referral status,Customer asks whether referral paperwork was received for HP-75979.,30,False,email,employer plan
TKT-00658,2025-03-19T03:27:00Z,portal access,Customer cannot access the service portal under HP-89726.,12,False,email,employer plan
TKT-00623,2025-03-19T05:12:00Z,prescription refill request,Administrative refill request requires licensed-team review under HP-54877.,85,False,web portal,employer plan
TKT-00955,2025-03-19T05:24:00Z,appointment scheduling,Administrative scheduling request for reference HP-92383.,21,False,phone,medicare support
TKT-00142,2025-03-19T06:14:00Z,portal access,Customer cannot access the service portal under HP-28883.,6,False,web portal,employer plan
TKT-01073,2025-03-19T07:22:00Z,appointment scheduling,Customer asks about available scheduling options for HP-64640.,20,False,phone,premium care
TKT-00277,2025-03-19T07:27:00Z,insurance eligibility,Customer requests administrative eligibility verification for HP-77684.,31,False,phone,premium care
TKT-00334,2025-03-19T08:08:00Z,billing question,Payment posting question references HP-74806.,66,False,web portal,medicare support
TKT-01155,2025-03-19T08:51:00Z,insurance eligibility,Employer-plan eligibility status needs validation for HP-67123.,72,False,web portal,standard
TKT-00894,2025-03-19T10:06:00Z,insurance eligibility,Customer requests administrative eligibility verification for HP-69341.,36,False,phone,medicare support
TKT-00820,2025-03-19T10:12:00Z,portal access,Portal password reset requested for HP-97450.,4,False,chat,employer plan
TKT-02000,2025-03-19T10:45:00Z,billing question,Payment posting question references HP-90338.,71,False,email,medicare support
TKT-00934,2025-03-19T11:41:00Z,referral status,Referral routing update requested under HP-92851.,50,False,web portal,standard
TKT-00178,2025-03-19T13:20:00Z,medical records request,Customer requests records-release instructions under HP-13853.,69,False,chat,medicare support
TKT-00848,2025-03-19T14:18:00Z,appointment scheduling,Customer asks about available scheduling options for HP-21191.,21,False,chat,standard
TKT-02742,2025-03-19T14:39:00Z,insurance eligibility,Employer-plan eligibility status needs validation for HP-79375.,68,False,phone,employer plan
TKT-02322,2025-03-19T14:44:00Z,prescription refill request,Refill request status inquiry references HP-95346; no clinical details included.,74,True,phone,standard
TKT-01503,2025-03-19T15:13:00Z,insurance eligibility,Coverage administration question references HP-68514.,34,False,chat,standard
TKT-01743,2025-03-19T18:07:00Z,appointment scheduling,Caller requests an appointment-time change under HP-73715.,13,False,phone,medicare support
TKT-00764,2025-03-19T18:35:00Z,portal access,Customer cannot access the service portal under HP-68066.,12,False,web portal,employer plan
TKT-02832,2025-03-19T18:43:00Z,insurance eligibility,Employer-plan eligibility status needs validation for HP-44711.,84,False,phone,employer plan
TKT-00262,2025-03-20T00:37:00Z,appointment scheduling,Administrative scheduling request for reference HP-22975.,13,False,phone,medicare support
TKT-01676,2025-03-20T01:40:00Z,medical records request,Records request status inquiry references HP-58513.,66,False,email,standard
TKT-00014,2025-03-20T04:34:00Z,appointment scheduling,Administrative scheduling request for reference HP-28193.,14,False,phone,medicare support
TKT-01609,2025-03-20T07:13:00Z,referral status,Referral routing update requested under HP-94826.,21,False,email,medicare support
TKT-02478,2025-03-20T07:13:00Z,portal access,Portal password reset requested for HP-37838.,10,False,web portal,standard
TKT-01483,2025-03-20T08:40:00Z,appointment scheduling,Administrative scheduling request for reference HP-32800.,12,False,phone,medicare support
TKT-00197,2025-03-20T10:55:00Z,medical records request,Customer requests records-release instructions under HP-35378.,109,False,email,employer plan
TKT-02317,2025-03-20T12:02:00Z,insurance eligibility,Customer requests administrative eligibility verification for HP-67069.,84,False,phone,medicare support
TKT-01230,2025-03-20T12:07:00Z,insurance eligibility,Coverage administration question references HP-45259.,62,False,web portal,employer plan
TKT-02934,2025-03-20T12:13:00Z,referral status,Customer asks whether referral paperwork was received for HP-49146.,47,False,chat,standard
TKT-00812,2025-03-20T12:42:00Z,appointment scheduling,Administrative scheduling request for reference HP-65160.,26,False,web portal,medicare support
TKT-01668,2025-03-20T12:43:00Z,general inquiry,Customer request requires manual routing under HP-95423.,87,False,email,standard
TKT-01219,2025-03-20T13:32:00Z,insurance eligibility,Coverage administration question references HP-55877.,53,False,web portal,medicare support
TKT-01850,2025-03-20T13:50:00Z,billing question,Payment posting question references HP-92628.,73,False,web portal,standard
TKT-02610,2025-03-20T14:50:00Z,appointment scheduling,Administrative scheduling request for reference HP-40795.,19,False,email,standard
TKT-02331,2025-03-20T17:20:00Z,general inquiry,Customer request requires manual routing under HP-53826.,80,False,phone,employer plan
TKT-00356,2025-03-20T18:09:00Z,prescription refill request,Administrative refill request requires licensed-team review under HP-52896.,82,False,phone,medicare support
TKT-02241,2025-03-20T19:00:00Z,portal access,Customer reports a locked portal account under HP-16065.,6,False,chat,premium care
TKT-02327,2025-03-20T19:44:00Z,prescription refill request,Refill request status inquiry references HP-59196; no clinical details included.,89,True,phone,employer plan
TKT-00228,2025-03-20T20:30:00Z,appointment scheduling,Customer asks about available scheduling options for HP-44354.,27,False,phone,standard
TKT-00867,2025-03-20T21:35:00Z,general inquiry,Uncategorized administrative inquiry references HP-77504.,33,False,email,premium care
TKT-01892,2025-03-20T23:04:00Z,billing question,Customer asks about an administrative statement under HP-43130.,41,False,email,standard
TKT-01281,2025-03-21T00:24:00Z,appointment scheduling,Customer asks about available scheduling options for HP-19242.,12,False,phone,standard
TKT-01882,2025-03-21T00:30:00Z,referral status,Customer asks whether referral paperwork was received for HP-69815.,19,False,email,medicare support
TKT-02620,2025-03-21T02:15:00Z,portal access,Customer reports a locked portal account under HP-54697.,7,False,web portal,premium care
TKT-02157,2025-03-21T02:56:00Z,prescription refill request,Administrative refill request requires licensed-team review under HP-69641.,53,False,web portal,standard
TKT-02638,2025-03-21T03:24:00Z,prescription refill request,Refill request status inquiry references HP-81521; no clinical details included.,98,True,web portal,standard
TKT-00613,2025-03-21T04:19:00Z,appointment scheduling,Customer asks about available scheduling options for HP-30491.,25,False,web portal,standard
TKT-02354,2025-03-21T05:53:00Z,appointment scheduling,Caller requests an appointment-time change under HP-70707.,21,False,phone,medicare support
TKT-00287,2025-03-21T06:09:00Z,medical records request,Customer asks which authorization form applies to HP-40215.,115,True,chat,standard
TKT-00171,2025-03-21T06:22:00Z,appointment scheduling,Customer asks about available scheduling options for HP-88191.,23,False,phone,premium care
TKT-02608,2025-03-21T06:43:00Z,appointment scheduling,Caller requests an appointment-time change under HP-78793.,13,False,phone,standard
TKT-01907,2025-03-21T09:05:00Z,prescription refill request,Refill request status inquiry references HP-63450; no clinical details included.,83,False,web portal,employer plan
TKT-02887,2025-03-21T10:01:00Z,appointment scheduling,Administrative scheduling request for reference HP-10773.,25,False,phone,employer plan
TKT-00162,2025-03-21T10:17:00Z,prescription refill request,Customer asks for refill-request routing under HP-43425.,93,False,web portal,medicare support
TKT-01365,2025-03-21T11:23:00Z,referral status,Referral routing update requested under HP-23262.,39,False,phone,medicare support
TKT-00736,2025-03-21T11:40:00Z,insurance eligibility,Coverage administration question references HP-62351.,79,False,phone,medicare support
TKT-00823,2025-03-21T13:42:00Z,referral status,Referral routing update requested under HP-23238.,55,False,web portal,employer plan
TKT-00483,2025-03-21T14:32:00Z,portal access,Customer reports a locked portal account under HP-12132.,12,False,phone,standard
TKT-01256,2025-03-21T18:10:00Z,medical records request,Customer asks which authorization form applies to HP-51435.,102,True,email,standard
TKT-00994,2025-03-21T18:54:00Z,referral status,Customer requests administrative referral status for HP-83844.,55,False,web portal,premium care
TKT-02068,2025-03-21T19:04:00Z,insurance eligibility,Customer requests administrative eligibility verification for HP-38760.,98,True,phone,employer plan
TKT-02772,2025-03-21T19:42:00Z,referral status,Customer asks whether referral paperwork was received for HP-84443.,31,False,email,medicare support
TKT-01928,2025-03-21T20:55:00Z,general inquiry,Multi-topic non-clinical inquiry recorded as HP-10786.,42,False,web portal,standard
TKT-02604,2025-03-21T21:21:00Z,portal access,Customer cannot access the service portal under HP-66106.,13,False,web portal,medicare support
TKT-01392,2025-03-21T21:33:00Z,insurance eligibility,Customer requests administrative eligibility verification for HP-85360.,78,False,web portal,employer plan
TKT-00502,2025-03-21T21:49:00Z,portal access,Customer reports a locked portal account under HP-57231.,10,False,chat,medicare support
TKT-00558,2025-03-21T22:45:00Z,insurance eligibility,Employer-plan eligibility status needs validation for HP-60895.,62,True,chat,employer plan
TKT-02848,2025-03-21T23:20:00Z,portal access,Customer reports a locked portal account under HP-57503.,5,False,phone,medicare support
TKT-02088,2025-03-22T00:46:00Z,appointment scheduling,Caller requests an appointment-time change under HP-68003.,27,False,web portal,standard
TKT-02910,2025-03-22T03:46:00Z,referral status,Referral routing update requested under HP-97959.,39,False,phone,standard
TKT-00036,2025-03-22T04:56:00Z,prescription refill request,Customer asks for refill-request routing under HP-46450.,73,True,web portal,employer plan
TKT-02783,2025-03-22T06:44:00Z,insurance eligibility,Coverage administration question references HP-89553.,61,False,web portal,employer plan
TKT-02768,2025-03-22T07:00:00Z,prescription refill request,Refill request status inquiry references HP-38992; no clinical details included.,113,True,chat,employer plan
TKT-01480,2025-03-22T08:23:00Z,appointment scheduling,Customer asks about available scheduling options for HP-52955.,11,False,phone,standard
TKT-02661,2025-03-22T09:38:00Z,referral status,Referral routing update requested under HP-14077.,24,False,chat,standard
TKT-01937,2025-03-22T10:04:00Z,prescription refill request,Refill request status inquiry references HP-86168; no clinical details included.,60,False,phone,medicare support
TKT-01150,2025-03-22T10:29:00Z,portal access,Customer cannot access the service portal under HP-35058.,12,False,web portal,employer plan
TKT-01984,2025-03-22T12:31:00Z,billing question,Customer requests an explanation of a service charge for HP-34254.,40,False,email,standard
TKT-02432,2025-03-22T12:45:00Z,referral status,Customer asks whether referral paperwork was received for HP-33756.,24,False,phone,employer plan
TKT-01091,2025-03-22T12:50:00Z,appointment scheduling,Caller requests an appointment-time change under HP-22013.,13,False,phone,standard
TKT-02868,2025-03-22T13:12:00Z,billing question,Payment posting question references HP-13002.,54,False,email,employer plan
TKT-02646,2025-03-22T16:25:00Z,appointment scheduling,Administrative scheduling request for reference HP-31550.,12,False,phone,employer plan
TKT-00168,2025-03-22T17:51:00Z,billing question,Customer requests an explanation of a service charge for HP-13695.,130,True,email,standard
TKT-00843,2025-03-22T21:01:00Z,portal access,Customer cannot access the service portal under HP-97437.,12,False,web portal,standard
TKT-00564,2025-03-22T21:39:00Z,insurance eligibility,Employer-plan eligibility status needs validation for HP-20811.,38,False,phone,standard
TKT-00097,2025-03-22T21:50:00Z,portal access,Customer cannot access the service portal under HP-10963.,16,False,web portal,standard
TKT-00889,2025-03-22T23:44:00Z,insurance eligibility,Employer-plan eligibility status needs validation for HP-81246.,82,False,chat,standard
TKT-02259,2025-03-23T00:55:00Z,appointment scheduling,Customer asks about available scheduling options for HP-85268.,16,False,phone,premium care
TKT-00868,2025-03-23T02:15:00Z,appointment scheduling,Administrative scheduling request for reference HP-95570.,18,False,phone,standard
TKT-02118,2025-03-23T07:07:00Z,insurance eligibility,Employer-plan eligibility status needs validation for HP-49770.,61,False,web portal,employer plan
TKT-01035,2025-03-23T08:44:00Z,insurance eligibility,Customer requests administrative eligibility verification for HP-84576.,54,False,phone,employer plan
TKT-00452,2025-03-23T08:45:00Z,billing question,Customer asks about an administrative statement under HP-39230.,63,False,email,standard
TKT-02036,2025-03-23T14:42:00Z,appointment scheduling,Caller requests an appointment-time change under HP-87130.,21,False,phone,employer plan
TKT-02374,2025-03-23T15:06:00Z,insurance eligibility,Customer requests administrative eligibility verification for HP-96976.,39,False,phone,premium care
TKT-00837,2025-03-23T19:32:00Z,appointment scheduling,Administrative scheduling request for reference HP-73785.,19,False,chat,premium care
TKT-00596,2025-03-23T20:14:00Z,billing question,Payment posting question references HP-49385.,118,True,email,standard
TKT-01770,2025-03-23T22:20:00Z,prescription refill request,Administrative refill request requires licensed-team review under HP-18559.,103,True,chat,standard
TKT-01872,2025-03-23T22:37:00Z,referral status,Referral routing update requested under HP-51166.,47,False,phone,medicare support
TKT-00052,2025-03-23T23:42:00Z,appointment scheduling,Caller requests an appointment-time change under HP-73299.,28,False,phone,standard
TKT-00806,2025-03-24T01:10:00Z,appointment scheduling,Administrative scheduling request for reference HP-23169.,12,False,phone,standard
TKT-01026,2025-03-24T03:08:00Z,appointment scheduling,Administrative scheduling request for reference HP-97882.,21,False,web portal,premium care
TKT-01321,2025-03-24T03:12:00Z,portal access,Portal password reset requested for HP-66008.,8,False,web portal,standard
TKT-01322,2025-03-24T07:23:00Z,portal access,Portal password reset requested for HP-75389.,14,False,web portal,medicare support
TKT-02402,2025-03-24T07:53:00Z,portal access,Customer reports a locked portal account under HP-77271.,6,False,chat,employer plan
TKT-02597,2025-03-24T10:09:00Z,prescription refill request,Refill request status inquiry references HP-92985; no clinical details included.,52,False,chat,medicare support
TKT-01831,2025-03-24T10:48:00Z,appointment scheduling,Customer asks about available scheduling options for HP-61880.,13,False,phone,standard
TKT-02011,2025-03-24T11:14:00Z,portal access,Portal password reset requested for HP-70360.,9,False,email,medicare support
TKT-02162,2025-03-24T11:55:00Z,billing question,Customer requests an explanation of a service charge for HP-79633.,37,False,email,standard
TKT-00854,2025-03-24T12:21:00Z,billing question,Payment posting question references HP-31178.,61,False,web portal,standard
TKT-00643,2025-03-24T18:36:00Z,billing question,Customer requests an explanation of a service charge for HP-75270.,65,False,phone,medicare support
TKT-01868,2025-03-24T21:29:00Z,portal access,Portal password reset requested for HP-38123.,6,False,phone,standard
TKT-00019,2025-03-24T22:28:00Z,insurance eligibility,Coverage administration question references HP-21193.,73,False,phone,standard
TKT-01352,2025-03-25T00:27:00Z,appointment scheduling,Customer asks about available scheduling options for HP-84570.,22,False,phone,standard
TKT-01391,2025-03-25T00:30:00Z,medical records request,Records request status inquiry references HP-82189.,75,False,email,employer plan
TKT-00550,2025-03-25T02:02:00Z,insurance eligibility,Customer requests administrative eligibility verification for HP-85652.,42,False,phone,standard
TKT-00415,2025-03-25T02:05:00Z,referral status,Customer asks whether referral paperwork was received for HP-63186.,55,False,phone,standard
TKT-01139,2025-03-25T03:22:00Z,appointment scheduling,Customer asks about available scheduling options for HP-70918.,18,False,phone,standard
TKT-00786,2025-03-25T06:46:00Z,appointment scheduling,Customer asks about available scheduling options for HP-60151.,25,False,phone,medicare support
TKT-01654,2025-03-25T08:44:00Z,medical records request,Customer requests records-release instructions under HP-44108.,120,False,phone,medicare support
TKT-02671,2025-03-25T10:26:00Z,insurance eligibility,Coverage administration question references HP-35840.,79,False,phone,standard
TKT-01191,2025-03-25T12:52:00Z,insurance eligibility,Coverage administration question references HP-52677.,110,True,phone,standard
TKT-00627,2025-03-25T13:12:00Z,general inquiry,Customer request requires manual routing under HP-96028.,12,False,email,premium care
TKT-01105,2025-03-25T13:49:00Z,billing question,Payment posting question references HP-11129.,35,False,phone,medicare support
TKT-01891,2025-03-25T15:46:00Z,insurance eligibility,Customer requests administrative eligibility verification for HP-39712.,71,False,phone,standard
TKT-01195,2025-03-25T18:19:00Z,referral status,Referral routing update requested under HP-95716.,45,False,email,standard
TKT-01404,2025-03-25T22:52:00Z,portal access,Customer cannot access the service portal under HP-85467.,5,False,web portal,standard
TKT-00081,2025-03-25T22:53:00Z,prescription refill request,Refill request status inquiry references HP-71173; no clinical details included.,95,False,phone,employer plan
TKT-02885,2025-03-25T23:07:00Z,insurance eligibility,Employer-plan eligibility status needs validation for HP-48748.,64,True,phone,standard
TKT-00158,2025-03-26T01:14:00Z,appointment scheduling,Administrative scheduling request for reference HP-33106.,11,False,email,standard
TKT-00487,2025-03-26T02:57:00Z,referral status,Customer requests administrative referral status for HP-12189.,39,False,web portal,premium care
TKT-00096,2025-03-26T04:01:00Z,appointment scheduling,Customer asks about available scheduling options for HP-39208.,16,False,phone,standard
TKT-01737,2025-03-26T05:38:00Z,prescription refill request,Customer asks for refill-request routing under HP-82875.,129,True,web portal,standard
TKT-02353,2025-03-26T05:55:00Z,prescription refill request,Customer asks for refill-request routing under HP-95354.,142,True,web portal,standard
TKT-00477,2025-03-26T07:15:00Z,referral status,Customer asks whether referral paperwork was received for HP-86641.,52,False,chat,employer plan
TKT-02651,2025-03-26T09:11:00Z,referral status,Referral routing update requested under HP-54776.,39,False,phone,employer plan
TKT-01200,2025-03-26T09:39:00Z,referral status,Customer asks whether referral paperwork was received for HP-79709.,33,False,web portal,standard
TKT-00699,2025-03-26T12:00:00Z,portal access,Customer cannot access the service portal under HP-84051.,5,False,web portal,employer plan
TKT-02320,2025-03-26T12:44:00Z,billing question,Customer requests an explanation of a service charge for HP-15612.,66,True,email,standard
TKT-01013,2025-03-26T14:37:00Z,portal access,Customer cannot access the service portal under HP-14165.,51,True,web portal,premium care
TKT-02876,2025-03-26T14:40:00Z,billing question,Payment posting question references HP-35182.,70,False,web portal,medicare support
TKT-01315,2025-03-26T15:13:00Z,insurance eligibility,Employer-plan eligibility status needs validation for HP-67629.,46,False,phone,premium care
TKT-01563,2025-03-26T16:49:00Z,appointment scheduling,Administrative scheduling request for reference HP-39183.,21,False,web portal,standard
TKT-02675,2025-03-26T17:21:00Z,appointment scheduling,Caller requests an appointment-time change under HP-29510.,17,False,web portal,employer plan
TKT-00460,2025-03-26T17:54:00Z,billing question,Payment posting question references HP-97802.,41,False,chat,standard
TKT-02281,2025-03-26T21:21:00Z,insurance eligibility,Employer-plan eligibility status needs validation for HP-12911.,49,False,phone,standard
TKT-01037,2025-03-27T00:36:00Z,referral status,Customer requests administrative referral status for HP-64097.,64,True,email,premium care
TKT-01732,2025-03-27T01:19:00Z,prescription refill request,Administrative refill request requires licensed-team review under HP-45646.,109,True,web portal,standard
TKT-00231,2025-03-27T02:17:00Z,appointment scheduling,Administrative scheduling request for reference HP-47683.,9,False,phone,medicare support
TKT-00902,2025-03-27T04:15:00Z,appointment scheduling,Customer asks about available scheduling options for HP-41124.,19,False,phone,premium care
TKT-02355,2025-03-27T05:39:00Z,billing question,Customer asks about an administrative statement under HP-27972.,120,True,email,employer plan
TKT-02897,2025-03-27T07:39:00Z,portal access,Customer cannot access the service portal under HP-59515.,15,False,web portal,medicare support
TKT-01818,2025-03-27T09:52:00Z,insurance eligibility,Customer requests administrative eligibility verification for HP-98577.,57,False,phone,employer plan
TKT-00721,2025-03-27T11:36:00Z,insurance eligibility,Coverage administration question references HP-76482.,109,True,web portal,employer plan
TKT-02169,2025-03-27T13:14:00Z,billing question,Customer requests an explanation of a service charge for HP-54675.,29,False,phone,standard
TKT-00301,2025-03-27T13:30:00Z,appointment scheduling,Administrative scheduling request for reference HP-61211.,15,False,web portal,medicare support
TKT-00201,2025-03-27T15:25:00Z,insurance eligibility,Customer requests administrative eligibility verification for HP-27498.,52,False,web portal,medicare support
TKT-01505,2025-03-27T15:51:00Z,portal access,Customer cannot access the service portal under HP-77668.,10,False,phone,employer plan
TKT-00727,2025-03-27T18:27:00Z,portal access,Portal password reset requested for HP-53261.,8,False,web portal,standard
TKT-00818,2025-03-27T19:36:00Z,portal access,Customer reports a locked portal account under HP-28831.,4,False,web portal,medicare support
TKT-00580,2025-03-27T20:54:00Z,billing question,Customer asks about an administrative statement under HP-98778.,45,False,web portal,employer plan
TKT-02470,2025-03-27T21:03:00Z,portal access,Customer cannot access the service portal under HP-13956.,12,False,web portal,employer plan
TKT-00520,2025-03-27T22:10:00Z,billing question,Payment posting question references HP-51206.,28,False,phone,premium care
TKT-01976,2025-03-28T00:15:00Z,billing question,Customer asks about an administrative statement under HP-79491.,47,False,email,medicare support
TKT-02191,2025-03-28T02:22:00Z,insurance eligibility,Customer requests administrative eligibility verification for HP-33890.,69,True,web portal,medicare support
TKT-00200,2025-03-28T02:42:00Z,portal access,Customer cannot access the service portal under HP-31849.,8,False,web portal,standard
TKT-00592,2025-03-28T06:18:00Z,referral status,Customer asks whether referral paperwork was received for HP-13362.,27,False,phone,medicare support
TKT-02913,2025-03-28T07:20:00Z,insurance eligibility,Coverage administration question references HP-10806.,76,False,chat,employer plan
TKT-02050,2025-03-28T10:25:00Z,billing question,Payment posting question references HP-54468.,117,True,phone,premium care
TKT-00007,2025-03-28T10:38:00Z,appointment scheduling,Caller requests an appointment-time change under HP-88464.,21,False,phone,medicare support
TKT-01436,2025-03-28T11:43:00Z,insurance eligibility,Customer requests administrative eligibility verification for HP-41733.,95,True,phone,medicare support
TKT-02970,2025-03-28T13:44:00Z,insurance eligibility,Customer requests administrative eligibility verification for HP-42664.,128,True,phone,premium care
TKT-00819,2025-03-28T13:50:00Z,insurance eligibility,Coverage administration question references HP-48571.,43,False,chat,employer plan
TKT-00397,2025-03-28T14:10:00Z,referral status,Referral routing update requested under HP-29121.,41,False,phone,standard
TKT-00218,2025-03-28T14:13:00Z,appointment scheduling,Customer asks about available scheduling options for HP-51605.,20,False,web portal,standard
TKT-01237,2025-03-28T14:51:00Z,prescription refill request,Refill request status inquiry references HP-29303; no clinical details included.,36,False,phone,employer plan
TKT-02613,2025-03-28T15:15:00Z,referral status,Customer requests administrative referral status for HP-98056.,30,False,phone,standard
TKT-02499,2025-03-28T15:47:00Z,appointment scheduling,Caller requests an appointment-time change under HP-44766.,23,False,email,medicare support
TKT-00561,2025-03-28T20:13:00Z,prescription refill request,Administrative refill request requires licensed-team review under HP-51029.,70,True,email,employer plan
TKT-01208,2025-03-28T23:13:00Z,prescription refill request,Refill request status inquiry references HP-37693; no clinical details included.,62,True,email,standard
TKT-02144,2025-03-28T23:51:00Z,appointment scheduling,Customer asks about available scheduling options for HP-23859.,18,False,phone,premium care
TKT-02956,2025-03-29T04:33:00Z,general inquiry,Uncategorized administrative inquiry references HP-36417.,75,True,email,medicare support
TKT-00290,2025-03-29T04:37:00Z,prescription refill request,Administrative refill request requires licensed-team review under HP-86037.,85,True,phone,standard
TKT-00042,2025-03-29T05:48:00Z,referral status,Referral routing update requested under HP-72690.,47,False,web portal,medicare support
TKT-00312,2025-03-29T05:53:00Z,appointment scheduling,Administrative scheduling request for reference HP-56088.,28,False,email,standard
TKT-01367,2025-03-29T06:11:00Z,portal access,Customer reports a locked portal account under HP-39089.,15,False,chat,medicare support
TKT-00578,2025-03-29T08:22:00Z,insurance eligibility,Customer requests administrative eligibility verification for HP-20314.,54,False,phone,standard
TKT-01842,2025-03-29T09:49:00Z,billing question,Customer asks about an administrative statement under HP-72060.,48,False,phone,standard
TKT-02488,2025-03-29T10:44:00Z,medical records request,Records request status inquiry references HP-76901.,87,False,email,standard
TKT-01076,2025-03-29T12:17:00Z,general inquiry,Customer request requires manual routing under HP-27666.,76,False,web portal,medicare support
TKT-00766,2025-03-29T12:22:00Z,insurance eligibility,Employer-plan eligibility status needs validation for HP-62223.,47,False,phone,standard
TKT-02407,2025-03-29T13:58:00Z,portal access,Customer cannot access the service portal under HP-13663.,5,False,web portal,employer plan
TKT-02388,2025-03-29T14:00:00Z,prescription refill request,Administrative refill request requires licensed-team review under HP-43924.,66,False,phone,medicare support
TKT-00077,2025-03-29T17:36:00Z,insurance eligibility,Employer-plan eligibility status needs validation for HP-75130.,34,False,phone,standard
TKT-02197,2025-03-29T18:04:00Z,medical records request,Customer requests records-release instructions under HP-90108.,115,False,email,employer plan
TKT-01031,2025-03-29T22:28:00Z,appointment scheduling,Customer asks about available scheduling options for HP-84051.,13,False,phone,standard
TKT-00410,2025-03-30T00:50:00Z,portal access,Customer reports a locked portal account under HP-89587.,41,True,web portal,medicare support
TKT-00255,2025-03-30T06:18:00Z,billing question,Customer asks about an administrative statement under HP-69598.,69,False,phone,standard
TKT-02100,2025-03-30T06:26:00Z,appointment scheduling,Caller requests an appointment-time change under HP-46480.,24,False,web portal,standard
TKT-00412,2025-03-30T06:35:00Z,prescription refill request,Refill request status inquiry references HP-30613; no clinical details included.,79,False,phone,employer plan
TKT-01532,2025-03-30T10:54:00Z,insurance eligibility,Employer-plan eligibility status needs validation for HP-36792.,68,False,web portal,standard
TKT-02229,2025-03-30T16:37:00Z,portal access,Portal password reset requested for HP-94593.,7,False,web portal,employer plan
TKT-00001,2025-03-30T22:15:00Z,portal access,Customer cannot access the service portal under HP-35880.,5,False,web portal,premium care
TKT-00953,2025-03-30T22:24:00Z,billing question,Customer asks about an administrative statement under HP-69572.,89,True,phone,standard
TKT-02877,2025-03-30T22:39:00Z,prescription refill request,Customer asks for refill-request routing under HP-59112.,68,False,web portal,standard
TKT-00671,2025-03-31T01:32:00Z,insurance eligibility,Customer requests administrative eligibility verification for HP-69321.,43,False,chat,standard
TKT-01192,2025-03-31T02:57:00Z,appointment scheduling,Customer asks about available scheduling options for HP-58057.,10,False,phone,employer plan
TKT-00124,2025-03-31T05:25:00Z,prescription refill request,Customer asks for refill-request routing under HP-51633.,111,True,phone,premium care
TKT-00640,2025-03-31T13:56:00Z,appointment scheduling,Administrative scheduling request for reference HP-41103.,16,False,chat,medicare support
TKT-00772,2025-03-31T17:44:00Z,appointment scheduling,Caller requests an appointment-time change under HP-85775.,28,False,web portal,medicare support
TKT-02845,2025-03-31T20:22:00Z,insurance eligibility,Coverage administration question references HP-40453.,100,True,phone,employer plan
TKT-02911,2025-03-31T21:05:00Z,portal access,Customer cannot access the service portal under HP-61967.,4,False,email,standard
TKT-00252,2025-03-31T21:23:00Z,appointment scheduling,Customer asks about available scheduling options for HP-43000.,24,False,phone,standard
TKT-02158,2025-03-31T22:09:00Z,appointment scheduling,Customer asks about available scheduling options for HP-75194.,23,False,web portal,medicare support
TKT-02210,2025-03-31T22:48:00Z,portal access,Customer reports a locked portal account under HP-69413.,6,False,web portal,employer plan
TKT-00607,2025-04-01T00:35:00Z,insurance eligibility,Coverage administration question references HP-97406.,61,False,phone,employer plan
TKT-01292,2025-04-01T00:39:00Z,prescription refill request,Refill request status inquiry references HP-41338; no clinical details included.,134,True,web portal,employer plan
TKT-00028,2025-04-01T01:59:00Z,billing question,Payment posting question references HP-86490.,74,False,chat,standard
TKT-00407,2025-04-01T04:34:00Z,medical records request,Records request status inquiry references HP-97431.,72,False,web portal,standard
TKT-02871,2025-04-01T05:28:00Z,insurance eligibility,Employer-plan eligibility status needs validation for HP-22363.,36,False,phone,standard
TKT-00923,2025-04-01T06:45:00Z,portal access,Customer cannot access the service portal under HP-90455.,15,False,web portal,employer plan
TKT-02953,2025-04-01T10:48:00Z,portal access,Customer reports a locked portal account under HP-56929.,11,False,web portal,medicare support
TKT-01510,2025-04-01T11:02:00Z,prescription refill request,Administrative refill request requires licensed-team review under HP-98684.,67,True,web portal,medicare support
TKT-01519,2025-04-01T13:17:00Z,prescription refill request,Customer asks for refill-request routing under HP-15148.,52,False,phone,standard
TKT-01455,2025-04-01T14:41:00Z,medical records request,Customer asks which authorization form applies to HP-74076.,105,False,email,medicare support
TKT-00785,2025-04-01T15:25:00Z,billing question,Customer requests an explanation of a service charge for HP-47496.,75,False,phone,employer plan
TKT-02864,2025-04-01T16:15:00Z,portal access,Customer reports a locked portal account under HP-51569.,6,False,web portal,employer plan
TKT-00997,2025-04-01T16:32:00Z,prescription refill request,Refill request status inquiry references HP-47020; no clinical details included.,83,True,phone,premium care
TKT-00683,2025-04-01T19:09:00Z,appointment scheduling,Caller requests an appointment-time change under HP-10247.,52,True,email,standard
TKT-00552,2025-04-01T19:18:00Z,billing question,Customer requests an explanation of a service charge for HP-36430.,38,False,email,standard
TKT-01210,2025-04-02T00:33:00Z,appointment scheduling,Caller requests an appointment-time change under HP-98252.,39,True,phone,standard
TKT-00348,2025-04-02T01:20:00Z,portal access,Customer reports a locked portal account under HP-94234.,4,False,web portal,employer plan
TKT-02582,2025-04-02T04:16:00Z,medical records request,Customer requests records-release instructions under HP-45527.,68,False,email,medicare support
TKT-01749,2025-04-02T06:22:00Z,portal access,Customer reports a locked portal account under HP-57902.,56,True,phone,employer plan
TKT-02456,2025-04-02T07:22:00Z,referral status,Customer asks whether referral paperwork was received for HP-19673.,23,False,web portal,medicare support
TKT-00456,2025-04-02T09:21:00Z,medical records request,Customer requests records-release instructions under HP-26935.,104,False,email,standard
TKT-01730,2025-04-02T09:26:00Z,insurance eligibility,Customer requests administrative eligibility verification for HP-24449.,73,False,chat,employer plan
TKT-02892,2025-04-02T09:29:00Z,medical records request,Customer requests records-release instructions under HP-93561.,77,False,email,employer plan
TKT-01924,2025-04-02T09:30:00Z,insurance eligibility,Coverage administration question references HP-65004.,104,True,phone,employer plan
TKT-00055,2025-04-02T16:26:00Z,portal access,Portal password reset requested for HP-31419.,6,False,phone,medicare support
TKT-02091,2025-04-02T16:49:00Z,appointment scheduling,Administrative scheduling request for reference HP-84477.,12,False,phone,medicare support
TKT-00745,2025-04-02T17:53:00Z,appointment scheduling,Customer asks about available scheduling options for HP-60728.,14,False,phone,medicare support
TKT-02632,2025-04-02T20:04:00Z,appointment scheduling,Caller requests an appointment-time change under HP-79489.,27,False,email,premium care
TKT-01081,2025-04-02T22:09:00Z,appointment scheduling,Customer asks about available scheduling options for HP-57608.,24,False,phone,standard
TKT-02803,2025-04-02T22:09:00Z,medical records request,Customer requests records-release instructions under HP-46878.,93,False,email,standard
TKT-01832,2025-04-02T22:39:00Z,billing question,Customer asks about an administrative statement under HP-34419.,60,True,email,medicare support
TKT-01801,2025-04-02T23:15:00Z,general inquiry,Uncategorized administrative inquiry references HP-54794.,126,True,phone,standard
TKT-00025,2025-04-03T05:10:00Z,appointment scheduling,Customer asks about available scheduling options for HP-58008.,19,False,phone,employer plan
TKT-01592,2025-04-03T05:21:00Z,referral status,Customer requests administrative referral status for HP-58106.,32,False,phone,standard
TKT-01555,2025-04-03T06:10:00Z,billing question,Payment posting question references HP-58908.,58,False,email,standard
TKT-01991,2025-04-03T09:24:00Z,referral status,Customer asks whether referral paperwork was received for HP-46050.,38,False,phone,standard
TKT-01232,2025-04-03T09:32:00Z,referral status,Referral routing update requested under HP-28808.,26,False,phone,standard
TKT-00427,2025-04-03T10:40:00Z,prescription refill request,Administrative refill request requires licensed-team review under HP-24834.,72,False,web portal,employer plan
TKT-00965,2025-04-03T15:55:00Z,medical records request,Records request status inquiry references HP-58335.,88,False,email,medicare support
TKT-02123,2025-04-03T16:52:00Z,appointment scheduling,Customer asks about available scheduling options for HP-81791.,10,False,phone,standard
TKT-01376,2025-04-03T18:06:00Z,appointment scheduling,Administrative scheduling request for reference HP-87078.,19,False,phone,medicare support
TKT-00956,2025-04-03T18:17:00Z,billing question,Payment posting question references HP-37798.,69,False,phone,standard
TKT-00012,2025-04-03T19:43:00Z,appointment scheduling,Administrative scheduling request for reference HP-76033.,16,False,email,standard
TKT-02756,2025-04-03T22:08:00Z,general inquiry,Multi-topic non-clinical inquiry recorded as HP-29414.,54,True,phone,standard
TKT-01493,2025-04-04T01:52:00Z,billing question,Customer requests an explanation of a service charge for HP-69074.,25,False,email,standard
TKT-02126,2025-04-04T02:05:00Z,portal access,Portal password reset requested for HP-83692.,8,False,chat,employer plan
TKT-01828,2025-04-04T02:28:00Z,insurance eligibility,Employer-plan eligibility status needs validation for HP-64833.,39,False,email,standard
TKT-02599,2025-04-04T02:54:00Z,insurance eligibility,Coverage administration question references HP-86454.,116,True,email,medicare support
TKT-00208,2025-04-04T02:59:00Z,billing question,Customer asks about an administrative statement under HP-22222.,109,True,phone,employer plan
TKT-01145,2025-04-04T05:39:00Z,insurance eligibility,Customer requests administrative eligibility verification for HP-53132.,52,False,phone,employer plan
TKT-02023,2025-04-04T10:11:00Z,insurance eligibility,Customer requests administrative eligibility verification for HP-38416.,92,True,phone,employer plan
TKT-00962,2025-04-04T12:06:00Z,appointment scheduling,Administrative scheduling request for reference HP-84291.,18,False,web portal,premium care
TKT-00421,2025-04-04T12:29:00Z,appointment scheduling,Customer asks about available scheduling options for HP-76845.,16,False,chat,employer plan
TKT-00678,2025-04-04T13:31:00Z,referral status,Customer requests administrative referral status for HP-83163.,40,False,phone,standard
TKT-02433,2025-04-04T15:17:00Z,medical records request,Customer asks which authorization form applies to HP-57043.,92,False,email,medicare support
TKT-01158,2025-04-04T16:10:00Z,appointment scheduling,Caller requests an appointment-time change under HP-87254.,18,False,phone,premium care
TKT-01958,2025-04-04T16:58:00Z,medical records request,Customer asks which authorization form applies to HP-64601.,67,False,chat,standard
TKT-00367,2025-04-04T20:00:00Z,portal access,Portal password reset requested for HP-82884.,12,False,email,standard
TKT-00140,2025-04-04T20:47:00Z,prescription refill request,Refill request status inquiry references HP-23535; no clinical details included.,56,False,phone,employer plan
TKT-02186,2025-04-04T21:02:00Z,appointment scheduling,Administrative scheduling request for reference HP-26740.,18,False,phone,medicare support
TKT-00044,2025-04-04T23:18:00Z,appointment scheduling,Administrative scheduling request for reference HP-53284.,23,False,phone,medicare support
TKT-00625,2025-04-05T00:45:00Z,prescription refill request,Administrative refill request requires licensed-team review under HP-66122.,79,False,phone,premium care
TKT-01819,2025-04-05T02:15:00Z,portal access,Customer cannot access the service portal under HP-26248.,11,False,email,employer plan
TKT-01481,2025-04-05T02:40:00Z,portal access,Customer cannot access the service portal under HP-65790.,11,False,web portal,standard
TKT-01618,2025-04-05T02:41:00Z,medical records request,Customer asks which authorization form applies to HP-54062.,62,False,email,medicare support
TKT-00755,2025-04-05T03:13:00Z,appointment scheduling,Caller requests an appointment-time change under HP-91060.,21,False,phone,medicare support
TKT-02152,2025-04-05T04:22:00Z,appointment scheduling,Caller requests an appointment-time change under HP-42717.,27,False,phone,standard
TKT-01175,2025-04-05T05:51:00Z,appointment scheduling,Caller requests an appointment-time change under HP-78866.,9,False,phone,medicare support
TKT-01627,2025-04-05T07:56:00Z,appointment scheduling,Caller requests an appointment-time change under HP-62212.,59,True,phone,premium care
TKT-00062,2025-04-05T08:07:00Z,referral status,Referral routing update requested under HP-96599.,78,True,email,medicare support
TKT-01223,2025-04-05T10:48:00Z,appointment scheduling,Caller requests an appointment-time change under HP-23111.,11,False,web portal,standard
TKT-00945,2025-04-05T13:51:00Z,medical records request,Records request status inquiry references HP-79396.,45,False,email,medicare support
TKT-01234,2025-04-05T14:56:00Z,portal access,Customer reports a locked portal account under HP-47929.,11,False,web portal,medicare support
TKT-00121,2025-04-05T18:16:00Z,prescription refill request,Refill request status inquiry references HP-51862; no clinical details included.,102,True,email,medicare support
TKT-00318,2025-04-05T22:01:00Z,portal access,Portal password reset requested for HP-84597.,12,False,web portal,standard
TKT-01541,2025-04-06T01:08:00Z,prescription refill request,Refill request status inquiry references HP-16501; no clinical details included.,74,True,phone,medicare support
TKT-02932,2025-04-06T01:21:00Z,portal access,Customer reports a locked portal account under HP-62033.,16,False,phone,standard
TKT-02602,2025-04-06T03:10:00Z,medical records request,Records request status inquiry references HP-27232.,92,False,email,employer plan
TKT-02616,2025-04-06T03:26:00Z,referral status,Customer requests administrative referral status for HP-62780.,57,True,phone,standard
TKT-01598,2025-04-06T03:36:00Z,billing question,Customer asks about an administrative statement under HP-61014.,62,False,phone,employer plan
TKT-00192,2025-04-06T05:40:00Z,appointment scheduling,Administrative scheduling request for reference HP-32748.,21,False,phone,standard
TKT-00493,2025-04-06T07:45:00Z,billing question,Customer requests an explanation of a service charge for HP-23119.,25,False,chat,employer plan
TKT-00117,2025-04-06T08:42:00Z,portal access,Portal password reset requested for HP-45460.,14,False,web portal,premium care
TKT-00285,2025-04-06T10:08:00Z,appointment scheduling,Customer asks about available scheduling options for HP-97230.,18,False,phone,medicare support
TKT-01371,2025-04-06T13:01:00Z,referral status,Customer asks whether referral paperwork was received for HP-75010.,20,False,web portal,standard
TKT-01615,2025-04-06T14:23:00Z,billing question,Payment posting question references HP-80410.,67,False,email,standard
TKT-00880,2025-04-06T14:45:00Z,appointment scheduling,Caller requests an appointment-time change under HP-93292.,9,False,phone,medicare support
TKT-01243,2025-04-06T17:48:00Z,billing question,Customer asks about an administrative statement under HP-72461.,46,False,email,employer plan
TKT-00060,2025-04-06T18:17:00Z,insurance eligibility,Customer requests administrative eligibility verification for HP-23425.,70,False,phone,standard
TKT-01206,2025-04-06T23:13:00Z,portal access,Portal password reset requested for HP-32863.,9,False,web portal,premium care
TKT-01879,2025-04-07T01:48:00Z,insurance eligibility,Employer-plan eligibility status needs validation for HP-22913.,59,False,phone,medicare support
TKT-01196,2025-04-07T05:14:00Z,medical records request,Records request status inquiry references HP-43250.,120,False,web portal,employer plan
TKT-00126,2025-04-07T05:31:00Z,billing question,Payment posting question references HP-27148.,47,False,phone,employer plan
TKT-02319,2025-04-07T07:03:00Z,insurance eligibility,Customer requests administrative eligibility verification for HP-54152.,84,False,phone,medicare support
TKT-01899,2025-04-07T07:27:00Z,appointment scheduling,Customer asks about available scheduling options for HP-27279.,18,False,phone,standard
TKT-01124,2025-04-07T08:22:00Z,appointment scheduling,Administrative scheduling request for reference HP-88578.,15,False,phone,standard
TKT-01671,2025-04-07T12:40:00Z,portal access,Customer reports a locked portal account under HP-65961.,4,False,web portal,employer plan
TKT-01571,2025-04-07T13:22:00Z,appointment scheduling,Caller requests an appointment-time change under HP-59664.,22,False,phone,employer plan
TKT-01015,2025-04-07T13:58:00Z,portal access,Customer reports a locked portal account under HP-36356.,52,True,phone,standard
TKT-00730,2025-04-07T15:06:00Z,portal access,Customer reports a locked portal account under HP-28929.,9,False,phone,standard
TKT-00581,2025-04-07T15:30:00Z,insurance eligibility,Coverage administration question references HP-68143.,98,True,phone,standard
TKT-00347,2025-04-07T17:10:00Z,medical records request,Customer requests records-release instructions under HP-27817.,94,False,phone,employer plan
TKT-02090,2025-04-07T17:12:00Z,appointment scheduling,Administrative scheduling request for reference HP-31898.,22,False,phone,standard
TKT-01985,2025-04-07T20:52:00Z,general inquiry,Customer request requires manual routing under HP-96572.,25,False,phone,medicare support
TKT-01695,2025-04-07T21:01:00Z,medical records request,Customer asks which authorization form applies to HP-37440.,94,True,phone,standard
TKT-02641,2025-04-07T21:14:00Z,billing question,Customer requests an explanation of a service charge for HP-63984.,72,True,phone,premium care
TKT-00657,2025-04-07T21:37:00Z,portal access,Customer cannot access the service portal under HP-52083.,14,False,web portal,medicare support
TKT-01433,2025-04-07T22:47:00Z,portal access,Portal password reset requested for HP-49692.,15,False,web portal,standard
TKT-00964,2025-04-07T23:51:00Z,insurance eligibility,Employer-plan eligibility status needs validation for HP-13739.,82,False,web portal,standard
TKT-02938,2025-04-08T00:04:00Z,medical records request,Customer requests records-release instructions under HP-41663.,53,False,email,employer plan
TKT-02007,2025-04-08T00:11:00Z,appointment scheduling,Customer asks about available scheduling options for HP-59438.,8,False,web portal,medicare support
TKT-01731,2025-04-08T00:18:00Z,general inquiry,Uncategorized administrative inquiry references HP-22097.,42,False,phone,employer plan
TKT-01401,2025-04-08T00:58:00Z,general inquiry,Uncategorized administrative inquiry references HP-45616.,29,False,email,employer plan
TKT-02492,2025-04-08T01:24:00Z,appointment scheduling,Caller requests an appointment-time change under HP-55107.,22,False,chat,employer plan
TKT-02861,2025-04-08T01:40:00Z,appointment scheduling,Administrative scheduling request for reference HP-37355.,23,False,phone,employer plan
TKT-00280,2025-04-08T02:29:00Z,appointment scheduling,Caller requests an appointment-time change under HP-97668.,13,False,web portal,employer plan
TKT-02902,2025-04-08T02:55:00Z,portal access,Portal password reset requested for HP-86575.,12,False,chat,medicare support
TKT-02184,2025-04-08T03:13:00Z,appointment scheduling,Administrative scheduling request for reference HP-63022.,9,False,web portal,standard
TKT-00913,2025-04-08T04:49:00Z,referral status,Customer asks whether referral paperwork was received for HP-53576.,43,False,web portal,medicare support
TKT-00116,2025-04-08T07:00:00Z,insurance eligibility,Customer requests administrative eligibility verification for HP-34824.,49,False,phone,medicare support
TKT-00512,2025-04-08T07:50:00Z,appointment scheduling,Customer asks about available scheduling options for HP-51433.,24,False,phone,standard
TKT-01956,2025-04-08T09:58:00Z,prescription refill request,Administrative refill request requires licensed-team review under HP-51779.,113,True,phone,premium care
TKT-02774,2025-04-08T14:55:00Z,referral status,Customer requests administrative referral status for HP-56718.,19,False,chat,standard
TKT-00390,2025-04-08T15:12:00Z,prescription refill request,Administrative refill request requires licensed-team review under HP-17698.,116,True,phone,employer plan
TKT-00027,2025-04-08T16:12:00Z,insurance eligibility,Customer requests administrative eligibility verification for HP-34826.,49,False,email,medicare support
TKT-02752,2025-04-08T17:41:00Z,portal access,Customer cannot access the service portal under HP-95939.,14,False,web portal,employer plan
TKT-02681,2025-04-08T18:57:00Z,appointment scheduling,Administrative scheduling request for reference HP-88209.,21,False,phone,premium care
TKT-02588,2025-04-08T20:37:00Z,referral status,Customer asks whether referral paperwork was received for HP-80876.,33,False,phone,standard
TKT-01856,2025-04-08T23:07:00Z,insurance eligibility,Employer-plan eligibility status needs validation for HP-38017.,102,True,phone,employer plan
TKT-01084,2025-04-08T23:14:00Z,general inquiry,Customer request requires manual routing under HP-17114.,51,False,phone,standard
TKT-00414,2025-04-09T01:12:00Z,medical records request,Customer asks which authorization form applies to HP-93334.,123,True,email,medicare support
TKT-01768,2025-04-09T01:21:00Z,portal access,Portal password reset requested for HP-73622.,8,False,chat,medicare support
TKT-02717,2025-04-09T02:10:00Z,medical records request,Records request status inquiry references HP-91469.,59,False,email,standard
TKT-01235,2025-04-09T02:16:00Z,billing question,Customer requests an explanation of a service charge for HP-14454.,27,False,email,standard
TKT-01368,2025-04-09T03:36:00Z,appointment scheduling,Administrative scheduling request for reference HP-60111.,26,False,phone,employer plan
TKT-00278,2025-04-09T04:03:00Z,portal access,Customer reports a locked portal account under HP-69732.,16,False,chat,medicare support
TKT-00645,2025-04-09T07:01:00Z,referral status,Referral routing update requested under HP-93855.,40,False,phone,medicare support
TKT-01634,2025-04-09T08:18:00Z,appointment scheduling,Caller requests an appointment-time change under HP-75064.,18,False,phone,premium care
TKT-01302,2025-04-09T11:13:00Z,portal access,Customer cannot access the service portal under HP-23542.,16,False,email,standard
TKT-00069,2025-04-09T12:41:00Z,prescription refill request,Customer asks for refill-request routing under HP-18917.,97,True,phone,medicare support
TKT-00464,2025-04-09T13:26:00Z,insurance eligibility,Employer-plan eligibility status needs validation for HP-84211.,127,True,phone,medicare support
TKT-00616,2025-04-09T17:49:00Z,portal access,Portal password reset requested for HP-58384.,44,True,phone,standard
TKT-00299,2025-04-09T19:00:00Z,prescription refill request,Customer asks for refill-request routing under HP-57715.,137,True,email,standard
TKT-00617,2025-04-09T22:38:00Z,insurance eligibility,Employer-plan eligibility status needs validation for HP-24897.,41,False,phone,standard
TKT-02061,2025-04-09T23:07:00Z,general inquiry,Uncategorized administrative inquiry references HP-96394.,40,True,phone,employer plan
TKT-02760,2025-04-10T00:01:00Z,portal access,Customer cannot access the service portal under HP-17018.,11,False,chat,employer plan
TKT-00892,2025-04-10T00:42:00Z,insurance eligibility,Customer requests administrative eligibility verification for HP-39897.,79,True,phone,employer plan
TKT-02637,2025-04-10T06:43:00Z,referral status,Customer requests administrative referral status for HP-55553.,27,False,web portal,standard
TKT-00444,2025-04-10T07:21:00Z,insurance eligibility,Coverage administration question references HP-19519.,42,False,email,employer plan
TKT-02460,2025-04-10T07:25:00Z,billing question,Payment posting question references HP-82951.,31,False,phone,employer plan
TKT-01117,2025-04-10T13:12:00Z,medical records request,Customer asks which authorization form applies to HP-18458.,120,False,web portal,standard
TKT-00080,2025-04-10T14:02:00Z,prescription refill request,Customer asks for refill-request routing under HP-24008.,75,False,web portal,medicare support
TKT-00446,2025-04-10T14:29:00Z,insurance eligibility,Customer requests administrative eligibility verification for HP-81548.,45,False,email,employer plan
TKT-01050,2025-04-10T15:05:00Z,appointment scheduling,Customer asks about available scheduling options for HP-16487.,25,False,chat,standard
TKT-00635,2025-04-10T15:22:00Z,appointment scheduling,Customer asks about available scheduling options for HP-43241.,20,False,phone,standard
TKT-02242,2025-04-10T15:33:00Z,portal access,Portal password reset requested for HP-10670.,6,False,chat,standard
TKT-00777,2025-04-10T16:21:00Z,prescription refill request,Customer asks for refill-request routing under HP-69256.,79,False,phone,standard
TKT-02554,2025-04-10T21:23:00Z,prescription refill request,Refill request status inquiry references HP-42485; no clinical details included.,81,False,phone,employer plan
TKT-02172,2025-04-11T01:25:00Z,insurance eligibility,Customer requests administrative eligibility verification for HP-79733.,73,False,email,employer plan
TKT-02046,2025-04-11T04:41:00Z,referral status,Customer requests administrative referral status for HP-38270.,36,False,email,employer plan
TKT-00844,2025-04-11T04:44:00Z,insurance eligibility,Coverage administration question references HP-70499.,87,True,phone,standard
TKT-02022,2025-04-11T05:06:00Z,medical records request,Customer requests records-release instructions under HP-36440.,55,False,email,premium care
TKT-00321,2025-04-11T05:59:00Z,portal access,Customer reports a locked portal account under HP-52055.,16,False,web portal,employer plan
TKT-00798,2025-04-11T05:59:00Z,appointment scheduling,Caller requests an appointment-time change under HP-17580.,26,False,phone,employer plan
TKT-02810,2025-04-11T09:28:00Z,billing question,Payment posting question references HP-53094.,39,False,email,employer plan
TKT-02882,2025-04-11T10:00:00Z,portal access,Customer cannot access the service portal under HP-49004.,12,False,web portal,standard
TKT-02958,2025-04-11T11:15:00Z,portal access,Customer reports a locked portal account under HP-10668.,15,False,web portal,standard
TKT-00246,2025-04-11T12:40:00Z,appointment scheduling,Caller requests an appointment-time change under HP-19319.,16,False,phone,standard
TKT-02865,2025-04-11T14:28:00Z,insurance eligibility,Employer-plan eligibility status needs validation for HP-19208.,34,False,phone,employer plan
TKT-02347,2025-04-11T15:30:00Z,appointment scheduling,Caller requests an appointment-time change under HP-89106.,22,False,phone,employer plan
TKT-00430,2025-04-11T16:17:00Z,prescription refill request,Administrative refill request requires licensed-team review under HP-33589.,132,True,email,employer plan
TKT-00074,2025-04-11T17:32:00Z,insurance eligibility,Employer-plan eligibility status needs validation for HP-51350.,82,False,phone,standard
TKT-01673,2025-04-11T18:31:00Z,prescription refill request,Administrative refill request requires licensed-team review under HP-78326.,136,True,phone,medicare support
TKT-01348,2025-04-11T19:25:00Z,appointment scheduling,Customer asks about available scheduling options for HP-44265.,27,False,phone,medicare support
TKT-00134,2025-04-11T19:41:00Z,appointment scheduling,Caller requests an appointment-time change under HP-12162.,19,False,web portal,medicare support
TKT-00866,2025-04-11T19:50:00Z,appointment scheduling,Customer asks about available scheduling options for HP-16180.,13,False,phone,standard
TKT-02710,2025-04-11T22:12:00Z,insurance eligibility,Customer requests administrative eligibility verification for HP-73679.,107,True,web portal,employer plan
TKT-01602,2025-04-11T22:35:00Z,portal access,Customer reports a locked portal account under HP-60651.,5,False,web portal,medicare support
TKT-02446,2025-04-11T22:54:00Z,appointment scheduling,Customer asks about available scheduling options for HP-47275.,9,False,phone,medicare support
TKT-01054,2025-04-11T23:05:00Z,appointment scheduling,Caller requests an appointment-time change under HP-92199.,16,False,web portal,premium care
TKT-01752,2025-04-12T01:01:00Z,billing question,Customer requests an explanation of a service charge for HP-45685.,35,False,phone,standard
TKT-02634,2025-04-12T01:15:00Z,appointment scheduling,Caller requests an appointment-time change under HP-24735.,21,False,phone,employer plan
TKT-01516,2025-04-12T06:13:00Z,insurance eligibility,Customer requests administrative eligibility verification for HP-88151.,58,False,chat,employer plan
TKT-01662,2025-04-12T06:57:00Z,insurance eligibility,Coverage administration question references HP-64446.,44,False,email,medicare support
TKT-00043,2025-04-12T07:49:00Z,insurance eligibility,Coverage administration question references HP-46844.,48,False,phone,premium care
TKT-00156,2025-04-12T09:47:00Z,billing question,Customer asks about an administrative statement under HP-32109.,69,False,web portal,standard
TKT-01835,2025-04-12T10:10:00Z,appointment scheduling,Caller requests an appointment-time change under HP-86568.,21,False,web portal,employer plan
TKT-02054,2025-04-12T10:22:00Z,appointment scheduling,Customer asks about available scheduling options for HP-44393.,16,False,phone,standard
TKT-00385,2025-04-12T10:30:00Z,appointment scheduling,Customer asks about available scheduling options for HP-82289.,26,False,web portal,standard
TKT-02006,2025-04-12T11:24:00Z,referral status,Customer asks whether referral paperwork was received for HP-32228.,48,False,phone,standard
TKT-00850,2025-04-12T11:33:00Z,billing question,Payment posting question references HP-62429.,67,True,email,standard
TKT-01296,2025-04-12T11:38:00Z,portal access,Portal password reset requested for HP-40257.,14,False,chat,standard
TKT-00811,2025-04-12T16:25:00Z,appointment scheduling,Caller requests an appointment-time change under HP-23401.,11,False,web portal,standard
TKT-01437,2025-04-12T17:06:00Z,appointment scheduling,Administrative scheduling request for reference HP-28471.,19,False,phone,standard
TKT-02631,2025-04-12T23:07:00Z,portal access,Customer reports a locked portal account under HP-81515.,15,False,web portal,medicare support
TKT-01021,2025-04-12T23:17:00Z,medical records request,Records request status inquiry references HP-18085.,172,True,phone,premium care
TKT-01041,2025-04-13T01:22:00Z,medical records request,Customer requests records-release instructions under HP-90541.,102,False,email,standard
TKT-02306,2025-04-13T01:55:00Z,portal access,Portal password reset requested for HP-81519.,16,False,email,employer plan
TKT-01581,2025-04-13T02:35:00Z,referral status,Customer requests administrative referral status for HP-41498.,38,False,phone,standard
TKT-00261,2025-04-13T03:12:00Z,appointment scheduling,Administrative scheduling request for reference HP-29191.,21,False,web portal,medicare support
TKT-01920,2025-04-13T03:42:00Z,appointment scheduling,Caller requests an appointment-time change under HP-77198.,8,False,phone,standard
TKT-01346,2025-04-13T03:51:00Z,billing question,Customer requests an explanation of a service charge for HP-30947.,50,False,phone,medicare support
TKT-01845,2025-04-13T04:25:00Z,referral status,Referral routing update requested under HP-67015.,32,False,email,standard
TKT-00829,2025-04-13T07:07:00Z,appointment scheduling,Administrative scheduling request for reference HP-30307.,28,False,phone,premium care
TKT-00160,2025-04-13T10:26:00Z,appointment scheduling,Caller requests an appointment-time change under HP-76558.,21,False,phone,medicare support
TKT-01971,2025-04-13T10:38:00Z,appointment scheduling,Caller requests an appointment-time change under HP-57399.,9,False,web portal,employer plan
TKT-02831,2025-04-13T11:01:00Z,billing question,Customer requests an explanation of a service charge for HP-58382.,51,True,web portal,standard
TKT-00981,2025-04-13T11:19:00Z,portal access,Customer cannot access the service portal under HP-86414.,12,False,web portal,standard
TKT-00402,2025-04-13T12:03:00Z,insurance eligibility,Employer-plan eligibility status needs validation for HP-36123.,93,True,email,standard
TKT-02239,2025-04-13T13:57:00Z,general inquiry,Uncategorized administrative inquiry references HP-46257.,67,False,web portal,standard
TKT-01717,2025-04-13T14:36:00Z,portal access,Customer cannot access the service portal under HP-68877.,7,False,chat,standard
TKT-00114,2025-04-13T14:51:00Z,appointment scheduling,Administrative scheduling request for reference HP-14764.,20,False,phone,standard
TKT-01007,2025-04-13T17:59:00Z,prescription refill request,Customer asks for refill-request routing under HP-63918.,100,True,phone,medicare support
TKT-01658,2025-04-13T18:28:00Z,appointment scheduling,Administrative scheduling request for reference HP-67305.,27,False,phone,premium care
TKT-01413,2025-04-13T19:50:00Z,insurance eligibility,Coverage administration question references HP-39382.,33,False,web portal,premium care
TKT-01062,2025-04-13T21:25:00Z,billing question,Customer requests an explanation of a service charge for HP-22830.,47,False,email,employer plan
TKT-02952,2025-04-13T22:09:00Z,portal access,Customer reports a locked portal account under HP-71753.,67,True,web portal,employer plan
TKT-02939,2025-04-13T23:28:00Z,portal access,Customer cannot access the service portal under HP-82841.,15,False,web portal,premium care
TKT-02997,2025-04-14T00:44:00Z,portal access,Customer reports a locked portal account under HP-59105.,35,True,web portal,employer plan
TKT-02931,2025-04-14T01:29:00Z,portal access,Customer reports a locked portal account under HP-44958.,14,False,web portal,standard
TKT-01400,2025-04-14T04:21:00Z,referral status,Referral routing update requested under HP-69617.,53,False,web portal,employer plan
TKT-01236,2025-04-14T04:59:00Z,general inquiry,Customer request requires manual routing under HP-53758.,82,True,phone,employer plan
TKT-00478,2025-04-14T07:45:00Z,portal access,Customer reports a locked portal account under HP-58093.,10,False,web portal,standard
TKT-01902,2025-04-14T09:45:00Z,prescription refill request,Customer asks for refill-request routing under HP-91960.,51,False,web portal,employer plan
TKT-00480,2025-04-14T09:56:00Z,appointment scheduling,Customer asks about available scheduling options for HP-42409.,18,False,phone,employer plan
TKT-00922,2025-04-14T12:35:00Z,billing question,Customer requests an explanation of a service charge for HP-16152.,73,False,phone,standard
TKT-00788,2025-04-14T14:58:00Z,billing question,Payment posting question references HP-14090.,25,False,email,premium care
TKT-02033,2025-04-14T15:28:00Z,appointment scheduling,Administrative scheduling request for reference HP-28235.,23,False,web portal,employer plan
TKT-02309,2025-04-14T17:02:00Z,appointment scheduling,Caller requests an appointment-time change under HP-87023.,11,False,phone,standard
TKT-01153,2025-04-14T17:38:00Z,portal access,Customer cannot access the service portal under HP-73383.,4,False,phone,employer plan
TKT-02099,2025-04-14T17:54:00Z,appointment scheduling,Customer asks about available scheduling options for HP-55777.,20,False,web portal,employer plan
TKT-00311,2025-04-14T20:34:00Z,appointment scheduling,Administrative scheduling request for reference HP-17494.,28,False,email,employer plan
TKT-02935,2025-04-14T20:48:00Z,referral status,Referral routing update requested under HP-66139.,27,False,web portal,employer plan
TKT-00825,2025-04-14T21:28:00Z,portal access,Portal password reset requested for HP-99134.,11,False,chat,employer plan
TKT-01240,2025-04-14T21:36:00Z,appointment scheduling,Customer asks about available scheduling options for HP-16505.,9,False,email,employer plan
TKT-02248,2025-04-14T23:53:00Z,prescription refill request,Refill request status inquiry references HP-28122; no clinical details included.,82,False,phone,medicare support
TKT-02410,2025-04-15T01:11:00Z,appointment scheduling,Administrative scheduling request for reference HP-68647.,14,False,phone,medicare support
TKT-02990,2025-04-15T02:12:00Z,prescription refill request,Customer asks for refill-request routing under HP-54722.,82,False,email,medicare support
TKT-00577,2025-04-15T03:52:00Z,portal access,Customer cannot access the service portal under HP-35566.,5,False,web portal,premium care
TKT-01922,2025-04-15T05:12:00Z,portal access,Customer cannot access the service portal under HP-24076.,8,False,chat,standard
TKT-01502,2025-04-15T06:26:00Z,appointment scheduling,Administrative scheduling request for reference HP-16284.,27,False,phone,standard
TKT-01728,2025-04-15T07:23:00Z,portal access,Customer reports a locked portal account under HP-35664.,16,False,web portal,standard
TKT-02930,2025-04-15T07:39:00Z,portal access,Customer cannot access the service portal under HP-94338.,14,False,web portal,employer plan
TKT-02982,2025-04-15T08:05:00Z,appointment scheduling,Caller requests an appointment-time change under HP-85947.,8,False,email,standard
TKT-02037,2025-04-15T08:46:00Z,insurance eligibility,Coverage administration question references HP-64062.,81,False,email,medicare support
TKT-02844,2025-04-15T09:47:00Z,medical records request,Customer asks which authorization form applies to HP-64113.,116,True,web portal,premium care
TKT-00943,2025-04-15T10:09:00Z,medical records request,Customer asks which authorization form applies to HP-28924.,104,False,phone,standard
TKT-01121,2025-04-15T10:51:00Z,billing question,Customer requests an explanation of a service charge for HP-31934.,37,False,phone,premium care
TKT-00977,2025-04-15T11:49:00Z,portal access,Customer reports a locked portal account under HP-71834.,9,False,chat,employer plan
TKT-02257,2025-04-15T13:55:00Z,insurance eligibility,Employer-plan eligibility status needs validation for HP-87487.,37,False,phone,standard
TKT-00856,2025-04-15T14:38:00Z,portal access,Customer cannot access the service portal under HP-92006.,4,False,web portal,premium care
TKT-01239,2025-04-15T16:00:00Z,prescription refill request,Administrative refill request requires licensed-team review under HP-25671.,101,True,phone,standard
TKT-02818,2025-04-15T16:40:00Z,referral status,Customer requests administrative referral status for HP-27414.,43,False,web portal,standard
TKT-02922,2025-04-15T18:15:00Z,appointment scheduling,Administrative scheduling request for reference HP-70143.,27,False,phone,standard
TKT-01187,2025-04-15T18:41:00Z,appointment scheduling,Caller requests an appointment-time change under HP-13592.,20,False,web portal,standard
TKT-00331,2025-04-15T19:18:00Z,insurance eligibility,Customer requests administrative eligibility verification for HP-67769.,32,False,email,standard
TKT-00275,2025-04-15T19:28:00Z,portal access,Customer cannot access the service portal under HP-76621.,7,False,web portal,standard
TKT-02889,2025-04-15T19:30:00Z,appointment scheduling,Customer asks about available scheduling options for HP-25363.,22,False,phone,standard
TKT-01170,2025-04-15T19:43:00Z,appointment scheduling,Customer asks about available scheduling options for HP-42582.,25,False,phone,standard
TKT-00040,2025-04-15T19:57:00Z,appointment scheduling,Caller requests an appointment-time change under HP-65310.,24,False,phone,premium care
TKT-02943,2025-04-16T01:36:00Z,portal access,Customer reports a locked portal account under HP-97649.,13,False,web portal,standard
TKT-01973,2025-04-16T03:48:00Z,general inquiry,Uncategorized administrative inquiry references HP-58067.,76,True,phone,employer plan
TKT-01670,2025-04-16T06:25:00Z,appointment scheduling,Administrative scheduling request for reference HP-17687.,15,False,phone,premium care
TKT-02701,2025-04-16T07:05:00Z,appointment scheduling,Administrative scheduling request for reference HP-22311.,10,False,phone,premium care
TKT-02993,2025-04-16T09:38:00Z,portal access,Portal password reset requested for HP-40933.,5,False,web portal,standard
TKT-01489,2025-04-16T14:32:00Z,insurance eligibility,Coverage administration question references HP-29691.,35,False,phone,employer plan
TKT-01471,2025-04-16T17:53:00Z,referral status,Customer requests administrative referral status for HP-31607.,25,False,web portal,standard
TKT-00667,2025-04-16T22:51:00Z,appointment scheduling,Customer asks about available scheduling options for HP-94052.,11,False,phone,premium care
TKT-01244,2025-04-16T23:12:00Z,appointment scheduling,Caller requests an appointment-time change under HP-55583.,20,False,web portal,premium care
TKT-02366,2025-04-16T23:27:00Z,portal access,Portal password reset requested for HP-36190.,7,False,chat,employer plan
TKT-01597,2025-04-16T23:32:00Z,appointment scheduling,Caller requests an appointment-time change under HP-26131.,14,False,phone,premium care
TKT-02771,2025-04-16T23:45:00Z,portal access,Customer cannot access the service portal under HP-14052.,10,False,email,employer plan
TKT-00495,2025-04-17T02:41:00Z,insurance eligibility,Employer-plan eligibility status needs validation for HP-48617.,32,False,phone,employer plan
TKT-01867,2025-04-17T04:53:00Z,referral status,Referral routing update requested under HP-85594.,31,False,phone,standard
TKT-01375,2025-04-17T05:24:00Z,portal access,Customer cannot access the service portal under HP-52669.,7,False,web portal,standard
TKT-02142,2025-04-17T05:41:00Z,insurance eligibility,Customer requests administrative eligibility verification for HP-38106.,56,False,phone,employer plan
TKT-02972,2025-04-17T05:45:00Z,medical records request,Customer asks which authorization form applies to HP-89914.,108,True,web portal,medicare support
TKT-00047,2025-04-17T07:58:00Z,prescription refill request,Customer asks for refill-request routing under HP-28575.,94,True,phone,standard
TKT-00436,2025-04-17T08:44:00Z,prescription refill request,Administrative refill request requires licensed-team review under HP-17709.,36,False,phone,standard
TKT-01987,2025-04-17T10:12:00Z,appointment scheduling,Customer asks about available scheduling options for HP-98190.,16,False,web portal,standard
TKT-00364,2025-04-17T10:46:00Z,general inquiry,Customer request requires manual routing under HP-41044.,26,False,email,standard
TKT-00548,2025-04-17T10:58:00Z,appointment scheduling,Customer asks about available scheduling options for HP-95488.,26,False,phone,medicare support
TKT-00441,2025-04-17T11:50:00Z,portal access,Customer cannot access the service portal under HP-24631.,8,False,web portal,standard
TKT-01913,2025-04-17T13:20:00Z,medical records request,Customer requests records-release instructions under HP-97069.,87,False,web portal,employer plan
TKT-01908,2025-04-17T14:02:00Z,appointment scheduling,Customer asks about available scheduling options for HP-87607.,24,False,chat,standard
TKT-00708,2025-04-17T14:47:00Z,portal access,Customer reports a locked portal account under HP-16426.,15,False,web portal,premium care
TKT-00213,2025-04-17T15:00:00Z,insurance eligibility,Coverage administration question references HP-68912.,71,False,chat,standard
TKT-01796,2025-04-17T16:56:00Z,appointment scheduling,Caller requests an appointment-time change under HP-46921.,21,False,email,medicare support
TKT-00249,2025-04-17T19:41:00Z,portal access,Customer reports a locked portal account under HP-27796.,9,False,web portal,medicare support
TKT-00198,2025-04-17T20:47:00Z,appointment scheduling,Customer asks about available scheduling options for HP-33437.,8,False,email,medicare support
TKT-01160,2025-04-17T21:02:00Z,prescription refill request,Refill request status inquiry references HP-43817; no clinical details included.,114,True,phone,employer plan
TKT-00393,2025-04-17T21:10:00Z,appointment scheduling,Customer asks about available scheduling options for HP-94835.,11,False,chat,standard
TKT-01485,2025-04-17T21:26:00Z,appointment scheduling,Caller requests an appointment-time change under HP-41584.,48,True,web portal,employer plan
TKT-02859,2025-04-17T22:32:00Z,insurance eligibility,Coverage administration question references HP-27131.,69,True,phone,medicare support
TKT-01379,2025-04-17T23:45:00Z,appointment scheduling,Caller requests an appointment-time change under HP-20257.,13,False,phone,employer plan
TKT-01394,2025-04-18T00:48:00Z,billing question,Customer asks about an administrative statement under HP-78458.,54,False,phone,standard
TKT-02072,2025-04-18T00:50:00Z,referral status,Referral routing update requested under HP-27069.,45,False,web portal,employer plan
TKT-01308,2025-04-18T04:03:00Z,prescription refill request,Administrative refill request requires licensed-team review under HP-71590.,85,True,phone,standard
TKT-01068,2025-04-18T04:43:00Z,appointment scheduling,Administrative scheduling request for reference HP-55377.,20,False,phone,standard
TKT-00847,2025-04-18T07:05:00Z,appointment scheduling,Customer asks about available scheduling options for HP-88568.,13,False,phone,standard
TKT-00950,2025-04-18T07:17:00Z,appointment scheduling,Caller requests an appointment-time change under HP-35628.,27,False,web portal,standard
TKT-02094,2025-04-18T07:42:00Z,insurance eligibility,Customer requests administrative eligibility verification for HP-92904.,74,False,email,employer plan
TKT-01901,2025-04-18T09:27:00Z,insurance eligibility,Employer-plan eligibility status needs validation for HP-19382.,48,False,phone,standard
TKT-00072,2025-04-18T09:54:00Z,portal access,Portal password reset requested for HP-78517.,16,False,email,standard
TKT-02394,2025-04-18T10:56:00Z,appointment scheduling,Caller requests an appointment-time change under HP-59008.,22,False,web portal,employer plan
TKT-02171,2025-04-18T11:45:00Z,medical records request,Records request status inquiry references HP-12864.,139,True,phone,standard
TKT-01750,2025-04-18T12:07:00Z,appointment scheduling,Caller requests an appointment-time change under HP-16770.,20,False,phone,standard
TKT-02962,2025-04-18T12:08:00Z,portal access,Customer reports a locked portal account under HP-78691.,7,False,chat,medicare support
TKT-02277,2025-04-18T14:28:00Z,appointment scheduling,Customer asks about available scheduling options for HP-14092.,15,False,phone,employer plan
TKT-02903,2025-04-18T15:08:00Z,medical records request,Customer asks which authorization form applies to HP-13706.,124,True,email,standard
TKT-02206,2025-04-18T16:20:00Z,portal access,Customer cannot access the service portal under HP-60032.,16,False,web portal,employer plan
TKT-00315,2025-04-18T17:01:00Z,referral status,Customer requests administrative referral status for HP-67254.,51,False,email,medicare support
TKT-01910,2025-04-18T19:34:00Z,appointment scheduling,Administrative scheduling request for reference HP-55339.,28,False,phone,standard
TKT-01388,2025-04-18T21:20:00Z,prescription refill request,Customer asks for refill-request routing under HP-80478.,72,True,phone,standard
TKT-02625,2025-04-18T21:59:00Z,general inquiry,Uncategorized administrative inquiry references HP-80589.,53,False,email,employer plan
TKT-00499,2025-04-19T00:13:00Z,billing question,Customer requests an explanation of a service charge for HP-93619.,35,False,web portal,standard
TKT-02048,2025-04-19T00:18:00Z,appointment scheduling,Customer asks about available scheduling options for HP-68594.,17,False,phone,standard
TKT-01846,2025-04-19T00:45:00Z,portal access,Customer reports a locked portal account under HP-20565.,11,False,web portal,standard
TKT-02535,2025-04-19T01:35:00Z,referral status,Referral routing update requested under HP-90099.,54,False,email,standard
TKT-01033,2025-04-19T01:38:00Z,prescription refill request,Administrative refill request requires licensed-team review under HP-69966.,82,False,email,medicare support
TKT-02780,2025-04-19T01:52:00Z,billing question,Customer requests an explanation of a service charge for HP-85792.,69,False,phone,employer plan
TKT-00800,2025-04-19T01:55:00Z,medical records request,Records request status inquiry references HP-95267.,103,False,email,medicare support
TKT-01941,2025-04-19T02:53:00Z,portal access,Customer cannot access the service portal under HP-32517.,12,False,web portal,standard
TKT-00771,2025-04-19T06:04:00Z,insurance eligibility,Coverage administration question references HP-72778.,48,False,phone,standard
TKT-02274,2025-04-19T09:47:00Z,appointment scheduling,Caller requests an appointment-time change under HP-86353.,27,False,phone,medicare support
TKT-00292,2025-04-19T10:42:00Z,portal access,Customer reports a locked portal account under HP-74329.,14,False,web portal,standard
TKT-00605,2025-04-19T11:16:00Z,appointment scheduling,Customer asks about available scheduling options for HP-35320.,24,False,chat,standard
TKT-00458,2025-04-19T12:36:00Z,insurance eligibility,Employer-plan eligibility status needs validation for HP-72350.,33,False,email,employer plan
TKT-02503,2025-04-19T13:50:00Z,prescription refill request,Customer asks for refill-request routing under HP-79732.,69,True,phone,standard
TKT-00122,2025-04-19T15:11:00Z,medical records request,Customer requests records-release instructions under HP-42236.,88,False,email,employer plan
TKT-02712,2025-04-19T17:12:00Z,prescription refill request,Refill request status inquiry references HP-49402; no clinical details included.,36,False,phone,standard
TKT-01245,2025-04-19T17:40:00Z,appointment scheduling,Customer asks about available scheduling options for HP-21575.,20,False,phone,standard
TKT-01461,2025-04-19T17:57:00Z,insurance eligibility,Employer-plan eligibility status needs validation for HP-16534.,63,False,phone,employer plan
TKT-02044,2025-04-19T18:19:00Z,prescription refill request,Refill request status inquiry references HP-46325; no clinical details included.,71,False,web portal,standard
TKT-01089,2025-04-19T18:30:00Z,billing question,Customer asks about an administrative statement under HP-42760.,55,False,phone,employer plan
TKT-02166,2025-04-19T18:30:00Z,billing question,Customer requests an explanation of a service charge for HP-41509.,68,False,phone,employer plan
TKT-01889,2025-04-19T19:52:00Z,appointment scheduling,Administrative scheduling request for reference HP-17872.,22,False,web portal,employer plan
TKT-02798,2025-04-19T20:02:00Z,portal access,Customer reports a locked portal account under HP-42711.,4,False,web portal,standard
TKT-02531,2025-04-19T23:34:00Z,portal access,Customer cannot access the service portal under HP-22814.,9,False,chat,standard
TKT-01412,2025-04-20T02:34:00Z,appointment scheduling,Caller requests an appointment-time change under HP-99662.,22,False,web portal,medicare support
TKT-02775,2025-04-20T04:24:00Z,insurance eligibility,Customer requests administrative eligibility verification for HP-40358.,54,False,phone,standard
TKT-02497,2025-04-20T05:47:00Z,insurance eligibility,Coverage administration question references HP-11999.,81,False,phone,employer plan
TKT-01149,2025-04-20T06:05:00Z,prescription refill request,Customer asks for refill-request routing under HP-14047.,96,True,web portal,standard
TKT-00271,2025-04-20T06:51:00Z,appointment scheduling,Administrative scheduling request for reference HP-27589.,9,False,web portal,standard
TKT-01070,2025-04-20T07:40:00Z,billing question,Payment posting question references HP-42701.,47,False,email,standard
TKT-02461,2025-04-20T08:03:00Z,portal access,Portal password reset requested for HP-58765.,8,False,chat,medicare support
TKT-01721,2025-04-20T12:34:00Z,portal access,Customer cannot access the service portal under HP-88969.,5,False,phone,employer plan
TKT-01808,2025-04-20T13:57:00Z,portal access,Customer cannot access the service portal under HP-26180.,5,False,web portal,premium care
TKT-01546,2025-04-20T14:09:00Z,referral status,Customer requests administrative referral status for HP-92433.,51,False,phone,standard
TKT-00291,2025-04-20T14:38:00Z,billing question,Customer asks about an administrative statement under HP-60480.,37,False,email,employer plan
TKT-00957,2025-04-20T19:22:00Z,portal access,Customer reports a locked portal account under HP-27980.,14,False,web portal,standard
TKT-02252,2025-04-20T20:23:00Z,billing question,Payment posting question references HP-88979.,56,False,email,standard
TKT-00927,2025-04-20T21:31:00Z,appointment scheduling,Customer asks about available scheduling options for HP-49249.,13,False,web portal,standard
TKT-01565,2025-04-20T22:20:00Z,insurance eligibility,Customer requests administrative eligibility verification for HP-64576.,31,False,phone,employer plan
TKT-01061,2025-04-20T22:35:00Z,appointment scheduling,Administrative scheduling request for reference HP-41342.,24,False,phone,employer plan
TKT-02919,2025-04-21T00:13:00Z,medical records request,Customer asks which authorization form applies to HP-25701.,88,False,email,premium care
TKT-02058,2025-04-21T00:48:00Z,portal access,Customer cannot access the service portal under HP-24998.,5,False,web portal,standard
TKT-01087,2025-04-21T01:46:00Z,general inquiry,Multi-topic non-clinical inquiry recorded as HP-52757.,66,False,phone,medicare support
TKT-01646,2025-04-21T03:18:00Z,referral status,Customer asks whether referral paperwork was received for HP-15309.,60,True,web portal,employer plan
TKT-01767,2025-04-21T04:59:00Z,referral status,Customer requests administrative referral status for HP-46093.,38,False,web portal,employer plan
TKT-00644,2025-04-21T06:15:00Z,prescription refill request,Refill request status inquiry references HP-92304; no clinical details included.,83,False,email,standard
TKT-01649,2025-04-21T07:16:00Z,medical records request,Records request status inquiry references HP-47106.,119,False,web portal,medicare support
TKT-01643,2025-04-21T07:58:00Z,appointment scheduling,Customer asks about available scheduling options for HP-30497.,62,True,phone,standard
TKT-00509,2025-04-21T09:27:00Z,portal access,Customer reports a locked portal account under HP-18122.,8,False,web portal,medicare support
TKT-01564,2025-04-21T09:27:00Z,medical records request,Customer asks which authorization form applies to HP-54001.,72,False,email,standard
TKT-02898,2025-04-21T10:35:00Z,billing question,Customer requests an explanation of a service charge for HP-99199.,29,False,web portal,standard
TKT-01189,2025-04-21T11:49:00Z,insurance eligibility,Employer-plan eligibility status needs validation for HP-53338.,70,True,chat,medicare support
TKT-02275,2025-04-21T13:32:00Z,referral status,Customer requests administrative referral status for HP-27193.,46,False,web portal,employer plan
TKT-02598,2025-04-21T14:17:00Z,medical records request,Customer requests records-release instructions under HP-52202.,84,False,email,employer plan
TKT-02313,2025-04-21T14:33:00Z,appointment scheduling,Customer asks about available scheduling options for HP-18145.,19,False,phone,standard
TKT-00978,2025-04-21T14:51:00Z,billing question,Payment posting question references HP-85786.,70,False,email,standard
TKT-02976,2025-04-21T17:17:00Z,prescription refill request,Customer asks for refill-request routing under HP-81371.,96,True,phone,standard
TKT-02839,2025-04-21T19:17:00Z,billing question,Customer asks about an administrative statement under HP-80478.,55,False,phone,employer plan
TKT-02983,2025-04-21T20:21:00Z,appointment scheduling,Administrative scheduling request for reference HP-41906.,17,False,phone,employer plan
TKT-01123,2025-04-21T21:04:00Z,insurance eligibility,Customer requests administrative eligibility verification for HP-48123.,136,True,phone,standard
TKT-01060,2025-04-21T22:20:00Z,prescription refill request,Customer asks for refill-request routing under HP-60427.,77,True,chat,premium care
TKT-01525,2025-04-22T02:38:00Z,billing question,Payment posting question references HP-66370.,27,False,email,premium care
TKT-02644,2025-04-22T02:38:00Z,appointment scheduling,Administrative scheduling request for reference HP-10249.,16,False,phone,medicare support
TKT-02301,2025-04-22T02:56:00Z,appointment scheduling,Customer asks about available scheduling options for HP-67922.,22,False,web portal,medicare support
TKT-02578,2025-04-22T05:18:00Z,general inquiry,Customer request requires manual routing under HP-72438.,28,False,chat,standard
TKT-00691,2025-04-22T05:44:00Z,insurance eligibility,Customer requests administrative eligibility verification for HP-44857.,61,False,phone,employer plan
TKT-00547,2025-04-22T07:30:00Z,medical records request,Customer requests records-release instructions under HP-64222.,116,False,phone,medicare support
TKT-01657,2025-04-22T08:28:00Z,medical records request,Customer requests records-release instructions under HP-67499.,119,False,email,medicare support
TKT-00447,2025-04-22T09:13:00Z,portal access,Customer cannot access the service portal under HP-71543.,13,False,web portal,premium care
TKT-02674,2025-04-22T09:18:00Z,medical records request,Customer requests records-release instructions under HP-51969.,64,False,web portal,standard
TKT-02640,2025-04-22T10:49:00Z,portal access,Customer cannot access the service portal under HP-71870.,31,True,web portal,premium care
TKT-00712,2025-04-22T12:43:00Z,referral status,Customer asks whether referral paperwork was received for HP-24156.,41,False,chat,standard
TKT-01328,2025-04-22T14:23:00Z,portal access,Customer reports a locked portal account under HP-13535.,13,False,web portal,employer plan
TKT-00417,2025-04-22T18:08:00Z,billing question,Payment posting question references HP-70890.,34,False,web portal,employer plan
TKT-00304,2025-04-22T19:12:00Z,billing question,Customer requests an explanation of a service charge for HP-84823.,53,False,email,premium care
TKT-01063,2025-04-22T20:11:00Z,billing question,Payment posting question references HP-39427.,49,True,email,employer plan
TKT-02051,2025-04-22T20:18:00Z,referral status,Referral routing update requested under HP-21411.,107,True,email,medicare support
TKT-00795,2025-04-22T21:49:00Z,portal access,Customer cannot access the service portal under HP-23320.,16,False,web portal,employer plan
TKT-01453,2025-04-23T00:47:00Z,portal access,Customer cannot access the service portal under HP-63605.,15,False,web portal,employer plan
TKT-01490,2025-04-23T07:02:00Z,insurance eligibility,Customer requests administrative eligibility verification for HP-60880.,65,False,phone,premium care
TKT-00353,2025-04-23T07:06:00Z,insurance eligibility,Customer requests administrative eligibility verification for HP-68941.,79,True,phone,standard
TKT-01797,2025-04-23T07:54:00Z,referral status,Customer asks whether referral paperwork was received for HP-57573.,21,False,phone,standard
TKT-00253,2025-04-23T08:42:00Z,appointment scheduling,Caller requests an appointment-time change under HP-25867.,8,False,phone,standard
TKT-01538,2025-04-23T08:43:00Z,appointment scheduling,Caller requests an appointment-time change under HP-64756.,19,False,phone,medicare support
TKT-01274,2025-04-23T10:03:00Z,billing question,Customer asks about an administrative statement under HP-78198.,66,False,web portal,standard
TKT-02003,2025-04-23T10:46:00Z,general inquiry,Multi-topic non-clinical inquiry recorded as HP-94914.,61,False,web portal,standard
TKT-02177,2025-04-23T10:47:00Z,insurance eligibility,Employer-plan eligibility status needs validation for HP-39892.,98,True,email,standard
TKT-00061,2025-04-23T13:59:00Z,appointment scheduling,Caller requests an appointment-time change under HP-51601.,28,False,phone,standard
TKT-02431,2025-04-23T17:31:00Z,portal access,Portal password reset requested for HP-51782.,5,False,web portal,standard
TKT-00107,2025-04-23T18:53:00Z,portal access,Customer cannot access the service portal under HP-55760.,10,False,phone,standard
TKT-02209,2025-04-23T19:14:00Z,prescription refill request,Refill request status inquiry references HP-23230; no clinical details included.,80,False,phone,employer plan
TKT-02762,2025-04-24T00:29:00Z,appointment scheduling,Administrative scheduling request for reference HP-80415.,12,False,phone,standard
TKT-01683,2025-04-24T00:39:00Z,insurance eligibility,Customer requests administrative eligibility verification for HP-44311.,92,True,chat,employer plan
TKT-01569,2025-04-24T01:03:00Z,insurance eligibility,Coverage administration question references HP-13620.,72,False,email,standard
TKT-00115,2025-04-24T03:47:00Z,referral status,Referral routing update requested under HP-99824.,32,False,web portal,standard
TKT-01307,2025-04-24T04:16:00Z,portal access,Customer cannot access the service portal under HP-79651.,12,False,web portal,standard
TKT-00094,2025-04-24T04:19:00Z,appointment scheduling,Customer asks about available scheduling options for HP-25842.,14,False,phone,standard
TKT-02863,2025-04-24T04:32:00Z,appointment scheduling,Customer asks about available scheduling options for HP-41044.,19,False,email,standard
TKT-00260,2025-04-24T06:46:00Z,appointment scheduling,Customer asks about available scheduling options for HP-35937.,58,True,phone,medicare support
TKT-00942,2025-04-24T10:52:00Z,referral status,Customer requests administrative referral status for HP-52633.,43,False,web portal,standard
TKT-00159,2025-04-24T10:55:00Z,portal access,Customer cannot access the service portal under HP-41274.,5,False,web portal,medicare support
TKT-01029,2025-04-24T12:38:00Z,insurance eligibility,Coverage administration question references HP-70606.,49,False,web portal,premium care
TKT-01214,2025-04-24T16:45:00Z,medical records request,Customer asks which authorization form applies to HP-30398.,79,False,phone,medicare support
TKT-01275,2025-04-24T23:53:00Z,prescription refill request,Customer asks for refill-request routing under HP-97380.,89,True,phone,medicare support
TKT-01338,2025-04-25T00:18:00Z,insurance eligibility,Customer requests administrative eligibility verification for HP-60511.,68,False,email,premium care
TKT-02029,2025-04-25T02:46:00Z,appointment scheduling,Caller requests an appointment-time change under HP-13713.,14,False,phone,premium care
TKT-01378,2025-04-25T05:26:00Z,general inquiry,Customer request requires manual routing under HP-57365.,57,False,email,employer plan
TKT-00091,2025-04-25T06:10:00Z,appointment scheduling,Caller requests an appointment-time change under HP-73227.,12,False,web portal,standard
TKT-00216,2025-04-25T08:33:00Z,appointment scheduling,Caller requests an appointment-time change under HP-90540.,19,False,phone,standard
TKT-02429,2025-04-25T08:38:00Z,portal access,Customer cannot access the service portal under HP-12634.,4,False,web portal,standard
TKT-01583,2025-04-25T09:55:00Z,referral status,Customer requests administrative referral status for HP-43822.,92,True,web portal,employer plan
TKT-00501,2025-04-25T11:53:00Z,general inquiry,Multi-topic non-clinical inquiry recorded as HP-31401.,63,False,email,standard
TKT-02560,2025-04-25T12:01:00Z,appointment scheduling,Caller requests an appointment-time change under HP-67191.,12,False,chat,standard
TKT-02326,2025-04-25T12:04:00Z,referral status,Customer asks whether referral paperwork was received for HP-78826.,25,False,phone,employer plan
TKT-00049,2025-04-25T13:17:00Z,referral status,Customer requests administrative referral status for HP-68600.,49,False,phone,employer plan
TKT-00835,2025-04-25T13:27:00Z,prescription refill request,Customer asks for refill-request routing under HP-81515.,86,True,web portal,employer plan
TKT-01486,2025-04-25T13:49:00Z,insurance eligibility,Customer requests administrative eligibility verification for HP-30490.,61,False,phone,employer plan
TKT-02236,2025-04-25T16:08:00Z,appointment scheduling,Caller requests an appointment-time change under HP-47940.,16,False,phone,standard
TKT-00388,2025-04-25T16:41:00Z,appointment scheduling,Administrative scheduling request for reference HP-19767.,28,False,phone,standard
TKT-01986,2025-04-25T16:45:00Z,portal access,Customer cannot access the service portal under HP-59746.,15,False,web portal,employer plan
TKT-00394,2025-04-25T18:43:00Z,prescription refill request,Customer asks for refill-request routing under HP-17293.,88,True,phone,standard
TKT-01715,2025-04-25T22:38:00Z,referral status,Referral routing update requested under HP-71661.,30,False,phone,medicare support
TKT-01430,2025-04-25T23:56:00Z,prescription refill request,Refill request status inquiry references HP-26617; no clinical details included.,117,True,email,standard
TKT-01344,2025-04-26T00:07:00Z,insurance eligibility,Employer-plan eligibility status needs validation for HP-56614.,82,False,phone,standard
TKT-02536,2025-04-26T00:23:00Z,appointment scheduling,Administrative scheduling request for reference HP-27316.,28,False,phone,standard
TKT-00628,2025-04-26T03:18:00Z,insurance eligibility,Employer-plan eligibility status needs validation for HP-78589.,42,False,phone,medicare support
TKT-00375,2025-04-26T04:32:00Z,appointment scheduling,Customer asks about available scheduling options for HP-82794.,17,False,web portal,standard
TKT-01246,2025-04-26T08:20:00Z,insurance eligibility,Coverage administration question references HP-36875.,55,False,phone,medicare support
TKT-02564,2025-04-26T10:02:00Z,referral status,Referral routing update requested under HP-12793.,36,False,phone,standard
TKT-02181,2025-04-26T10:11:00Z,referral status,Customer asks whether referral paperwork was received for HP-87228.,32,False,web portal,premium care
TKT-01900,2025-04-26T11:34:00Z,appointment scheduling,Administrative scheduling request for reference HP-33357.,22,False,phone,medicare support
TKT-01558,2025-04-26T13:55:00Z,referral status,Referral routing update requested under HP-51096.,54,False,phone,medicare support
TKT-01511,2025-04-26T14:10:00Z,insurance eligibility,Coverage administration question references HP-15524.,35,False,phone,standard
TKT-02586,2025-04-26T14:48:00Z,appointment scheduling,Caller requests an appointment-time change under HP-99223.,23,False,phone,employer plan
TKT-02116,2025-04-26T15:44:00Z,portal access,Portal password reset requested for HP-54913.,7,False,phone,standard
TKT-01526,2025-04-26T18:05:00Z,billing question,Customer requests an explanation of a service charge for HP-95998.,47,False,phone,standard
TKT-01440,2025-04-26T19:44:00Z,appointment scheduling,Customer asks about available scheduling options for HP-17576.,8,False,phone,employer plan
TKT-01374,2025-04-26T21:17:00Z,appointment scheduling,Administrative scheduling request for reference HP-62591.,21,False,phone,medicare support
TKT-00986,2025-04-26T21:54:00Z,appointment scheduling,Customer asks about available scheduling options for HP-89664.,26,False,phone,standard
TKT-00474,2025-04-27T00:54:00Z,prescription refill request,Refill request status inquiry references HP-82675; no clinical details included.,95,False,chat,medicare support
TKT-01250,2025-04-27T01:31:00Z,portal access,Portal password reset requested for HP-42064.,6,False,email,standard
TKT-02915,2025-04-27T02:40:00Z,prescription refill request,Customer asks for refill-request routing under HP-54396.,43,False,web portal,employer plan
TKT-02893,2025-04-27T03:29:00Z,appointment scheduling,Administrative scheduling request for reference HP-20196.,28,False,phone,medicare support
TKT-00319,2025-04-27T05:09:00Z,appointment scheduling,Caller requests an appointment-time change under HP-66281.,16,False,email,medicare support
TKT-02336,2025-04-27T05:27:00Z,portal access,Customer cannot access the service portal under HP-37295.,7,False,web portal,medicare support
TKT-00604,2025-04-27T08:59:00Z,portal access,Portal password reset requested for HP-28678.,12,False,web portal,premium care
TKT-02263,2025-04-27T12:04:00Z,portal access,Portal password reset requested for HP-20037.,16,False,web portal,medicare support
TKT-02377,2025-04-27T14:00:00Z,general inquiry,Customer request requires manual routing under HP-51098.,29,False,web portal,standard
TKT-01895,2025-04-27T14:11:00Z,portal access,Portal password reset requested for HP-16456.,8,False,web portal,employer plan
TKT-02776,2025-04-27T14:19:00Z,insurance eligibility,Coverage administration question references HP-97356.,53,False,phone,medicare support
TKT-01780,2025-04-27T16:24:00Z,insurance eligibility,Employer-plan eligibility status needs validation for HP-16962.,83,True,phone,employer plan
TKT-00535,2025-04-27T18:33:00Z,prescription refill request,Customer asks for refill-request routing under HP-63639.,120,True,phone,standard
TKT-02250,2025-04-27T18:45:00Z,portal access,Portal password reset requested for HP-77335.,12,False,web portal,medicare support
TKT-00063,2025-04-27T23:01:00Z,billing question,Customer requests an explanation of a service charge for HP-57583.,83,True,phone,medicare support
TKT-02130,2025-04-28T01:37:00Z,portal access,Customer cannot access the service portal under HP-77753.,7,False,email,medicare support
TKT-02115,2025-04-28T06:28:00Z,referral status,Customer asks whether referral paperwork was received for HP-61941.,77,True,email,employer plan
TKT-00017,2025-04-28T06:40:00Z,referral status,Customer requests administrative referral status for HP-59035.,24,False,email,medicare support
TKT-02482,2025-04-28T08:02:00Z,medical records request,Customer requests records-release instructions under HP-16084.,84,False,email,standard
TKT-02253,2025-04-28T08:15:00Z,appointment scheduling,Caller requests an appointment-time change under HP-15111.,24,False,web portal,standard
TKT-01279,2025-04-28T12:48:00Z,medical records request,Records request status inquiry references HP-74330.,45,False,phone,premium care
TKT-01587,2025-04-28T14:05:00Z,insurance eligibility,Coverage administration question references HP-39832.,75,True,email,employer plan
TKT-02729,2025-04-28T14:23:00Z,portal access,Customer cannot access the service portal under HP-29483.,11,False,web portal,standard
TKT-00563,2025-04-28T16:52:00Z,appointment scheduling,Caller requests an appointment-time change under HP-27145.,24,False,chat,standard
TKT-00243,2025-04-28T17:24:00Z,portal access,Customer cannot access the service portal under HP-31301.,7,False,web portal,medicare support
TKT-02918,2025-04-28T19:33:00Z,appointment scheduling,Caller requests an appointment-time change under HP-25497.,24,False,phone,premium care
TKT-02422,2025-04-28T20:26:00Z,general inquiry,Customer request requires manual routing under HP-18960.,60,True,email,medicare support
TKT-02328,2025-04-28T22:11:00Z,insurance eligibility,Coverage administration question references HP-12928.,31,False,phone,medicare support
TKT-02056,2025-04-28T22:26:00Z,appointment scheduling,Customer asks about available scheduling options for HP-76903.,24,False,email,premium care
TKT-02624,2025-04-29T00:53:00Z,referral status,Customer asks whether referral paperwork was received for HP-47658.,21,False,chat,standard
TKT-02819,2025-04-29T02:06:00Z,insurance eligibility,Employer-plan eligibility status needs validation for HP-17392.,122,True,email,standard
TKT-00409,2025-04-29T06:48:00Z,appointment scheduling,Administrative scheduling request for reference HP-27433.,28,False,phone,employer plan
TKT-00054,2025-04-29T06:53:00Z,medical records request,Records request status inquiry references HP-83526.,94,False,email,standard
TKT-02062,2025-04-29T07:11:00Z,portal access,Portal password reset requested for HP-24615.,8,False,web portal,standard
TKT-01748,2025-04-29T07:30:00Z,portal access,Customer reports a locked portal account under HP-44304.,9,False,chat,standard
TKT-02544,2025-04-29T10:03:00Z,appointment scheduling,Caller requests an appointment-time change under HP-23642.,28,False,chat,medicare support
TKT-01095,2025-04-29T10:21:00Z,insurance eligibility,Employer-plan eligibility status needs validation for HP-97468.,69,False,phone,medicare support
TKT-01529,2025-04-29T14:28:00Z,portal access,Portal password reset requested for HP-47313.,13,False,chat,medicare support
TKT-00420,2025-04-29T14:59:00Z,appointment scheduling,Caller requests an appointment-time change under HP-20058.,53,True,web portal,employer plan
TKT-01335,2025-04-29T15:06:00Z,insurance eligibility,Coverage administration question references HP-16707.,85,False,phone,standard
TKT-00482,2025-04-29T17:53:00Z,portal access,Customer cannot access the service portal under HP-85609.,15,False,web portal,medicare support
TKT-01143,2025-04-29T18:14:00Z,appointment scheduling,Customer asks about available scheduling options for HP-11260.,26,False,web portal,medicare support
TKT-00702,2025-04-29T20:10:00Z,insurance eligibility,Coverage administration question references HP-33145.,76,False,phone,standard
TKT-00508,2025-04-29T20:52:00Z,referral status,Customer requests administrative referral status for HP-63413.,45,False,web portal,medicare support
TKT-01198,2025-04-29T21:07:00Z,portal access,Portal password reset requested for HP-53438.,7,False,web portal,employer plan
TKT-02352,2025-04-29T21:55:00Z,referral status,Customer requests administrative referral status for HP-12021.,42,False,web portal,standard
TKT-01113,2025-04-30T00:30:00Z,insurance eligibility,Customer requests administrative eligibility verification for HP-12308.,96,True,phone,standard
TKT-02165,2025-04-30T01:40:00Z,portal access,Customer reports a locked portal account under HP-82735.,11,False,chat,standard
TKT-01268,2025-04-30T03:20:00Z,medical records request,Customer asks which authorization form applies to HP-75544.,91,False,email,medicare support
TKT-01464,2025-04-30T03:43:00Z,billing question,Payment posting question references HP-13633.,74,False,email,employer plan
TKT-00015,2025-04-30T03:46:00Z,appointment scheduling,Administrative scheduling request for reference HP-77435.,8,False,web portal,employer plan
TKT-02282,2025-04-30T04:25:00Z,insurance eligibility,Employer-plan eligibility status needs validation for HP-48037.,83,False,phone,standard
TKT-02170,2025-04-30T05:24:00Z,prescription refill request,Customer asks for refill-request routing under HP-87768.,41,False,email,standard
TKT-02827,2025-04-30T08:38:00Z,medical records request,Customer requests records-release instructions under HP-51261.,93,False,email,medicare support
TKT-00506,2025-04-30T10:04:00Z,appointment scheduling,Customer asks about available scheduling options for HP-86848.,72,True,email,employer plan
TKT-02284,2025-04-30T10:10:00Z,billing question,Customer requests an explanation of a service charge for HP-50745.,107,True,email,standard
TKT-01904,2025-04-30T12:02:00Z,referral status,Customer requests administrative referral status for HP-28204.,64,True,phone,premium care
TKT-00869,2025-04-30T12:21:00Z,prescription refill request,Administrative refill request requires licensed-team review under HP-41143.,43,False,web portal,medicare support
TKT-00750,2025-04-30T15:57:00Z,insurance eligibility,Employer-plan eligibility status needs validation for HP-32000.,50,False,phone,medicare support
TKT-01040,2025-04-30T16:38:00Z,billing question,Customer requests an explanation of a service charge for HP-20884.,45,False,phone,medicare support
TKT-02558,2025-04-30T23:15:00Z,appointment scheduling,Administrative scheduling request for reference HP-29094.,13,False,phone,standard
TKT-01755,2025-04-30T23:41:00Z,insurance eligibility,Customer requests administrative eligibility verification for HP-12613.,60,False,phone,employer plan
TKT-00748,2025-05-01T01:26:00Z,prescription refill request,Customer asks for refill-request routing under HP-88108.,89,True,phone,employer plan
TKT-01450,2025-05-01T02:33:00Z,portal access,Customer reports a locked portal account under HP-77338.,4,False,web portal,standard
TKT-00398,2025-05-01T03:06:00Z,billing question,Customer asks about an administrative statement under HP-57088.,52,False,web portal,employer plan
TKT-02073,2025-05-01T03:06:00Z,referral status,Customer requests administrative referral status for HP-43723.,66,True,email,employer plan
TKT-02697,2025-05-01T03:46:00Z,medical records request,Records request status inquiry references HP-47112.,76,False,phone,employer plan
TKT-01364,2025-05-01T03:55:00Z,portal access,Portal password reset requested for HP-32180.,5,False,web portal,standard
TKT-02279,2025-05-01T04:06:00Z,medical records request,Records request status inquiry references HP-74579.,118,False,email,standard
TKT-00307,2025-05-01T05:49:00Z,referral status,Referral routing update requested under HP-62083.,36,False,email,medicare support
TKT-00939,2025-05-01T05:58:00Z,referral status,Customer requests administrative referral status for HP-32550.,44,False,chat,medicare support
TKT-01705,2025-05-01T08:30:00Z,referral status,Customer asks whether referral paperwork was received for HP-70889.,45,False,phone,standard
TKT-00486,2025-05-01T12:40:00Z,billing question,Customer asks about an administrative statement under HP-64736.,63,False,phone,medicare support
TKT-02737,2025-05-01T12:51:00Z,insurance eligibility,Coverage administration question references HP-96707.,77,True,email,standard
TKT-00099,2025-05-01T13:58:00Z,appointment scheduling,Customer asks about available scheduling options for HP-60244.,25,False,chat,standard
TKT-00274,2025-05-01T16:27:00Z,insurance eligibility,Employer-plan eligibility status needs validation for HP-32471.,58,True,web portal,employer plan
TKT-00870,2025-05-01T16:52:00Z,appointment scheduling,Administrative scheduling request for reference HP-54238.,17,False,web portal,employer plan
TKT-02611,2025-05-02T00:37:00Z,insurance eligibility,Coverage administration question references HP-45386.,67,False,email,medicare support
TKT-00143,2025-05-02T02:36:00Z,portal access,Customer cannot access the service portal under HP-60554.,13,False,web portal,medicare support
TKT-01465,2025-05-02T03:22:00Z,appointment scheduling,Administrative scheduling request for reference HP-84563.,23,False,phone,premium care
TKT-00776,2025-05-02T03:40:00Z,billing question,Customer asks about an administrative statement under HP-72776.,51,False,email,standard
TKT-00793,2025-05-02T03:57:00Z,portal access,Customer cannot access the service portal under HP-74641.,15,False,web portal,employer plan
TKT-01866,2025-05-02T04:16:00Z,referral status,Customer requests administrative referral status for HP-20795.,54,False,phone,employer plan
TKT-01517,2025-05-02T05:52:00Z,appointment scheduling,Customer asks about available scheduling options for HP-62948.,26,False,web portal,employer plan
TKT-02977,2025-05-02T08:18:00Z,medical records request,Customer asks which authorization form applies to HP-63631.,59,False,phone,standard
TKT-00443,2025-05-02T09:27:00Z,insurance eligibility,Customer requests administrative eligibility verification for HP-94822.,34,False,phone,standard
TKT-00144,2025-05-02T11:25:00Z,insurance eligibility,Coverage administration question references HP-14736.,64,False,phone,standard
TKT-01380,2025-05-02T11:42:00Z,referral status,Customer requests administrative referral status for HP-64876.,22,False,email,standard
TKT-02890,2025-05-02T13:07:00Z,billing question,Customer asks about an administrative statement under HP-84338.,36,False,web portal,premium care
TKT-02745,2025-05-02T13:23:00Z,prescription refill request,Customer asks for refill-request routing under HP-20624.,53,False,phone,standard
TKT-02267,2025-05-02T13:28:00Z,appointment scheduling,Administrative scheduling request for reference HP-50662.,10,False,web portal,employer plan
TKT-01202,2025-05-02T15:44:00Z,medical records request,Records request status inquiry references HP-56398.,88,False,email,standard
TKT-01272,2025-05-02T17:56:00Z,medical records request,Customer requests records-release instructions under HP-96439.,64,False,email,standard
TKT-00619,2025-05-02T18:00:00Z,referral status,Customer asks whether referral paperwork was received for HP-18571.,54,False,phone,standard
TKT-00011,2025-05-02T19:33:00Z,referral status,Referral routing update requested under HP-64471.,46,False,chat,employer plan
TKT-02862,2025-05-02T20:29:00Z,general inquiry,Uncategorized administrative inquiry references HP-15425.,119,True,email,standard
TKT-02904,2025-05-02T21:08:00Z,appointment scheduling,Administrative scheduling request for reference HP-77590.,17,False,email,standard
TKT-01336,2025-05-02T21:24:00Z,appointment scheduling,Administrative scheduling request for reference HP-59502.,13,False,web portal,medicare support
TKT-01639,2025-05-02T22:44:00Z,billing question,Customer asks about an administrative statement under HP-65397.,25,False,web portal,standard
TKT-02425,2025-05-02T23:38:00Z,portal access,Customer cannot access the service portal under HP-65674.,5,False,web portal,standard
TKT-00858,2025-05-03T01:46:00Z,appointment scheduling,Customer asks about available scheduling options for HP-37610.,9,False,phone,standard
TKT-01205,2025-05-03T02:37:00Z,insurance eligibility,Employer-plan eligibility status needs validation for HP-41903.,46,False,phone,standard
TKT-00808,2025-05-03T06:05:00Z,insurance eligibility,Customer requests administrative eligibility verification for HP-55754.,57,False,email,premium care
TKT-00330,2025-05-03T06:54:00Z,appointment scheduling,Customer asks about available scheduling options for HP-48135.,13,False,email,standard
TKT-02580,2025-05-03T09:15:00Z,portal access,Customer cannot access the service portal under HP-13838.,5,False,web portal,premium care
TKT-00033,2025-05-03T10:14:00Z,medical records request,Customer requests records-release instructions under HP-64296.,47,False,web portal,employer plan
TKT-02117,2025-05-03T10:14:00Z,appointment scheduling,Caller requests an appointment-time change under HP-74263.,9,False,phone,premium care
TKT-02110,2025-05-03T11:21:00Z,appointment scheduling,Customer asks about available scheduling options for HP-33146.,14,False,email,standard
TKT-02340,2025-05-03T13:57:00Z,insurance eligibility,Coverage administration question references HP-63781.,85,False,email,employer plan
TKT-01764,2025-05-03T14:50:00Z,prescription refill request,Refill request status inquiry references HP-73445; no clinical details included.,79,False,web portal,standard
TKT-01651,2025-05-03T16:39:00Z,portal access,Customer cannot access the service portal under HP-44974.,26,True,web portal,standard
TKT-01229,2025-05-03T16:45:00Z,billing question,Payment posting question references HP-65174.,45,False,phone,medicare support
TKT-00530,2025-05-03T17:37:00Z,insurance eligibility,Employer-plan eligibility status needs validation for HP-32592.,64,False,phone,employer plan
TKT-01719,2025-05-03T18:36:00Z,general inquiry,Multi-topic non-clinical inquiry recorded as HP-73663.,70,True,email,standard
TKT-00406,2025-05-03T19:04:00Z,referral status,Customer requests administrative referral status for HP-61410.,18,False,email,standard
TKT-02974,2025-05-03T20:25:00Z,prescription refill request,Administrative refill request requires licensed-team review under HP-20604.,68,False,phone,standard
TKT-00636,2025-05-03T21:24:00Z,medical records request,Records request status inquiry references HP-16436.,62,False,web portal,employer plan
TKT-02262,2025-05-03T21:46:00Z,portal access,Portal password reset requested for HP-36775.,7,False,web portal,standard
TKT-02680,2025-05-03T21:59:00Z,appointment scheduling,Administrative scheduling request for reference HP-21037.,12,False,phone,premium care
TKT-00305,2025-05-03T22:35:00Z,portal access,Portal password reset requested for HP-43472.,8,False,chat,premium care
TKT-00593,2025-05-04T03:56:00Z,appointment scheduling,Customer asks about available scheduling options for HP-99571.,12,False,chat,standard
TKT-00897,2025-05-04T07:35:00Z,insurance eligibility,Coverage administration question references HP-28632.,64,True,web portal,employer plan
TKT-00379,2025-05-04T10:28:00Z,insurance eligibility,Coverage administration question references HP-25193.,98,True,email,medicare support
TKT-01960,2025-05-04T14:29:00Z,insurance eligibility,Employer-plan eligibility status needs validation for HP-63447.,62,False,email,employer plan
TKT-00188,2025-05-04T14:31:00Z,portal access,Portal password reset requested for HP-93596.,11,False,web portal,employer plan
TKT-00951,2025-05-04T14:47:00Z,billing question,Payment posting question references HP-92885.,97,True,phone,standard
TKT-00325,2025-05-04T17:35:00Z,insurance eligibility,Employer-plan eligibility status needs validation for HP-61311.,111,True,phone,employer plan
TKT-01838,2025-05-04T17:57:00Z,referral status,Referral routing update requested under HP-55825.,28,False,phone,premium care
TKT-00696,2025-05-04T18:24:00Z,appointment scheduling,Caller requests an appointment-time change under HP-10997.,15,False,phone,employer plan
TKT-02160,2025-05-04T19:35:00Z,general inquiry,Multi-topic non-clinical inquiry recorded as HP-63361.,13,False,email,standard
TKT-02439,2025-05-04T19:52:00Z,portal access,Portal password reset requested for HP-58044.,4,False,web portal,standard
TKT-01685,2025-05-04T21:23:00Z,insurance eligibility,Coverage administration question references HP-55800.,82,True,phone,premium care
TKT-02079,2025-05-04T21:58:00Z,insurance eligibility,Coverage administration question references HP-16264.,49,False,web portal,premium care
TKT-00649,2025-05-04T23:15:00Z,general inquiry,Multi-topic non-clinical inquiry recorded as HP-73045.,83,False,email,medicare support
TKT-02450,2025-05-05T01:09:00Z,medical records request,Customer asks which authorization form applies to HP-88531.,148,True,email,standard
TKT-00746,2025-05-05T05:14:00Z,prescription refill request,Customer asks for refill-request routing under HP-58662.,82,False,phone,standard
TKT-00537,2025-05-05T07:11:00Z,portal access,Portal password reset requested for HP-66006.,8,False,web portal,standard
TKT-01931,2025-05-05T17:44:00Z,medical records request,Customer asks which authorization form applies to HP-37000.,89,False,phone,employer plan
TKT-02867,2025-05-05T22:14:00Z,portal access,Customer cannot access the service portal under HP-39225.,4,False,chat,medicare support
TKT-02481,2025-05-05T22:48:00Z,portal access,Customer cannot access the service portal under HP-44172.,10,False,email,employer plan
TKT-01384,2025-05-06T01:24:00Z,portal access,Customer reports a locked portal account under HP-38612.,9,False,web portal,standard
TKT-00917,2025-05-06T03:29:00Z,appointment scheduling,Customer asks about available scheduling options for HP-46409.,28,False,phone,standard
TKT-00236,2025-05-06T04:53:00Z,insurance eligibility,Coverage administration question references HP-10818.,37,False,email,premium care
TKT-01194,2025-05-06T06:20:00Z,insurance eligibility,Customer requests administrative eligibility verification for HP-69292.,60,False,phone,medicare support
TKT-02548,2025-05-06T06:34:00Z,portal access,Portal password reset requested for HP-83215.,10,False,phone,standard
TKT-01557,2025-05-06T07:37:00Z,insurance eligibility,Customer requests administrative eligibility verification for HP-62958.,67,True,email,premium care
TKT-01377,2025-05-06T07:47:00Z,insurance eligibility,Coverage administration question references HP-82060.,102,True,phone,employer plan
TKT-01165,2025-05-06T10:23:00Z,referral status,Customer requests administrative referral status for HP-16575.,75,True,phone,employer plan
TKT-00803,2025-05-06T11:17:00Z,referral status,Customer asks whether referral paperwork was received for HP-22509.,21,False,web portal,standard
TKT-02453,2025-05-06T12:00:00Z,portal access,Customer cannot access the service portal under HP-26315.,13,False,web portal,employer plan
TKT-01860,2025-05-06T12:27:00Z,insurance eligibility,Customer requests administrative eligibility verification for HP-81440.,78,False,chat,employer plan
TKT-02834,2025-05-06T13:01:00Z,medical records request,Customer asks which authorization form applies to HP-68518.,113,False,chat,standard
TKT-02626,2025-05-06T13:16:00Z,portal access,Customer reports a locked portal account under HP-75694.,14,False,chat,medicare support
TKT-00240,2025-05-06T15:06:00Z,medical records request,Customer asks which authorization form applies to HP-20391.,84,False,chat,premium care
TKT-00149,2025-05-06T15:28:00Z,portal access,Portal password reset requested for HP-46796.,8,False,phone,standard
TKT-02080,2025-05-06T16:24:00Z,insurance eligibility,Employer-plan eligibility status needs validation for HP-37580.,81,False,email,employer plan
TKT-02010,2025-05-06T16:36:00Z,insurance eligibility,Customer requests administrative eligibility verification for HP-39399.,35,False,web portal,medicare support
TKT-00599,2025-05-06T19:05:00Z,appointment scheduling,Administrative scheduling request for reference HP-14084.,17,False,phone,premium care
TKT-00731,2025-05-06T19:45:00Z,appointment scheduling,Caller requests an appointment-time change under HP-54671.,26,False,chat,employer plan
TKT-01690,2025-05-06T22:40:00Z,prescription refill request,Administrative refill request requires licensed-team review under HP-30254.,86,True,web portal,standard
TKT-00767,2025-05-07T04:35:00Z,appointment scheduling,Caller requests an appointment-time change under HP-90562.,43,True,phone,standard
TKT-01479,2025-05-07T05:30:00Z,appointment scheduling,Customer asks about available scheduling options for HP-46938.,16,False,web portal,employer plan
TKT-02049,2025-05-07T06:16:00Z,prescription refill request,Refill request status inquiry references HP-18696; no clinical details included.,115,True,web portal,standard
TKT-02574,2025-05-07T07:51:00Z,billing question,Customer requests an explanation of a service charge for HP-17120.,69,False,web portal,employer plan
TKT-02513,2025-05-07T08:50:00Z,referral status,Customer asks whether referral paperwork was received for HP-33342.,84,True,web portal,premium care
TKT-02615,2025-05-07T15:28:00Z,appointment scheduling,Administrative scheduling request for reference HP-27368.,11,False,phone,standard
TKT-01744,2025-05-07T17:28:00Z,insurance eligibility,Employer-plan eligibility status needs validation for HP-12229.,37,False,email,standard
TKT-02333,2025-05-07T19:21:00Z,insurance eligibility,Customer requests administrative eligibility verification for HP-44254.,47,False,phone,standard
TKT-02286,2025-05-07T19:55:00Z,referral status,Customer requests administrative referral status for HP-81399.,60,True,phone,employer plan
TKT-02278,2025-05-07T21:01:00Z,medical records request,Records request status inquiry references HP-72641.,96,False,email,employer plan
TKT-01288,2025-05-07T21:24:00Z,general inquiry,Uncategorized administrative inquiry references HP-16454.,25,False,email,employer plan
TKT-01756,2025-05-07T23:18:00Z,referral status,Referral routing update requested under HP-84269.,53,False,phone,standard
TKT-02840,2025-05-08T04:42:00Z,insurance eligibility,Customer requests administrative eligibility verification for HP-14755.,76,False,phone,employer plan
TKT-01048,2025-05-08T05:05:00Z,insurance eligibility,Employer-plan eligibility status needs validation for HP-95887.,107,True,phone,medicare support
TKT-02679,2025-05-08T06:59:00Z,appointment scheduling,Caller requests an appointment-time change under HP-65384.,27,False,phone,medicare support
TKT-02129,2025-05-08T07:24:00Z,portal access,Customer reports a locked portal account under HP-36437.,11,False,web portal,standard
TKT-02196,2025-05-08T16:27:00Z,appointment scheduling,Customer asks about available scheduling options for HP-51341.,69,True,web portal,medicare support
TKT-02052,2025-05-08T18:39:00Z,portal access,Portal password reset requested for HP-48351.,16,False,web portal,medicare support
TKT-00457,2025-05-08T18:40:00Z,prescription refill request,Customer asks for refill-request routing under HP-86688.,63,False,web portal,employer plan
TKT-01058,2025-05-08T19:24:00Z,billing question,Customer requests an explanation of a service charge for HP-85560.,49,False,phone,medicare support
TKT-02034,2025-05-08T20:41:00Z,insurance eligibility,Employer-plan eligibility status needs validation for HP-16324.,75,False,web portal,employer plan
TKT-02237,2025-05-08T21:37:00Z,appointment scheduling,Caller requests an appointment-time change under HP-21855.,27,False,phone,premium care
TKT-01077,2025-05-08T21:57:00Z,portal access,Customer reports a locked portal account under HP-53147.,12,False,web portal,employer plan
TKT-00614,2025-05-09T02:16:00Z,portal access,Portal password reset requested for HP-54829.,15,False,web portal,standard
TKT-02349,2025-05-09T04:01:00Z,portal access,Customer cannot access the service portal under HP-99446.,10,False,web portal,medicare support
TKT-02076,2025-05-09T04:16:00Z,billing question,Customer requests an explanation of a service charge for HP-27545.,40,False,chat,standard
TKT-01287,2025-05-09T07:11:00Z,billing question,Customer asks about an administrative statement under HP-91103.,56,False,phone,employer plan
TKT-00637,2025-05-09T07:38:00Z,prescription refill request,Customer asks for refill-request routing under HP-55019.,38,False,web portal,standard
TKT-01781,2025-05-09T10:14:00Z,referral status,Customer requests administrative referral status for HP-27651.,49,False,phone,employer plan
TKT-02195,2025-05-09T11:01:00Z,appointment scheduling,Caller requests an appointment-time change under HP-43332.,13,False,email,medicare support
TKT-00479,2025-05-09T13:17:00Z,appointment scheduling,Administrative scheduling request for reference HP-17964.,37,True,web portal,standard
TKT-01327,2025-05-09T15:13:00Z,appointment scheduling,Customer asks about available scheduling options for HP-53620.,9,False,phone,standard
TKT-02101,2025-05-09T15:39:00Z,referral status,Customer requests administrative referral status for HP-15394.,34,False,phone,employer plan
TKT-01429,2025-05-09T18:43:00Z,portal access,Customer reports a locked portal account under HP-59702.,14,False,web portal,medicare support
TKT-02901,2025-05-09T20:20:00Z,insurance eligibility,Customer requests administrative eligibility verification for HP-91647.,62,False,email,standard
TKT-02337,2025-05-10T00:12:00Z,appointment scheduling,Administrative scheduling request for reference HP-23250.,24,False,phone,medicare support
TKT-00029,2025-05-10T00:29:00Z,insurance eligibility,Employer-plan eligibility status needs validation for HP-86826.,52,False,web portal,standard
TKT-00020,2025-05-10T00:32:00Z,insurance eligibility,Employer-plan eligibility status needs validation for HP-58655.,44,False,web portal,standard
TKT-00568,2025-05-10T00:34:00Z,billing question,Customer requests an explanation of a service charge for HP-71668.,40,True,email,medicare support
TKT-01356,2025-05-10T01:42:00Z,appointment scheduling,Administrative scheduling request for reference HP-48675.,18,False,web portal,premium care
TKT-00688,2025-05-10T03:41:00Z,insurance eligibility,Employer-plan eligibility status needs validation for HP-68294.,55,False,phone,standard
TKT-02856,2025-05-10T04:02:00Z,prescription refill request,Customer asks for refill-request routing under HP-33798.,127,True,phone,medicare support
TKT-01363,2025-05-10T04:04:00Z,medical records request,Customer asks which authorization form applies to HP-82016.,59,False,chat,employer plan
TKT-01332,2025-05-10T04:09:00Z,portal access,Customer reports a locked portal account under HP-54722.,9,False,web portal,standard
TKT-02220,2025-05-10T05:21:00Z,billing question,Customer requests an explanation of a service charge for HP-40107.,62,False,email,standard
TKT-02663,2025-05-10T07:02:00Z,prescription refill request,Customer asks for refill-request routing under HP-80785.,71,True,phone,medicare support
TKT-02718,2025-05-10T13:37:00Z,general inquiry,Customer request requires manual routing under HP-46574.,129,True,phone,standard
TKT-01096,2025-05-10T14:47:00Z,portal access,Customer reports a locked portal account under HP-81471.,15,False,web portal,medicare support
TKT-00718,2025-05-10T15:23:00Z,referral status,Customer asks whether referral paperwork was received for HP-72647.,38,False,phone,employer plan
TKT-00269,2025-05-10T18:36:00Z,portal access,Customer reports a locked portal account under HP-67679.,9,False,web portal,employer plan
TKT-02623,2025-05-10T19:51:00Z,billing question,Payment posting question references HP-23357.,66,False,web portal,medicare support
TKT-02722,2025-05-10T20:19:00Z,portal access,Portal password reset requested for HP-44838.,8,False,web portal,medicare support
TKT-01757,2025-05-10T23:22:00Z,appointment scheduling,Customer asks about available scheduling options for HP-62645.,22,False,phone,premium care
TKT-00551,2025-05-11T00:32:00Z,referral status,Customer requests administrative referral status for HP-87409.,30,False,email,standard
TKT-02805,2025-05-11T00:56:00Z,billing question,Payment posting question references HP-37874.,70,True,email,standard
TKT-00557,2025-05-11T01:33:00Z,prescription refill request,Administrative refill request requires licensed-team review under HP-43886.,38,False,web portal,standard
TKT-00925,2025-05-11T02:49:00Z,referral status,Customer asks whether referral paperwork was received for HP-99591.,48,False,email,standard
TKT-02891,2025-05-11T04:11:00Z,appointment scheduling,Administrative scheduling request for reference HP-73346.,8,False,web portal,premium care
TKT-02715,2025-05-11T04:46:00Z,insurance eligibility,Employer-plan eligibility status needs validation for HP-44282.,70,False,web portal,premium care
TKT-01278,2025-05-11T06:35:00Z,general inquiry,Multi-topic non-clinical inquiry recorded as HP-24723.,70,True,web portal,employer plan
TKT-01512,2025-05-11T10:35:00Z,portal access,Portal password reset requested for HP-40612.,6,False,email,standard
TKT-00067,2025-05-11T11:15:00Z,appointment scheduling,Administrative scheduling request for reference HP-63683.,17,False,phone,standard
TKT-01066,2025-05-11T12:03:00Z,appointment scheduling,Administrative scheduling request for reference HP-92341.,14,False,web portal,medicare support
TKT-01677,2025-05-11T12:12:00Z,appointment scheduling,Caller requests an appointment-time change under HP-58454.,20,False,web portal,employer plan
TKT-02027,2025-05-11T13:00:00Z,referral status,Customer requests administrative referral status for HP-61286.,23,False,phone,standard
TKT-02084,2025-05-11T14:17:00Z,appointment scheduling,Administrative scheduling request for reference HP-90853.,27,False,email,employer plan
TKT-02923,2025-05-11T15:09:00Z,portal access,Customer reports a locked portal account under HP-57819.,6,False,web portal,employer plan
TKT-02387,2025-05-11T15:28:00Z,appointment scheduling,Administrative scheduling request for reference HP-41819.,27,False,phone,standard
TKT-02265,2025-05-11T15:49:00Z,referral status,Customer asks whether referral paperwork was received for HP-61351.,33,False,phone,medicare support
TKT-02635,2025-05-11T17:15:00Z,insurance eligibility,Coverage administration question references HP-78044.,42,False,phone,employer plan
TKT-02563,2025-05-11T20:11:00Z,prescription refill request,Refill request status inquiry references HP-89675; no clinical details included.,89,True,phone,standard
TKT-00475,2025-05-12T04:08:00Z,insurance eligibility,Coverage administration question references HP-73441.,107,True,phone,employer plan
TKT-02708,2025-05-12T04:15:00Z,portal access,Portal password reset requested for HP-51510.,7,False,web portal,premium care
TKT-02532,2025-05-12T07:26:00Z,appointment scheduling,Administrative scheduling request for reference HP-73387.,13,False,chat,standard
TKT-00832,2025-05-12T08:25:00Z,referral status,Customer requests administrative referral status for HP-38135.,47,False,phone,standard
TKT-02212,2025-05-12T08:58:00Z,appointment scheduling,Caller requests an appointment-time change under HP-49088.,9,False,phone,medicare support
TKT-00500,2025-05-12T09:12:00Z,general inquiry,Uncategorized administrative inquiry references HP-98284.,24,False,phone,premium care
TKT-02941,2025-05-12T09:46:00Z,insurance eligibility,Customer requests administrative eligibility verification for HP-77785.,48,False,web portal,standard
TKT-00876,2025-05-12T12:16:00Z,billing question,Payment posting question references HP-48237.,60,False,email,standard
TKT-02244,2025-05-12T12:34:00Z,insurance eligibility,Customer requests administrative eligibility verification for HP-34015.,58,False,phone,employer plan
TKT-01644,2025-05-12T13:47:00Z,appointment scheduling,Caller requests an appointment-time change under HP-69909.,10,False,phone,premium care
TKT-02303,2025-05-12T15:27:00Z,prescription refill request,Administrative refill request requires licensed-team review under HP-95679.,104,True,web portal,medicare support
TKT-02356,2025-05-12T16:06:00Z,referral status,Customer asks whether referral paperwork was received for HP-93527.,35,False,email,standard
TKT-00692,2025-05-12T17:34:00Z,insurance eligibility,Employer-plan eligibility status needs validation for HP-91144.,61,False,phone,employer plan
TKT-02205,2025-05-12T20:35:00Z,appointment scheduling,Customer asks about available scheduling options for HP-21242.,13,False,phone,premium care
TKT-00401,2025-05-13T01:15:00Z,appointment scheduling,Administrative scheduling request for reference HP-75091.,13,False,chat,premium care
TKT-02886,2025-05-13T01:37:00Z,insurance eligibility,Employer-plan eligibility status needs validation for HP-77655.,48,False,phone,standard
TKT-01686,2025-05-13T02:08:00Z,appointment scheduling,Caller requests an appointment-time change under HP-85798.,14,False,email,standard
TKT-01146,2025-05-13T04:00:00Z,medical records request,Customer requests records-release instructions under HP-89654.,65,False,email,standard
TKT-02811,2025-05-13T04:41:00Z,portal access,Customer cannot access the service portal under HP-78936.,7,False,chat,employer plan
TKT-02430,2025-05-13T07:18:00Z,insurance eligibility,Coverage administration question references HP-26285.,40,False,phone,standard
TKT-01045,2025-05-13T07:37:00Z,appointment scheduling,Caller requests an appointment-time change under HP-62838.,24,False,web portal,standard
TKT-02785,2025-05-13T07:41:00Z,medical records request,Customer asks which authorization form applies to HP-47807.,144,True,email,standard
TKT-01826,2025-05-13T08:56:00Z,referral status,Customer asks whether referral paperwork was received for HP-81015.,30,False,phone,standard
TKT-01600,2025-05-13T09:50:00Z,prescription refill request,Administrative refill request requires licensed-team review under HP-23819.,73,False,chat,standard
TKT-01788,2025-05-13T11:07:00Z,referral status,Customer requests administrative referral status for HP-83989.,54,False,email,employer plan
TKT-01161,2025-05-13T11:48:00Z,insurance eligibility,Employer-plan eligibility status needs validation for HP-85473.,38,False,phone,medicare support
TKT-01136,2025-05-13T14:32:00Z,referral status,Customer asks whether referral paperwork was received for HP-50713.,55,False,web portal,employer plan
TKT-02288,2025-05-13T14:55:00Z,billing question,Payment posting question references HP-62894.,70,False,email,standard
TKT-00182,2025-05-13T15:43:00Z,appointment scheduling,Administrative scheduling request for reference HP-57962.,10,False,phone,employer plan
TKT-00941,2025-05-13T18:22:00Z,portal access,Portal password reset requested for HP-22308.,6,False,web portal,standard
TKT-00824,2025-05-13T19:38:00Z,medical records request,Customer asks which authorization form applies to HP-60909.,70,False,web portal,premium care
TKT-00527,2025-05-13T19:42:00Z,referral status,Referral routing update requested under HP-65919.,22,False,phone,standard
TKT-02258,2025-05-13T19:44:00Z,medical records request,Records request status inquiry references HP-58885.,106,True,chat,employer plan
TKT-00185,2025-05-13T20:41:00Z,appointment scheduling,Caller requests an appointment-time change under HP-89988.,8,False,email,standard
TKT-00438,2025-05-13T22:54:00Z,referral status,Customer asks whether referral paperwork was received for HP-56520.,44,False,phone,medicare support
TKT-01030,2025-05-13T23:25:00Z,insurance eligibility,Employer-plan eligibility status needs validation for HP-40827.,91,True,web portal,medicare support
TKT-00360,2025-05-14T05:18:00Z,prescription refill request,Administrative refill request requires licensed-team review under HP-81772.,122,True,phone,standard
TKT-02556,2025-05-14T06:31:00Z,billing question,Customer asks about an administrative statement under HP-35047.,45,False,email,standard
TKT-00906,2025-05-14T06:37:00Z,portal access,Customer reports a locked portal account under HP-50107.,14,False,web portal,standard
TKT-01099,2025-05-14T09:59:00Z,prescription refill request,Administrative refill request requires licensed-team review under HP-13325.,87,True,email,standard
TKT-00992,2025-05-14T11:10:00Z,portal access,Customer reports a locked portal account under HP-70275.,4,False,web portal,standard
TKT-00361,2025-05-14T14:38:00Z,portal access,Customer reports a locked portal account under HP-30494.,9,False,chat,standard
TKT-02735,2025-05-14T14:56:00Z,insurance eligibility,Employer-plan eligibility status needs validation for HP-44904.,58,False,email,standard
TKT-00195,2025-05-14T16:50:00Z,appointment scheduling,Administrative scheduling request for reference HP-79482.,43,True,phone,standard
TKT-01169,2025-05-14T18:34:00Z,insurance eligibility,Employer-plan eligibility status needs validation for HP-66015.,90,True,email,premium care
TKT-00799,2025-05-14T20:45:00Z,portal access,Customer cannot access the service portal under HP-57704.,13,False,web portal,medicare support
TKT-00648,2025-05-14T20:56:00Z,insurance eligibility,Customer requests administrative eligibility verification for HP-82172.,122,True,phone,standard
TKT-02690,2025-05-14T23:25:00Z,appointment scheduling,Administrative scheduling request for reference HP-96702.,11,False,phone,medicare support
TKT-01259,2025-05-15T13:32:00Z,portal access,Customer reports a locked portal account under HP-68926.,15,False,web portal,medicare support
TKT-02847,2025-05-15T13:32:00Z,appointment scheduling,Caller requests an appointment-time change under HP-59108.,56,True,web portal,medicare support
TKT-02669,2025-05-15T14:39:00Z,appointment scheduling,Caller requests an appointment-time change under HP-11582.,28,False,phone,standard
TKT-02086,2025-05-15T14:49:00Z,portal access,Customer reports a locked portal account under HP-74062.,15,False,web portal,employer plan
TKT-00016,2025-05-15T17:58:00Z,referral status,Referral routing update requested under HP-30927.,28,False,web portal,medicare support
TKT-01416,2025-05-15T18:47:00Z,medical records request,Customer requests records-release instructions under HP-71441.,55,False,email,standard
TKT-02734,2025-05-16T01:13:00Z,medical records request,Customer asks which authorization form applies to HP-93475.,102,False,web portal,employer plan
TKT-00621,2025-05-16T08:00:00Z,portal access,Customer cannot access the service portal under HP-91260.,33,True,chat,standard
TKT-00544,2025-05-16T08:44:00Z,insurance eligibility,Customer requests administrative eligibility verification for HP-11726.,31,False,email,premium care
TKT-02025,2025-05-16T10:59:00Z,prescription refill request,Customer asks for refill-request routing under HP-52477.,137,True,web portal,medicare support
TKT-00295,2025-05-16T17:27:00Z,appointment scheduling,Customer asks about available scheduling options for HP-71496.,8,False,phone,medicare support
TKT-01523,2025-05-16T18:02:00Z,general inquiry,Multi-topic non-clinical inquiry recorded as HP-79308.,56,True,email,premium care
TKT-00724,2025-05-16T18:18:00Z,billing question,Customer asks about an administrative statement under HP-97200.,60,False,web portal,medicare support
TKT-01933,2025-05-16T19:18:00Z,insurance eligibility,Employer-plan eligibility status needs validation for HP-72546.,83,True,phone,premium care
TKT-01102,2025-05-16T20:03:00Z,referral status,Referral routing update requested under HP-88513.,54,True,chat,employer plan
TKT-02310,2025-05-16T20:16:00Z,appointment scheduling,Administrative scheduling request for reference HP-79965.,15,False,phone,standard
TKT-00583,2025-05-16T21:05:00Z,general inquiry,Uncategorized administrative inquiry references HP-35206.,36,False,phone,medicare support
TKT-00719,2025-05-17T02:15:00Z,insurance eligibility,Employer-plan eligibility status needs validation for HP-97492.,55,False,phone,employer plan
TKT-02799,2025-05-17T11:20:00Z,referral status,Customer asks whether referral paperwork was received for HP-86610.,37,False,web portal,employer plan
TKT-01839,2025-05-17T14:45:00Z,insurance eligibility,Coverage administration question references HP-20045.,79,True,phone,premium care
TKT-00732,2025-05-17T14:47:00Z,appointment scheduling,Administrative scheduling request for reference HP-78619.,16,False,phone,standard
TKT-01151,2025-05-17T14:58:00Z,medical records request,Customer requests records-release instructions under HP-92258.,86,False,email,medicare support
TKT-00890,2025-05-17T17:28:00Z,referral status,Referral routing update requested under HP-53235.,28,False,email,standard
TKT-02666,2025-05-17T18:12:00Z,insurance eligibility,Customer requests administrative eligibility verification for HP-70163.,51,False,phone,standard
TKT-01580,2025-05-17T19:38:00Z,insurance eligibility,Employer-plan eligibility status needs validation for HP-90784.,83,False,phone,employer plan
TKT-00523,2025-05-17T19:46:00Z,portal access,Customer cannot access the service portal under HP-48477.,9,False,web portal,standard
TKT-01475,2025-05-17T20:54:00Z,prescription refill request,Administrative refill request requires licensed-team review under HP-87467.,108,True,web portal,medicare support
TKT-00735,2025-05-17T21:20:00Z,insurance eligibility,Coverage administration question references HP-40474.,74,False,web portal,employer plan
TKT-01591,2025-05-17T21:46:00Z,insurance eligibility,Employer-plan eligibility status needs validation for HP-23936.,57,False,phone,premium care
TKT-02525,2025-05-17T22:49:00Z,portal access,Customer reports a locked portal account under HP-13890.,13,False,web portal,standard
TKT-01762,2025-05-18T04:52:00Z,portal access,Customer cannot access the service portal under HP-90175.,14,False,web portal,employer plan
TKT-01720,2025-05-18T05:29:00Z,general inquiry,Uncategorized administrative inquiry references HP-80333.,42,False,web portal,medicare support
TKT-00833,2025-05-18T05:37:00Z,referral status,Customer requests administrative referral status for HP-31676.,24,False,email,employer plan
TKT-02004,2025-05-18T05:47:00Z,general inquiry,Multi-topic non-clinical inquiry recorded as HP-22171.,120,True,chat,standard
TKT-00328,2025-05-18T08:38:00Z,portal access,Customer reports a locked portal account under HP-26708.,12,False,web portal,medicare support
TKT-01431,2025-05-18T11:48:00Z,portal access,Portal password reset requested for HP-79911.,10,False,phone,standard
TKT-01227,2025-05-18T12:26:00Z,appointment scheduling,Caller requests an appointment-time change under HP-91001.,21,False,phone,employer plan
TKT-01320,2025-05-18T14:31:00Z,portal access,Portal password reset requested for HP-11598.,5,False,web portal,employer plan
TKT-00031,2025-05-18T16:39:00Z,billing question,Customer requests an explanation of a service charge for HP-16935.,73,True,email,employer plan
TKT-02967,2025-05-18T16:58:00Z,appointment scheduling,Customer asks about available scheduling options for HP-83269.,14,False,email,standard
TKT-00431,2025-05-18T18:55:00Z,general inquiry,Multi-topic non-clinical inquiry recorded as HP-48774.,85,False,email,standard
TKT-01277,2025-05-18T19:32:00Z,appointment scheduling,Customer asks about available scheduling options for HP-51995.,16,False,phone,employer plan
TKT-00485,2025-05-18T23:01:00Z,general inquiry,Customer request requires manual routing under HP-18725.,113,True,web portal,premium care
TKT-02795,2025-05-19T00:21:00Z,appointment scheduling,Caller requests an appointment-time change under HP-11285.,18,False,phone,employer plan
TKT-02925,2025-05-19T00:45:00Z,referral status,Customer requests administrative referral status for HP-61536.,53,False,phone,standard
TKT-00634,2025-05-19T00:48:00Z,referral status,Referral routing update requested under HP-92498.,33,False,chat,medicare support
TKT-02182,2025-05-19T01:02:00Z,appointment scheduling,Caller requests an appointment-time change under HP-40608.,10,False,chat,standard
TKT-02709,2025-05-19T01:28:00Z,medical records request,Customer asks which authorization form applies to HP-88489.,78,False,email,standard
TKT-01629,2025-05-19T01:31:00Z,portal access,Customer cannot access the service portal under HP-79285.,7,False,web portal,premium care
TKT-01507,2025-05-19T05:49:00Z,insurance eligibility,Coverage administration question references HP-23299.,45,False,chat,standard
TKT-02507,2025-05-19T07:51:00Z,insurance eligibility,Employer-plan eligibility status needs validation for HP-13308.,56,False,phone,medicare support
TKT-02761,2025-05-19T08:33:00Z,portal access,Customer cannot access the service portal under HP-66939.,15,False,web portal,employer plan
TKT-00286,2025-05-19T12:56:00Z,portal access,Customer cannot access the service portal under HP-27481.,5,False,web portal,standard
TKT-00861,2025-05-19T17:56:00Z,insurance eligibility,Employer-plan eligibility status needs validation for HP-56984.,109,True,phone,employer plan
TKT-01656,2025-05-19T18:21:00Z,insurance eligibility,Coverage administration question references HP-94161.,85,True,web portal,standard
TKT-01444,2025-05-19T20:06:00Z,insurance eligibility,Coverage administration question references HP-20553.,45,False,phone,premium care
TKT-02245,2025-05-19T23:40:00Z,appointment scheduling,Customer asks about available scheduling options for HP-54989.,33,True,phone,employer plan
TKT-01005,2025-05-19T23:51:00Z,appointment scheduling,Administrative scheduling request for reference HP-36241.,9,False,phone,medicare support
TKT-01326,2025-05-20T00:17:00Z,billing question,Customer requests an explanation of a service charge for HP-71006.,73,False,phone,medicare support
TKT-02221,2025-05-20T05:49:00Z,insurance eligibility,Employer-plan eligibility status needs validation for HP-19518.,79,True,email,standard
TKT-00498,2025-05-20T11:38:00Z,general inquiry,Customer request requires manual routing under HP-56306.,56,False,email,medicare support
TKT-00949,2025-05-20T13:58:00Z,insurance eligibility,Coverage administration question references HP-78702.,70,False,phone,standard
TKT-01273,2025-05-20T15:05:00Z,insurance eligibility,Customer requests administrative eligibility verification for HP-68762.,73,False,email,standard
TKT-00680,2025-05-20T16:20:00Z,general inquiry,Multi-topic non-clinical inquiry recorded as HP-47739.,81,False,email,medicare support
TKT-02164,2025-05-20T16:52:00Z,prescription refill request,Customer asks for refill-request routing under HP-89320.,97,True,email,employer plan
TKT-01342,2025-05-20T17:26:00Z,referral status,Referral routing update requested under HP-78709.,54,False,web portal,employer plan
TKT-02759,2025-05-20T18:10:00Z,medical records request,Customer requests records-release instructions under HP-10944.,79,False,email,medicare support
TKT-00545,2025-05-20T21:10:00Z,referral status,Referral routing update requested under HP-13788.,42,True,web portal,standard
TKT-01603,2025-05-20T21:48:00Z,referral status,Customer requests administrative referral status for HP-42774.,50,False,chat,standard
TKT-00473,2025-05-20T22:53:00Z,appointment scheduling,Customer asks about available scheduling options for HP-67490.,9,False,phone,standard
TKT-02134,2025-05-20T23:21:00Z,appointment scheduling,Administrative scheduling request for reference HP-92398.,20,False,web portal,medicare support
TKT-02575,2025-05-20T23:32:00Z,referral status,Customer requests administrative referral status for HP-42650.,74,True,email,employer plan
TKT-01815,2025-05-21T00:20:00Z,billing question,Customer asks about an administrative statement under HP-89061.,25,False,phone,standard
TKT-00111,2025-05-21T00:37:00Z,referral status,Customer asks whether referral paperwork was received for HP-36657.,27,False,phone,medicare support
TKT-01624,2025-05-21T03:09:00Z,billing question,Payment posting question references HP-10593.,35,False,email,medicare support
TKT-01103,2025-05-21T07:38:00Z,appointment scheduling,Customer asks about available scheduling options for HP-88070.,45,True,web portal,standard
TKT-01482,2025-05-21T07:48:00Z,general inquiry,Multi-topic non-clinical inquiry recorded as HP-80607.,33,False,phone,premium care
TKT-01314,2025-05-21T08:38:00Z,portal access,Portal password reset requested for HP-65986.,13,False,email,medicare support
TKT-02914,2025-05-21T08:49:00Z,prescription refill request,Customer asks for refill-request routing under HP-34642.,91,False,email,standard
TKT-02215,2025-05-21T10:08:00Z,medical records request,Customer asks which authorization form applies to HP-21405.,68,False,phone,employer plan
TKT-01174,2025-05-21T12:14:00Z,portal access,Portal password reset requested for HP-68499.,8,False,web portal,employer plan
TKT-00666,2025-05-21T12:46:00Z,insurance eligibility,Customer requests administrative eligibility verification for HP-72454.,60,False,chat,medicare support
TKT-01688,2025-05-21T14:02:00Z,general inquiry,Customer request requires manual routing under HP-96043.,40,False,email,employer plan
TKT-00497,2025-05-21T14:13:00Z,portal access,Portal password reset requested for HP-64689.,14,False,web portal,medicare support
TKT-02981,2025-05-21T15:13:00Z,appointment scheduling,Administrative scheduling request for reference HP-50967.,16,False,phone,medicare support
TKT-00066,2025-05-21T15:34:00Z,appointment scheduling,Administrative scheduling request for reference HP-44397.,13,False,phone,employer plan
TKT-01100,2025-05-21T19:17:00Z,referral status,Customer asks whether referral paperwork was received for HP-61713.,69,True,phone,standard
TKT-01925,2025-05-21T19:51:00Z,billing question,Customer asks about an administrative statement under HP-66368.,58,False,email,employer plan
TKT-02928,2025-05-21T19:55:00Z,general inquiry,Multi-topic non-clinical inquiry recorded as HP-56909.,65,False,web portal,medicare support
TKT-02895,2025-05-21T22:13:00Z,billing question,Payment posting question references HP-16598.,37,False,phone,employer plan
TKT-02552,2025-05-21T23:07:00Z,appointment scheduling,Administrative scheduling request for reference HP-54672.,11,False,email,standard
TKT-02437,2025-05-21T23:27:00Z,insurance eligibility,Customer requests administrative eligibility verification for HP-61984.,44,False,web portal,standard
TKT-01254,2025-05-22T00:35:00Z,portal access,Portal password reset requested for HP-70424.,14,False,web portal,employer plan
TKT-02682,2025-05-22T02:34:00Z,prescription refill request,Customer asks for refill-request routing under HP-44039.,80,False,web portal,standard
TKT-01632,2025-05-22T06:03:00Z,insurance eligibility,Customer requests administrative eligibility verification for HP-66306.,76,False,chat,standard
TKT-02016,2025-05-22T08:56:00Z,appointment scheduling,Administrative scheduling request for reference HP-72398.,15,False,phone,employer plan
TKT-01492,2025-05-22T09:02:00Z,appointment scheduling,Caller requests an appointment-time change under HP-73833.,11,False,phone,medicare support
TKT-00740,2025-05-22T09:06:00Z,referral status,Referral routing update requested under HP-89928.,44,False,phone,medicare support
TKT-02105,2025-05-22T09:43:00Z,appointment scheduling,Caller requests an appointment-time change under HP-40885.,37,True,phone,standard
TKT-02323,2025-05-22T11:36:00Z,insurance eligibility,Employer-plan eligibility status needs validation for HP-63312.,51,False,phone,medicare support
TKT-01252,2025-05-22T11:40:00Z,referral status,Referral routing update requested under HP-82934.,39,False,web portal,employer plan
TKT-02008,2025-05-22T12:36:00Z,referral status,Customer asks whether referral paperwork was received for HP-26581.,55,False,web portal,employer plan
TKT-01844,2025-05-22T15:19:00Z,insurance eligibility,Employer-plan eligibility status needs validation for HP-82273.,44,False,phone,medicare support
TKT-01840,2025-05-22T16:05:00Z,appointment scheduling,Administrative scheduling request for reference HP-43360.,19,False,phone,employer plan
TKT-00396,2025-05-22T16:32:00Z,insurance eligibility,Coverage administration question references HP-68347.,73,True,phone,standard
TKT-02397,2025-05-22T19:22:00Z,referral status,Customer requests administrative referral status for HP-41644.,34,False,phone,employer plan
TKT-01293,2025-05-22T22:04:00Z,insurance eligibility,Employer-plan eligibility status needs validation for HP-14650.,64,False,email,employer plan
TKT-01452,2025-05-23T01:29:00Z,appointment scheduling,Caller requests an appointment-time change under HP-70162.,23,False,phone,employer plan
TKT-02619,2025-05-23T01:45:00Z,portal access,Customer reports a locked portal account under HP-44474.,16,False,web portal,standard
TKT-01080,2025-05-23T02:37:00Z,general inquiry,Uncategorized administrative inquiry references HP-37120.,36,False,phone,employer plan
TKT-02477,2025-05-23T03:36:00Z,prescription refill request,Administrative refill request requires licensed-team review under HP-57377.,83,False,chat,standard
TKT-02605,2025-05-23T04:06:00Z,appointment scheduling,Caller requests an appointment-time change under HP-25883.,10,False,phone,medicare support
TKT-01760,2025-05-23T04:38:00Z,medical records request,Customer asks which authorization form applies to HP-65898.,50,False,email,standard
TKT-01706,2025-05-23T04:58:00Z,portal access,Customer cannot access the service portal under HP-83862.,15,False,web portal,employer plan
TKT-00453,2025-05-23T06:33:00Z,appointment scheduling,Customer asks about available scheduling options for HP-95486.,24,False,phone,premium care
TKT-02837,2025-05-23T06:49:00Z,appointment scheduling,Administrative scheduling request for reference HP-82934.,22,False,web portal,premium care
TKT-00571,2025-05-23T07:21:00Z,referral status,Customer requests administrative referral status for HP-18599.,49,False,phone,employer plan
TKT-01812,2025-05-23T10:59:00Z,insurance eligibility,Customer requests administrative eligibility verification for HP-90045.,85,True,email,standard
TKT-00112,2025-05-23T12:15:00Z,portal access,Customer reports a locked portal account under HP-82548.,13,False,web portal,standard
TKT-02965,2025-05-23T13:05:00Z,appointment scheduling,Customer asks about available scheduling options for HP-25339.,23,False,phone,standard
TKT-01257,2025-05-23T14:39:00Z,portal access,Customer cannot access the service portal under HP-59660.,15,False,chat,standard
TKT-01220,2025-05-23T17:33:00Z,insurance eligibility,Coverage administration question references HP-27968.,42,False,email,standard
TKT-00068,2025-05-23T18:44:00Z,prescription refill request,Customer asks for refill-request routing under HP-53980.,100,True,phone,premium care
TKT-02501,2025-05-23T19:39:00Z,portal access,Customer cannot access the service portal under HP-70767.,5,False,web portal,employer plan
TKT-01666,2025-05-23T19:59:00Z,referral status,Referral routing update requested under HP-82980.,38,False,email,employer plan
TKT-01361,2025-05-23T20:11:00Z,prescription refill request,Administrative refill request requires licensed-team review under HP-39969.,69,False,email,employer plan
TKT-00944,2025-05-23T22:53:00Z,appointment scheduling,Customer asks about available scheduling options for HP-49998.,16,False,email,employer plan
TKT-02132,2025-05-24T00:49:00Z,referral status,Customer asks whether referral paperwork was received for HP-95444.,39,True,phone,standard
TKT-01898,2025-05-24T02:39:00Z,appointment scheduling,Caller requests an appointment-time change under HP-64174.,18,False,web portal,medicare support
TKT-02850,2025-05-24T02:45:00Z,appointment scheduling,Caller requests an appointment-time change under HP-63524.,28,False,chat,medicare support
TKT-02440,2025-05-24T02:46:00Z,appointment scheduling,Administrative scheduling request for reference HP-40028.,10,False,phone,standard
TKT-00242,2025-05-24T03:56:00Z,insurance eligibility,Employer-plan eligibility status needs validation for HP-59919.,100,True,phone,premium care
TKT-00032,2025-05-24T04:06:00Z,appointment scheduling,Customer asks about available scheduling options for HP-68758.,12,False,phone,medicare support
TKT-02509,2025-05-24T04:12:00Z,referral status,Customer requests administrative referral status for HP-12441.,94,True,web portal,standard
TKT-02393,2025-05-24T04:15:00Z,appointment scheduling,Customer asks about available scheduling options for HP-25754.,17,False,phone,medicare support
TKT-02527,2025-05-24T04:43:00Z,portal access,Customer cannot access the service portal under HP-84949.,16,False,email,standard
TKT-00092,2025-05-24T05:28:00Z,appointment scheduling,Caller requests an appointment-time change under HP-45243.,27,False,phone,standard
TKT-00729,2025-05-24T08:20:00Z,appointment scheduling,Caller requests an appointment-time change under HP-71806.,21,False,chat,standard
TKT-00021,2025-05-24T10:13:00Z,billing question,Customer asks about an administrative statement under HP-84016.,56,False,phone,employer plan
TKT-00879,2025-05-24T12:28:00Z,portal access,Portal password reset requested for HP-69676.,7,False,web portal,standard
TKT-01611,2025-05-24T12:53:00Z,insurance eligibility,Customer requests administrative eligibility verification for HP-98817.,96,True,phone,medicare support
TKT-00467,2025-05-24T14:20:00Z,insurance eligibility,Customer requests administrative eligibility verification for HP-57754.,76,False,phone,medicare support
TKT-00310,2025-05-24T15:40:00Z,billing question,Customer asks about an administrative statement under HP-92358.,59,True,phone,standard
TKT-02975,2025-05-24T16:03:00Z,appointment scheduling,Administrative scheduling request for reference HP-97406.,18,False,web portal,employer plan
TKT-02375,2025-05-24T17:03:00Z,medical records request,Records request status inquiry references HP-24003.,74,True,email,premium care
TKT-01381,2025-05-24T17:53:00Z,medical records request,Customer asks which authorization form applies to HP-37737.,75,False,phone,employer plan
TKT-02758,2025-05-24T18:02:00Z,appointment scheduling,Customer asks about available scheduling options for HP-73702.,21,False,web portal,standard
TKT-00514,2025-05-24T20:07:00Z,prescription refill request,Administrative refill request requires licensed-team review under HP-85815.,70,False,phone,medicare support
TKT-01304,2025-05-24T20:35:00Z,referral status,Referral routing update requested under HP-68268.,26,False,phone,employer plan
TKT-02001,2025-05-24T22:59:00Z,insurance eligibility,Employer-plan eligibility status needs validation for HP-46381.,64,False,phone,employer plan
TKT-01709,2025-05-24T23:05:00Z,appointment scheduling,Customer asks about available scheduling options for HP-91694.,8,False,web portal,medicare support
TKT-00459,2025-05-25T00:35:00Z,prescription refill request,Administrative refill request requires licensed-team review under HP-61313.,67,False,email,employer plan
TKT-01447,2025-05-25T04:14:00Z,insurance eligibility,Coverage administration question references HP-53970.,63,False,phone,employer plan
TKT-01610,2025-05-25T05:11:00Z,portal access,Portal password reset requested for HP-95118.,14,False,web portal,premium care
TKT-00492,2025-05-25T05:23:00Z,referral status,Customer asks whether referral paperwork was received for HP-82502.,74,True,phone,medicare support
TKT-02372,2025-05-25T09:13:00Z,appointment scheduling,Caller requests an appointment-time change under HP-96707.,18,False,phone,medicare support
TKT-02959,2025-05-25T16:23:00Z,portal access,Customer cannot access the service portal under HP-59382.,12,False,web portal,employer plan
TKT-02950,2025-05-25T16:41:00Z,appointment scheduling,Administrative scheduling request for reference HP-81373.,15,False,phone,standard
TKT-00794,2025-05-25T18:23:00Z,insurance eligibility,Employer-plan eligibility status needs validation for HP-82965.,42,False,email,standard
TKT-00569,2025-05-25T19:17:00Z,appointment scheduling,Customer asks about available scheduling options for HP-80621.,22,False,web portal,medicare support
TKT-00739,2025-05-25T19:37:00Z,referral status,Customer asks whether referral paperwork was received for HP-31109.,51,False,web portal,premium care
TKT-00183,2025-05-25T20:04:00Z,portal access,Portal password reset requested for HP-12687.,15,False,web portal,premium care
TKT-00238,2025-05-25T20:57:00Z,billing question,Customer asks about an administrative statement under HP-59051.,64,False,email,medicare support
TKT-00352,2025-05-25T21:05:00Z,prescription refill request,Administrative refill request requires licensed-team review under HP-54713.,78,False,web portal,premium care
TKT-02269,2025-05-25T21:51:00Z,portal access,Portal password reset requested for HP-88278.,4,False,web portal,standard
TKT-00293,2025-05-25T21:53:00Z,portal access,Portal password reset requested for HP-27386.,9,False,chat,standard
TKT-00734,2025-05-25T22:12:00Z,prescription refill request,Customer asks for refill-request routing under HP-20800.,69,False,phone,medicare support
TKT-01247,2025-05-25T23:15:00Z,appointment scheduling,Customer asks about available scheduling options for HP-95953.,13,False,phone,employer plan
TKT-01039,2025-05-25T23:25:00Z,prescription refill request,Refill request status inquiry references HP-12952; no clinical details included.,51,False,phone,employer plan
TKT-02590,2025-05-26T03:21:00Z,referral status,Customer asks whether referral paperwork was received for HP-71262.,18,False,phone,premium care
TKT-02452,2025-05-26T04:09:00Z,appointment scheduling,Customer asks about available scheduling options for HP-97720.,21,False,web portal,premium care
TKT-02019,2025-05-26T05:07:00Z,appointment scheduling,Administrative scheduling request for reference HP-97563.,22,False,phone,employer plan
TKT-01135,2025-05-26T05:12:00Z,portal access,Customer reports a locked portal account under HP-99511.,15,False,web portal,medicare support
TKT-01059,2025-05-26T05:49:00Z,appointment scheduling,Caller requests an appointment-time change under HP-82819.,23,False,phone,standard
TKT-02550,2025-05-26T05:59:00Z,billing question,Customer asks about an administrative statement under HP-48652.,52,True,phone,employer plan
TKT-01813,2025-05-26T06:09:00Z,appointment scheduling,Customer asks about available scheduling options for HP-11640.,11,False,phone,standard
TKT-00653,2025-05-26T09:10:00Z,medical records request,Customer asks which authorization form applies to HP-40281.,55,False,chat,employer plan
TKT-02188,2025-05-26T10:26:00Z,prescription refill request,Administrative refill request requires licensed-team review under HP-56198.,100,True,phone,premium care
TKT-00587,2025-05-26T10:36:00Z,prescription refill request,Administrative refill request requires licensed-team review under HP-58655.,116,True,email,medicare support
TKT-02873,2025-05-26T12:14:00Z,insurance eligibility,Employer-plan eligibility status needs validation for HP-47757.,41,False,web portal,medicare support
TKT-00590,2025-05-26T12:18:00Z,appointment scheduling,Administrative scheduling request for reference HP-33492.,8,False,phone,standard
TKT-00919,2025-05-26T13:22:00Z,portal access,Portal password reset requested for HP-39812.,13,False,phone,standard
TKT-01128,2025-05-26T14:12:00Z,appointment scheduling,Caller requests an appointment-time change under HP-68116.,19,False,phone,medicare support
TKT-00426,2025-05-26T15:22:00Z,medical records request,Records request status inquiry references HP-47092.,113,False,email,medicare support
TKT-02823,2025-05-26T16:03:00Z,appointment scheduling,Customer asks about available scheduling options for HP-41802.,21,False,phone,employer plan
TKT-00886,2025-05-26T16:58:00Z,appointment scheduling,Caller requests an appointment-time change under HP-73530.,20,False,phone,standard
TKT-01166,2025-05-26T17:13:00Z,portal access,Customer cannot access the service portal under HP-95026.,11,False,web portal,premium care
TKT-02912,2025-05-26T17:22:00Z,prescription refill request,Refill request status inquiry references HP-27709; no clinical details included.,121,True,email,medicare support
TKT-00386,2025-05-26T17:29:00Z,billing question,Payment posting question references HP-71376.,71,False,phone,employer plan
TKT-01439,2025-05-26T19:08:00Z,appointment scheduling,Caller requests an appointment-time change under HP-44610.,19,False,web portal,employer plan
TKT-01181,2025-05-26T19:45:00Z,referral status,Customer requests administrative referral status for HP-81762.,51,False,phone,standard
TKT-00995,2025-05-26T22:34:00Z,portal access,Portal password reset requested for HP-53515.,7,False,web portal,employer plan
TKT-02468,2025-05-26T22:43:00Z,referral status,Customer asks whether referral paperwork was received for HP-96109.,32,False,email,standard
TKT-01201,2025-05-26T22:47:00Z,referral status,Referral routing update requested under HP-30649.,18,False,chat,standard
TKT-01016,2025-05-27T02:47:00Z,portal access,Customer reports a locked portal account under HP-76132.,6,False,web portal,standard
TKT-00836,2025-05-27T03:14:00Z,referral status,Customer asks whether referral paperwork was received for HP-64220.,34,False,web portal,employer plan
TKT-02465,2025-05-27T04:39:00Z,portal access,Portal password reset requested for HP-81358.,6,False,web portal,standard
TKT-01578,2025-05-27T12:30:00Z,appointment scheduling,Administrative scheduling request for reference HP-26925.,11,False,phone,employer plan
TKT-00233,2025-05-27T18:53:00Z,appointment scheduling,Customer asks about available scheduling options for HP-49020.,14,False,web portal,employer plan
TKT-00540,2025-05-27T20:40:00Z,referral status,Customer asks whether referral paperwork was received for HP-17910.,38,False,phone,employer plan
TKT-02028,2025-05-27T21:47:00Z,appointment scheduling,Customer asks about available scheduling options for HP-43116.,27,False,phone,employer plan
TKT-01704,2025-05-27T22:15:00Z,insurance eligibility,Employer-plan eligibility status needs validation for HP-39831.,68,False,email,standard
TKT-01862,2025-05-27T23:55:00Z,appointment scheduling,Caller requests an appointment-time change under HP-72344.,21,False,phone,standard
TKT-01534,2025-05-28T05:43:00Z,general inquiry,Customer request requires manual routing under HP-33472.,61,False,web portal,medicare support
TKT-00656,2025-05-28T06:45:00Z,portal access,Portal password reset requested for HP-79301.,12,False,web portal,employer plan
TKT-01186,2025-05-28T06:48:00Z,appointment scheduling,Administrative scheduling request for reference HP-84768.,27,False,web portal,medicare support
TKT-02695,2025-05-28T08:13:00Z,appointment scheduling,Caller requests an appointment-time change under HP-63064.,12,False,phone,employer plan
TKT-00567,2025-05-28T08:37:00Z,referral status,Customer requests administrative referral status for HP-91468.,104,True,web portal,employer plan
TKT-00155,2025-05-28T09:14:00Z,billing question,Payment posting question references HP-17612.,30,False,email,standard
TKT-02738,2025-05-28T09:43:00Z,medical records request,Customer requests records-release instructions under HP-74446.,64,False,email,standard
TKT-00488,2025-05-28T10:02:00Z,insurance eligibility,Employer-plan eligibility status needs validation for HP-32212.,51,False,phone,standard
TKT-01197,2025-05-28T11:13:00Z,appointment scheduling,Caller requests an appointment-time change under HP-70069.,10,False,web portal,standard
TKT-02093,2025-05-28T11:39:00Z,appointment scheduling,Customer asks about available scheduling options for HP-34459.,11,False,phone,medicare support
TKT-01572,2025-05-28T12:17:00Z,appointment scheduling,Caller requests an appointment-time change under HP-50207.,14,False,phone,employer plan
TKT-02464,2025-05-28T12:42:00Z,appointment scheduling,Caller requests an appointment-time change under HP-88157.,79,True,web portal,premium care
TKT-02926,2025-05-28T13:38:00Z,appointment scheduling,Customer asks about available scheduling options for HP-75961.,17,False,phone,standard
TKT-02979,2025-05-28T15:08:00Z,portal access,Customer cannot access the service portal under HP-59918.,11,False,phone,standard
TKT-02466,2025-05-28T15:59:00Z,insurance eligibility,Employer-plan eligibility status needs validation for HP-22161.,52,False,phone,employer plan
TKT-00133,2025-05-28T16:35:00Z,prescription refill request,Refill request status inquiry references HP-94451; no clinical details included.,45,False,phone,standard
TKT-01474,2025-05-28T18:30:00Z,appointment scheduling,Caller requests an appointment-time change under HP-77632.,10,False,chat,standard
TKT-00759,2025-05-28T19:09:00Z,billing question,Customer asks about an administrative statement under HP-33589.,61,False,email,premium care
TKT-00663,2025-05-28T19:43:00Z,appointment scheduling,Administrative scheduling request for reference HP-15933.,23,False,phone,standard
TKT-02147,2025-05-28T20:44:00Z,insurance eligibility,Employer-plan eligibility status needs validation for HP-25549.,46,False,phone,medicare support
TKT-02994,2025-05-28T21:56:00Z,portal access,Portal password reset requested for HP-50515.,46,True,web portal,standard
TKT-01301,2025-05-28T23:12:00Z,appointment scheduling,Administrative scheduling request for reference HP-63327.,9,False,web portal,standard
TKT-02081,2025-05-28T23:34:00Z,insurance eligibility,Customer requests administrative eligibility verification for HP-97158.,45,False,phone,standard
TKT-01548,2025-05-28T23:38:00Z,prescription refill request,Customer asks for refill-request routing under HP-36266.,98,True,web portal,standard
TKT-00189,2025-05-29T00:49:00Z,appointment scheduling,Caller requests an appointment-time change under HP-25914.,19,False,phone,medicare support
TKT-02232,2025-05-29T01:00:00Z,portal access,Portal password reset requested for HP-24231.,12,False,web portal,premium care
TKT-02089,2025-05-29T01:10:00Z,portal access,Portal password reset requested for HP-99211.,4,False,web portal,standard
TKT-02200,2025-05-29T02:47:00Z,prescription refill request,Refill request status inquiry references HP-18930; no clinical details included.,94,True,phone,medicare support
TKT-02719,2025-05-29T04:44:00Z,portal access,Portal password reset requested for HP-21174.,13,False,web portal,standard
TKT-01520,2025-05-29T05:00:00Z,medical records request,Customer asks which authorization form applies to HP-70597.,80,True,chat,employer plan
TKT-01055,2025-05-29T05:12:00Z,appointment scheduling,Administrative scheduling request for reference HP-60864.,12,False,web portal,standard
TKT-01269,2025-05-29T05:48:00Z,insurance eligibility,Coverage administration question references HP-23530.,78,False,phone,employer plan
TKT-02961,2025-05-29T09:59:00Z,appointment scheduling,Administrative scheduling request for reference HP-35047.,17,False,email,standard
TKT-02504,2025-05-29T11:44:00Z,billing question,Customer asks about an administrative statement under HP-44997.,56,False,phone,standard
TKT-01122,2025-05-29T12:26:00Z,insurance eligibility,Customer requests administrative eligibility verification for HP-81203.,41,False,chat,standard
TKT-00038,2025-05-29T13:19:00Z,appointment scheduling,Administrative scheduling request for reference HP-16686.,8,False,phone,medicare support
TKT-00883,2025-05-29T13:59:00Z,insurance eligibility,Employer-plan eligibility status needs validation for HP-45355.,60,True,email,standard
TKT-02851,2025-05-29T15:54:00Z,prescription refill request,Refill request status inquiry references HP-46063; no clinical details included.,68,False,web portal,standard
TKT-02346,2025-05-29T17:08:00Z,insurance eligibility,Customer requests administrative eligibility verification for HP-68653.,73,True,email,employer plan
TKT-02688,2025-05-29T17:47:00Z,billing question,Customer requests an explanation of a service charge for HP-68222.,72,False,phone,employer plan
TKT-00737,2025-05-29T17:50:00Z,portal access,Portal password reset requested for HP-53005.,9,False,chat,medicare support
TKT-01814,2025-05-29T18:35:00Z,appointment scheduling,Caller requests an appointment-time change under HP-77279.,10,False,phone,premium care
TKT-01369,2025-05-29T19:10:00Z,appointment scheduling,Administrative scheduling request for reference HP-54827.,24,False,phone,standard
TKT-01172,2025-05-29T19:34:00Z,insurance eligibility,Employer-plan eligibility status needs validation for HP-29102.,39,False,phone,premium care
TKT-01733,2025-05-29T19:37:00Z,appointment scheduling,Administrative scheduling request for reference HP-92747.,20,False,email,standard
TKT-01355,2025-05-29T22:28:00Z,portal access,Portal password reset requested for HP-17185.,14,False,web portal,standard
TKT-01573,2025-05-29T23:07:00Z,prescription refill request,Administrative refill request requires licensed-team review under HP-84459.,88,False,phone,employer plan
TKT-00225,2025-05-30T02:27:00Z,medical records request,Records request status inquiry references HP-43607.,71,False,email,medicare support
TKT-00258,2025-05-30T03:44:00Z,appointment scheduling,Customer asks about available scheduling options for HP-69936.,75,True,email,standard
TKT-01289,2025-05-30T04:27:00Z,appointment scheduling,Customer asks about available scheduling options for HP-52359.,13,False,phone,standard
TKT-02136,2025-05-30T05:38:00Z,insurance eligibility,Coverage administration question references HP-80264.,74,False,email,premium care
TKT-01724,2025-05-30T06:17:00Z,appointment scheduling,Customer asks about available scheduling options for HP-57763.,28,False,chat,standard
TKT-01742,2025-05-30T10:01:00Z,appointment scheduling,Administrative scheduling request for reference HP-71557.,19,False,web portal,standard
TKT-00937,2025-05-30T10:34:00Z,portal access,Portal password reset requested for HP-13907.,16,False,web portal,medicare support
TKT-02684,2025-05-30T11:03:00Z,general inquiry,Uncategorized administrative inquiry references HP-88363.,85,False,phone,employer plan
TKT-01855,2025-05-30T12:09:00Z,medical records request,Customer asks which authorization form applies to HP-82613.,100,False,email,employer plan
TKT-02494,2025-05-30T12:17:00Z,appointment scheduling,Administrative scheduling request for reference HP-32454.,12,False,phone,standard
TKT-02520,2025-05-30T15:06:00Z,insurance eligibility,Employer-plan eligibility status needs validation for HP-44972.,66,False,phone,premium care
TKT-00022,2025-05-30T16:35:00Z,appointment scheduling,Customer asks about available scheduling options for HP-24592.,53,True,web portal,medicare support
TKT-01843,2025-05-30T16:47:00Z,appointment scheduling,Caller requests an appointment-time change under HP-15995.,12,False,email,standard
TKT-01736,2025-05-30T19:10:00Z,insurance eligibility,Employer-plan eligibility status needs validation for HP-25173.,60,False,phone,medicare support
TKT-00797,2025-05-30T19:24:00Z,insurance eligibility,Employer-plan eligibility status needs validation for HP-84822.,76,False,phone,medicare support
TKT-01995,2025-05-30T19:34:00Z,appointment scheduling,Administrative scheduling request for reference HP-39444.,10,False,email,employer plan
TKT-00053,2025-05-30T19:51:00Z,portal access,Customer reports a locked portal account under HP-36923.,5,False,chat,premium care
TKT-00756,2025-05-30T21:14:00Z,billing question,Payment posting question references HP-13929.,103,True,web portal,standard
TKT-00855,2025-05-30T21:39:00Z,appointment scheduling,Administrative scheduling request for reference HP-25211.,9,False,web portal,employer plan
TKT-00791,2025-05-30T22:16:00Z,referral status,Customer requests administrative referral status for HP-38515.,30,False,phone,employer plan
TKT-02642,2025-05-30T22:36:00Z,portal access,Customer reports a locked portal account under HP-91746.,15,False,chat,standard
TKT-00153,2025-05-31T00:45:00Z,appointment scheduling,Caller requests an appointment-time change under HP-44290.,22,False,web portal,premium care
TKT-00241,2025-05-31T01:36:00Z,billing question,Payment posting question references HP-57277.,29,False,phone,employer plan
TKT-02416,2025-05-31T01:37:00Z,insurance eligibility,Employer-plan eligibility status needs validation for HP-96789.,66,False,phone,standard
TKT-00851,2025-05-31T01:56:00Z,appointment scheduling,Caller requests an appointment-time change under HP-59774.,17,False,web portal,standard
TKT-02222,2025-05-31T04:02:00Z,referral status,Referral routing update requested under HP-23779.,23,False,email,standard
TKT-01977,2025-05-31T04:39:00Z,billing question,Customer asks about an administrative statement under HP-53519.,40,False,email,medicare support
TKT-01707,2025-05-31T06:59:00Z,portal access,Customer cannot access the service portal under HP-15034.,38,True,chat,medicare support
TKT-02334,2025-05-31T07:07:00Z,appointment scheduling,Caller requests an appointment-time change under HP-96030.,23,False,web portal,standard
TKT-00230,2025-05-31T07:16:00Z,insurance eligibility,Employer-plan eligibility status needs validation for HP-97441.,77,False,phone,employer plan
TKT-02537,2025-05-31T09:03:00Z,general inquiry,Uncategorized administrative inquiry references HP-11540.,85,False,email,standard
TKT-01022,2025-05-31T09:29:00Z,appointment scheduling,Customer asks about available scheduling options for HP-81035.,22,False,phone,medicare support
TKT-01753,2025-05-31T09:38:00Z,portal access,Customer reports a locked portal account under HP-52533.,4,False,web portal,premium care
TKT-01621,2025-05-31T11:11:00Z,referral status,Referral routing update requested under HP-67176.,19,False,email,employer plan
TKT-01260,2025-05-31T12:01:00Z,insurance eligibility,Employer-plan eligibility status needs validation for HP-60061.,37,False,phone,medicare support
TKT-02124,2025-05-31T12:37:00Z,insurance eligibility,Customer requests administrative eligibility verification for HP-46224.,85,False,email,standard
TKT-01249,2025-05-31T13:09:00Z,appointment scheduling,Administrative scheduling request for reference HP-90609.,13,False,phone,employer plan
TKT-02747,2025-05-31T14:17:00Z,billing question,Customer asks about an administrative statement under HP-30637.,64,False,email,employer plan
TKT-01847,2025-05-31T15:55:00Z,appointment scheduling,Caller requests an appointment-time change under HP-73642.,27,False,chat,employer plan
TKT-01751,2025-05-31T16:03:00Z,appointment scheduling,Administrative scheduling request for reference HP-68106.,15,False,email,standard
TKT-00003,2025-05-31T16:26:00Z,medical records request,Customer asks which authorization form applies to HP-53689.,116,False,email,standard
TKT-00109,2025-05-31T17:53:00Z,prescription refill request,Administrative refill request requires licensed-team review under HP-56409.,49,False,phone,standard
TKT-00276,2025-05-31T18:46:00Z,portal access,Customer reports a locked portal account under HP-56484.,9,False,email,standard
TKT-01699,2025-05-31T19:14:00Z,portal access,Customer cannot access the service portal under HP-67735.,7,False,web portal,medicare support
TKT-00175,2025-05-31T21:24:00Z,insurance eligibility,Coverage administration question references HP-40641.,81,False,phone,employer plan
TKT-00961,2025-06-01T00:32:00Z,appointment scheduling,Caller requests an appointment-time change under HP-31189.,22,False,phone,employer plan
TKT-01884,2025-06-01T05:31:00Z,medical records request,Customer asks which authorization form applies to HP-93789.,74,False,chat,employer plan
TKT-01837,2025-06-01T09:03:00Z,billing question,Customer requests an explanation of a service charge for HP-27114.,73,False,phone,employer plan
TKT-01466,2025-06-01T12:14:00Z,prescription refill request,Refill request status inquiry references HP-26933; no clinical details included.,129,True,phone,standard
TKT-01562,2025-06-01T13:03:00Z,appointment scheduling,Customer asks about available scheduling options for HP-44296.,9,False,phone,medicare support
TKT-02807,2025-06-01T14:04:00Z,billing question,Customer requests an explanation of a service charge for HP-18396.,54,False,email,medicare support
TKT-02946,2025-06-01T14:26:00Z,insurance eligibility,Employer-plan eligibility status needs validation for HP-96443.,126,True,web portal,premium care
TKT-02662,2025-06-01T17:04:00Z,portal access,Portal password reset requested for HP-41826.,4,False,chat,employer plan
TKT-01207,2025-06-01T18:15:00Z,insurance eligibility,Coverage administration question references HP-88570.,121,True,chat,standard
TKT-00030,2025-06-01T19:17:00Z,prescription refill request,Administrative refill request requires licensed-team review under HP-18091.,85,False,phone,standard
TKT-02434,2025-06-01T20:19:00Z,appointment scheduling,Caller requests an appointment-time change under HP-61597.,24,False,phone,standard
TKT-02791,2025-06-01T20:34:00Z,appointment scheduling,Caller requests an appointment-time change under HP-86535.,15,False,phone,standard
TKT-01090,2025-06-01T20:42:00Z,appointment scheduling,Customer asks about available scheduling options for HP-88822.,16,False,phone,standard
TKT-02178,2025-06-01T23:20:00Z,general inquiry,Multi-topic non-clinical inquiry recorded as HP-76692.,89,True,email,premium care
TKT-01078,2025-06-02T00:05:00Z,billing question,Customer requests an explanation of a service charge for HP-52143.,56,False,web portal,premium care
TKT-02480,2025-06-02T01:51:00Z,appointment scheduling,Caller requests an appointment-time change under HP-56339.,14,False,chat,medicare support
TKT-02607,2025-06-02T02:57:00Z,billing question,Payment posting question references HP-98015.,51,False,email,premium care
TKT-01805,2025-06-02T03:14:00Z,insurance eligibility,Employer-plan eligibility status needs validation for HP-19858.,91,True,email,standard
TKT-01859,2025-06-02T03:52:00Z,appointment scheduling,Customer asks about available scheduling options for HP-64120.,22,False,web portal,employer plan
TKT-00815,2025-06-02T07:00:00Z,portal access,Portal password reset requested for HP-27514.,9,False,chat,standard
TKT-00037,2025-06-02T08:07:00Z,portal access,Customer cannot access the service portal under HP-93659.,10,False,web portal,employer plan
TKT-00932,2025-06-02T08:49:00Z,appointment scheduling,Caller requests an appointment-time change under HP-27044.,10,False,phone,medicare support
TKT-00002,2025-06-02T09:36:00Z,insurance eligibility,Customer requests administrative eligibility verification for HP-42966.,65,False,phone,standard
TKT-02216,2025-06-02T12:05:00Z,prescription refill request,Customer asks for refill-request routing under HP-14430.,93,False,web portal,premium care
TKT-02156,2025-06-02T13:43:00Z,insurance eligibility,Coverage administration question references HP-47965.,32,False,email,standard
TKT-01640,2025-06-02T17:19:00Z,insurance eligibility,Customer requests administrative eligibility verification for HP-49383.,91,True,email,premium care
TKT-02276,2025-06-02T18:33:00Z,portal access,Customer cannot access the service portal under HP-97771.,6,False,web portal,medicare support
TKT-02012,2025-06-02T18:43:00Z,portal access,Customer reports a locked portal account under HP-73245.,12,False,web portal,standard
TKT-01264,2025-06-02T21:35:00Z,appointment scheduling,Administrative scheduling request for reference HP-78007.,19,False,chat,medicare support
TKT-02686,2025-06-02T21:49:00Z,appointment scheduling,Administrative scheduling request for reference HP-85058.,28,False,phone,premium care
TKT-01410,2025-06-02T23:24:00Z,prescription refill request,Customer asks for refill-request routing under HP-41678.,50,False,phone,premium care
TKT-01018,2025-06-03T00:13:00Z,appointment scheduling,Customer asks about available scheduling options for HP-40079.,23,False,phone,medicare support
TKT-00921,2025-06-03T02:11:00Z,general inquiry,Customer request requires manual routing under HP-71423.,59,False,chat,premium care
TKT-02389,2025-06-03T02:39:00Z,billing question,Payment posting question references HP-79291.,61,False,email,employer plan
TKT-02519,2025-06-03T03:12:00Z,billing question,Payment posting question references HP-56070.,29,False,email,premium care
TKT-02654,2025-06-03T04:28:00Z,portal access,Customer reports a locked portal account under HP-48490.,4,False,web portal,employer plan
TKT-02528,2025-06-03T04:44:00Z,insurance eligibility,Customer requests administrative eligibility verification for HP-13863.,69,False,web portal,standard
TKT-00090,2025-06-03T04:50:00Z,prescription refill request,Customer asks for refill-request routing under HP-31770.,84,False,web portal,medicare support
TKT-00980,2025-06-03T13:00:00Z,general inquiry,Uncategorized administrative inquiry references HP-44158.,32,False,phone,standard
TKT-00826,2025-06-03T15:14:00Z,appointment scheduling,Customer asks about available scheduling options for HP-57153.,18,False,email,employer plan
TKT-02338,2025-06-03T16:50:00Z,portal access,Customer reports a locked portal account under HP-66584.,5,False,web portal,employer plan
TKT-02133,2025-06-03T17:05:00Z,appointment scheduling,Administrative scheduling request for reference HP-29562.,17,False,chat,standard
TKT-01141,2025-06-03T19:21:00Z,appointment scheduling,Caller requests an appointment-time change under HP-40568.,28,False,phone,standard
TKT-01793,2025-06-03T21:44:00Z,appointment scheduling,Caller requests an appointment-time change under HP-73193.,14,False,email,employer plan
TKT-00511,2025-06-04T03:09:00Z,appointment scheduling,Customer asks about available scheduling options for HP-23366.,14,False,phone,employer plan
TKT-01108,2025-06-04T03:14:00Z,referral status,Referral routing update requested under HP-65793.,21,False,email,medicare support
TKT-01334,2025-06-04T03:14:00Z,prescription refill request,Customer asks for refill-request routing under HP-32937.,63,False,email,employer plan
TKT-01739,2025-06-04T03:47:00Z,appointment scheduling,Administrative scheduling request for reference HP-75939.,18,False,web portal,standard
TKT-02999,2025-06-04T06:34:00Z,prescription refill request,Refill request status inquiry references HP-32560; no clinical details included.,83,True,web portal,employer plan
TKT-00263,2025-06-04T08:02:00Z,medical records request,Customer asks which authorization form applies to HP-64930.,89,False,email,employer plan
TKT-01944,2025-06-04T10:30:00Z,insurance eligibility,Employer-plan eligibility status needs validation for HP-53676.,48,False,phone,standard
TKT-02797,2025-06-04T11:14:00Z,billing question,Customer requests an explanation of a service charge for HP-92615.,45,False,phone,employer plan
TKT-01472,2025-06-04T13:36:00Z,general inquiry,Customer request requires manual routing under HP-72743.,53,False,phone,standard
TKT-00760,2025-06-04T14:14:00Z,insurance eligibility,Coverage administration question references HP-42070.,78,True,email,standard
TKT-01451,2025-06-04T14:15:00Z,general inquiry,Multi-topic non-clinical inquiry recorded as HP-36694.,82,False,email,premium care
TKT-01622,2025-06-04T16:35:00Z,insurance eligibility,Customer requests administrative eligibility verification for HP-21521.,66,False,phone,standard
TKT-02030,2025-06-04T20:30:00Z,prescription refill request,Administrative refill request requires licensed-team review under HP-16469.,77,True,web portal,employer plan
TKT-02820,2025-06-04T22:55:00Z,portal access,Customer reports a locked portal account under HP-83249.,7,False,web portal,employer plan
TKT-00073,2025-06-04T23:56:00Z,portal access,Customer reports a locked portal account under HP-22832.,10,False,web portal,premium care
TKT-01822,2025-06-05T03:06:00Z,appointment scheduling,Administrative scheduling request for reference HP-44584.,18,False,chat,standard
TKT-02731,2025-06-05T03:06:00Z,appointment scheduling,Administrative scheduling request for reference HP-86678.,13,False,phone,standard
TKT-02291,2025-06-05T03:47:00Z,appointment scheduling,Administrative scheduling request for reference HP-12484.,12,False,web portal,premium care
TKT-01604,2025-06-05T05:27:00Z,insurance eligibility,Customer requests administrative eligibility verification for HP-34842.,38,False,email,employer plan
TKT-02260,2025-06-05T06:33:00Z,billing question,Customer requests an explanation of a service charge for HP-97350.,29,False,phone,premium care
TKT-01799,2025-06-05T07:28:00Z,appointment scheduling,Customer asks about available scheduling options for HP-37290.,14,False,web portal,standard
TKT-00196,2025-06-05T07:33:00Z,general inquiry,Uncategorized administrative inquiry references HP-28731.,20,False,phone,medicare support
TKT-02769,2025-06-05T07:57:00Z,portal access,Customer cannot access the service portal under HP-73669.,4,False,chat,employer plan
TKT-02187,2025-06-05T09:14:00Z,portal access,Customer reports a locked portal account under HP-74766.,6,False,chat,standard
TKT-01120,2025-06-05T09:36:00Z,prescription refill request,Refill request status inquiry references HP-56655; no clinical details included.,93,False,web portal,medicare support
TKT-00935,2025-06-05T10:25:00Z,insurance eligibility,Customer requests administrative eligibility verification for HP-24659.,76,False,phone,employer plan
TKT-02137,2025-06-05T12:19:00Z,appointment scheduling,Caller requests an appointment-time change under HP-72840.,9,False,phone,employer plan
TKT-02992,2025-06-05T12:41:00Z,portal access,Portal password reset requested for HP-56925.,6,False,chat,medicare support
TKT-01948,2025-06-05T13:08:00Z,portal access,Customer cannot access the service portal under HP-52923.,33,True,web portal,standard
TKT-02233,2025-06-05T13:33:00Z,insurance eligibility,Coverage administration question references HP-64893.,65,True,email,employer plan
TKT-02273,2025-06-05T16:02:00Z,insurance eligibility,Customer requests administrative eligibility verification for HP-19893.,89,True,phone,standard
TKT-01209,2025-06-05T18:58:00Z,insurance eligibility,Coverage administration question references HP-67226.,30,False,chat,medicare support
TKT-01943,2025-06-05T21:55:00Z,appointment scheduling,Caller requests an appointment-time change under HP-15768.,18,False,phone,standard
TKT-02986,2025-06-06T01:24:00Z,referral status,Referral routing update requested under HP-81907.,48,False,phone,standard
TKT-02403,2025-06-06T01:29:00Z,billing question,Customer asks about an administrative statement under HP-29367.,68,False,phone,employer plan
TKT-00948,2025-06-06T04:50:00Z,prescription refill request,Refill request status inquiry references HP-71136; no clinical details included.,78,True,email,standard
TKT-02621,2025-06-06T05:30:00Z,portal access,Customer reports a locked portal account under HP-91230.,5,False,chat,standard
TKT-01324,2025-06-06T05:56:00Z,prescription refill request,Refill request status inquiry references HP-87663; no clinical details included.,110,True,phone,standard
TKT-01333,2025-06-06T06:10:00Z,prescription refill request,Customer asks for refill-request routing under HP-23425.,84,True,chat,employer plan
TKT-01419,2025-06-06T07:13:00Z,billing question,Payment posting question references HP-31079.,47,False,email,medicare support
TKT-02884,2025-06-06T08:23:00Z,billing question,Customer asks about an administrative statement under HP-21582.,46,False,phone,standard
TKT-00601,2025-06-06T08:39:00Z,appointment scheduling,Customer asks about available scheduling options for HP-43786.,22,False,phone,medicare support
TKT-02404,2025-06-06T09:14:00Z,appointment scheduling,Caller requests an appointment-time change under HP-95303.,16,False,phone,employer plan
TKT-01536,2025-06-06T09:55:00Z,appointment scheduling,Administrative scheduling request for reference HP-96994.,25,False,phone,standard
TKT-00579,2025-06-06T14:11:00Z,portal access,Customer cannot access the service portal under HP-62590.,10,False,web portal,standard
TKT-02790,2025-06-06T17:14:00Z,insurance eligibility,Customer requests administrative eligibility verification for HP-13111.,77,False,phone,medicare support
TKT-00374,2025-06-06T18:09:00Z,prescription refill request,Customer asks for refill-request routing under HP-72324.,63,True,web portal,employer plan
TKT-01576,2025-06-06T18:43:00Z,portal access,Portal password reset requested for HP-37314.,15,False,web portal,premium care
TKT-00595,2025-06-06T20:53:00Z,prescription refill request,Refill request status inquiry references HP-22542; no clinical details included.,50,False,web portal,standard
TKT-01420,2025-06-06T21:35:00Z,portal access,Customer reports a locked portal account under HP-65679.,12,False,web portal,standard
TKT-00239,2025-06-06T22:03:00Z,insurance eligibility,Employer-plan eligibility status needs validation for HP-16161.,59,False,phone,premium care
TKT-00665,2025-06-06T22:40:00Z,prescription refill request,Administrative refill request requires licensed-team review under HP-45543.,136,True,web portal,standard
TKT-02778,2025-06-06T23:15:00Z,billing question,Payment posting question references HP-57966.,79,True,chat,employer plan
TKT-00967,2025-06-07T00:43:00Z,referral status,Customer requests administrative referral status for HP-24745.,26,False,phone,employer plan
TKT-02296,2025-06-07T01:12:00Z,insurance eligibility,Employer-plan eligibility status needs validation for HP-11141.,30,False,web portal,employer plan
TKT-01106,2025-06-07T02:15:00Z,prescription refill request,Customer asks for refill-request routing under HP-41470.,79,True,email,standard
TKT-00373,2025-06-07T03:09:00Z,portal access,Portal password reset requested for HP-60590.,11,False,chat,employer plan
TKT-02382,2025-06-07T03:11:00Z,portal access,Portal password reset requested for HP-58153.,9,False,chat,premium care
TKT-01286,2025-06-07T03:42:00Z,prescription refill request,Refill request status inquiry references HP-16091; no clinical details included.,86,False,email,premium care
TKT-00536,2025-06-07T04:55:00Z,insurance eligibility,Coverage administration question references HP-54093.,45,False,phone,medicare support
TKT-01775,2025-06-07T06:25:00Z,billing question,Payment posting question references HP-33240.,55,False,web portal,premium care
TKT-02075,2025-06-07T06:59:00Z,portal access,Customer reports a locked portal account under HP-11843.,11,False,web portal,employer plan
TKT-01771,2025-06-07T07:13:00Z,appointment scheduling,Customer asks about available scheduling options for HP-56211.,16,False,web portal,medicare support
TKT-01778,2025-06-07T07:56:00Z,general inquiry,Uncategorized administrative inquiry references HP-88837.,51,False,web portal,standard
TKT-02908,2025-06-07T11:28:00Z,appointment scheduling,Caller requests an appointment-time change under HP-13035.,12,False,email,standard
TKT-02128,2025-06-07T14:56:00Z,appointment scheduling,Customer asks about available scheduling options for HP-69517.,80,True,phone,employer plan
TKT-00344,2025-06-07T15:45:00Z,prescription refill request,Refill request status inquiry references HP-47669; no clinical details included.,142,True,phone,standard
TKT-02514,2025-06-07T17:03:00Z,prescription refill request,Refill request status inquiry references HP-91938; no clinical details included.,91,True,phone,employer plan
TKT-01402,2025-06-07T17:09:00Z,insurance eligibility,Coverage administration question references HP-27886.,67,False,web portal,medicare support
TKT-02740,2025-06-07T19:07:00Z,medical records request,Customer asks which authorization form applies to HP-23702.,69,False,email,standard
TKT-01042,2025-06-07T19:19:00Z,appointment scheduling,Administrative scheduling request for reference HP-89507.,73,True,phone,standard
TKT-02167,2025-06-07T20:00:00Z,portal access,Portal password reset requested for HP-29282.,15,False,web portal,standard
TKT-00513,2025-06-07T21:09:00Z,portal access,Portal password reset requested for HP-68529.,13,False,email,medicare support
TKT-02043,2025-06-07T23:27:00Z,billing question,Customer asks about an administrative statement under HP-23364.,62,False,web portal,premium care
TKT-02020,2025-06-08T01:24:00Z,referral status,Customer requests administrative referral status for HP-98168.,29,False,chat,standard
TKT-02324,2025-06-08T02:25:00Z,insurance eligibility,Customer requests administrative eligibility verification for HP-40629.,73,False,phone,medicare support
TKT-01522,2025-06-08T03:01:00Z,insurance eligibility,Coverage administration question references HP-31834.,84,False,phone,employer plan
TKT-02647,2025-06-08T04:44:00Z,general inquiry,Multi-topic non-clinical inquiry recorded as HP-27124.,56,False,phone,employer plan
TKT-00046,2025-06-08T05:42:00Z,appointment scheduling,Administrative scheduling request for reference HP-39946.,21,False,phone,medicare support
TKT-00169,2025-06-08T09:56:00Z,referral status,Referral routing update requested under HP-25135.,43,False,phone,employer plan
TKT-01630,2025-06-08T10:04:00Z,appointment scheduling,Administrative scheduling request for reference HP-45042.,23,False,phone,premium care
TKT-00259,2025-06-08T10:38:00Z,billing question,Payment posting question references HP-79077.,36,False,chat,employer plan
TKT-00801,2025-06-08T11:06:00Z,portal access,Customer reports a locked portal account under HP-97810.,8,False,web portal,employer plan
TKT-00332,2025-06-08T15:52:00Z,medical records request,Customer requests records-release instructions under HP-60240.,102,False,email,employer plan
TKT-02801,2025-06-08T16:47:00Z,referral status,Customer asks whether referral paperwork was received for HP-11480.,31,False,web portal,standard
TKT-01561,2025-06-08T16:49:00Z,appointment scheduling,Administrative scheduling request for reference HP-47191.,24,False,phone,medicare support
TKT-00517,2025-06-08T19:10:00Z,portal access,Portal password reset requested for HP-97016.,15,False,web portal,standard
TKT-00907,2025-06-08T20:08:00Z,insurance eligibility,Customer requests administrative eligibility verification for HP-47001.,35,False,phone,employer plan
TKT-02630,2025-06-08T21:41:00Z,appointment scheduling,Administrative scheduling request for reference HP-99555.,8,False,phone,medicare support
TKT-02502,2025-06-08T21:42:00Z,prescription refill request,Refill request status inquiry references HP-74699; no clinical details included.,110,True,phone,standard
TKT-00503,2025-06-09T02:18:00Z,insurance eligibility,Customer requests administrative eligibility verification for HP-52236.,58,False,email,standard
TKT-00264,2025-06-09T02:21:00Z,insurance eligibility,Employer-plan eligibility status needs validation for HP-82211.,67,False,phone,employer plan
TKT-02316,2025-06-09T02:50:00Z,appointment scheduling,Customer asks about available scheduling options for HP-71719.,21,False,web portal,standard
TKT-01438,2025-06-09T04:38:00Z,appointment scheduling,Caller requests an appointment-time change under HP-84218.,21,False,phone,standard
TKT-02829,2025-06-09T07:03:00Z,appointment scheduling,Administrative scheduling request for reference HP-34080.,58,True,web portal,standard
TKT-00288,2025-06-09T07:38:00Z,insurance eligibility,Employer-plan eligibility status needs validation for HP-95801.,85,False,web portal,standard
TKT-01701,2025-06-09T11:54:00Z,referral status,Customer requests administrative referral status for HP-75823.,21,False,web portal,standard
TKT-00751,2025-06-09T13:22:00Z,portal access,Customer reports a locked portal account under HP-95844.,8,False,web portal,employer plan
TKT-01046,2025-06-09T13:42:00Z,billing question,Customer requests an explanation of a service charge for HP-33315.,55,False,email,standard
TKT-00556,2025-06-09T14:27:00Z,portal access,Customer cannot access the service portal under HP-34779.,11,False,web portal,medicare support
TKT-01620,2025-06-09T14:55:00Z,portal access,Customer cannot access the service portal under HP-18504.,5,False,chat,medicare support
TKT-02633,2025-06-09T16:56:00Z,insurance eligibility,Employer-plan eligibility status needs validation for HP-78536.,90,True,phone,standard
TKT-00128,2025-06-09T18:03:00Z,appointment scheduling,Customer asks about available scheduling options for HP-29670.,19,False,chat,employer plan
TKT-02015,2025-06-09T18:32:00Z,appointment scheduling,Administrative scheduling request for reference HP-31707.,13,False,phone,employer plan
TKT-02812,2025-06-09T20:38:00Z,referral status,Referral routing update requested under HP-47293.,34,False,email,medicare support
TKT-02685,2025-06-09T20:52:00Z,billing question,Payment posting question references HP-32336.,66,False,email,standard
TKT-01434,2025-06-10T03:32:00Z,medical records request,Customer asks which authorization form applies to HP-98552.,49,False,phone,standard
TKT-01270,2025-06-10T04:41:00Z,appointment scheduling,Caller requests an appointment-time change under HP-21447.,27,False,phone,medicare support
TKT-02995,2025-06-10T04:43:00Z,appointment scheduling,Customer asks about available scheduling options for HP-47644.,19,False,phone,standard
TKT-01816,2025-06-10T05:47:00Z,billing question,Customer asks about an administrative statement under HP-69430.,35,False,phone,standard
TKT-01881,2025-06-10T05:49:00Z,portal access,Customer reports a locked portal account under HP-55706.,13,False,web portal,standard
TKT-00864,2025-06-10T06:22:00Z,portal access,Customer cannot access the service portal under HP-51036.,16,False,chat,medicare support
TKT-02581,2025-06-10T06:52:00Z,insurance eligibility,Customer requests administrative eligibility verification for HP-76582.,83,False,phone,standard
TKT-00357,2025-06-10T07:09:00Z,insurance eligibility,Customer requests administrative eligibility verification for HP-22812.,105,True,chat,employer plan
TKT-03000,2025-06-10T11:53:00Z,appointment scheduling,Customer asks about available scheduling options for HP-46299.,23,False,phone,standard
TKT-01696,2025-06-10T12:43:00Z,portal access,Portal password reset requested for HP-80630.,10,False,chat,premium care
TKT-00765,2025-06-10T15:06:00Z,referral status,Referral routing update requested under HP-81767.,23,False,email,standard
TKT-00677,2025-06-10T15:15:00Z,billing question,Customer requests an explanation of a service charge for HP-98304.,46,False,email,medicare support
TKT-00199,2025-06-10T15:27:00Z,insurance eligibility,Customer requests administrative eligibility verification for HP-13978.,85,False,phone,premium care
TKT-00229,2025-06-10T15:37:00Z,general inquiry,Uncategorized administrative inquiry references HP-20388.,19,False,phone,employer plan
TKT-00968,2025-06-10T17:18:00Z,referral status,Referral routing update requested under HP-52307.,43,False,phone,employer plan
TKT-02987,2025-06-10T21:10:00Z,insurance eligibility,Coverage administration question references HP-52690.,79,False,phone,employer plan
TKT-01682,2025-06-10T21:22:00Z,portal access,Portal password reset requested for HP-47785.,5,False,phone,premium care
TKT-01283,2025-06-11T00:39:00Z,appointment scheduling,Caller requests an appointment-time change under HP-11053.,24,False,phone,medicare support
TKT-00999,2025-06-11T04:46:00Z,billing question,Payment posting question references HP-17432.,57,True,phone,standard
TKT-00673,2025-06-11T06:41:00Z,medical records request,Customer asks which authorization form applies to HP-69646.,65,False,email,medicare support
TKT-00781,2025-06-11T07:52:00Z,prescription refill request,Refill request status inquiry references HP-40193; no clinical details included.,93,True,phone,standard
TKT-00050,2025-06-11T08:06:00Z,billing question,Customer asks about an administrative statement under HP-50136.,26,False,phone,standard
TKT-02601,2025-06-11T09:00:00Z,portal access,Customer reports a locked portal account under HP-81934.,15,False,web portal,employer plan
TKT-00709,2025-06-11T09:02:00Z,appointment scheduling,Caller requests an appointment-time change under HP-90185.,9,False,phone,medicare support
TKT-00710,2025-06-11T09:03:00Z,referral status,Customer requests administrative referral status for HP-41991.,46,False,email,standard
TKT-00862,2025-06-11T13:18:00Z,billing question,Customer asks about an administrative statement under HP-86854.,112,True,chat,employer plan
TKT-02103,2025-06-11T13:19:00Z,appointment scheduling,Administrative scheduling request for reference HP-42963.,26,False,phone,employer plan
TKT-00351,2025-06-11T15:24:00Z,medical records request,Customer requests records-release instructions under HP-44186.,125,True,email,employer plan
TKT-02955,2025-06-11T15:44:00Z,appointment scheduling,Administrative scheduling request for reference HP-31394.,10,False,email,employer plan
TKT-02555,2025-06-11T19:27:00Z,appointment scheduling,Customer asks about available scheduling options for HP-47182.,12,False,phone,employer plan
TKT-01340,2025-06-11T20:04:00Z,referral status,Customer asks whether referral paperwork was received for HP-38393.,85,True,phone,medicare support
TKT-00914,2025-06-11T21:46:00Z,prescription refill request,Administrative refill request requires licensed-team review under HP-11526.,122,True,phone,standard
TKT-01284,2025-06-11T22:59:00Z,appointment scheduling,Caller requests an appointment-time change under HP-16217.,16,False,web portal,employer plan
TKT-00615,2025-06-12T03:35:00Z,appointment scheduling,Customer asks about available scheduling options for HP-72664.,8,False,web portal,standard
TKT-01595,2025-06-12T04:12:00Z,appointment scheduling,Administrative scheduling request for reference HP-51361.,12,False,chat,standard
TKT-00984,2025-06-12T05:40:00Z,appointment scheduling,Administrative scheduling request for reference HP-94582.,26,False,phone,employer plan
TKT-00221,2025-06-12T08:15:00Z,appointment scheduling,Caller requests an appointment-time change under HP-36652.,19,False,phone,employer plan
TKT-02194,2025-06-12T12:22:00Z,appointment scheduling,Administrative scheduling request for reference HP-86804.,16,False,phone,medicare support
TKT-02978,2025-06-12T14:51:00Z,prescription refill request,Refill request status inquiry references HP-27960; no clinical details included.,146,True,phone,standard
TKT-01449,2025-06-12T15:36:00Z,prescription refill request,Refill request status inquiry references HP-48773; no clinical details included.,80,False,web portal,employer plan
TKT-02744,2025-06-12T16:07:00Z,prescription refill request,Administrative refill request requires licensed-team review under HP-55259.,71,False,email,employer plan
TKT-01723,2025-06-12T20:15:00Z,billing question,Customer asks about an administrative statement under HP-91901.,32,False,phone,standard
TKT-00232,2025-06-12T22:17:00Z,medical records request,Customer asks which authorization form applies to HP-48173.,85,False,email,standard
TKT-00211,2025-06-13T02:24:00Z,appointment scheduling,Administrative scheduling request for reference HP-48246.,17,False,email,standard
TKT-00610,2025-06-13T02:40:00Z,appointment scheduling,Caller requests an appointment-time change under HP-27477.,10,False,phone,employer plan
TKT-00838,2025-06-13T07:18:00Z,general inquiry,Uncategorized administrative inquiry references HP-82752.,14,False,web portal,premium care
TKT-02824,2025-06-13T09:23:00Z,prescription refill request,Refill request status inquiry references HP-75611; no clinical details included.,109,True,phone,standard
TKT-00911,2025-06-13T10:36:00Z,insurance eligibility,Customer requests administrative eligibility verification for HP-10439.,59,False,phone,employer plan
TKT-01226,2025-06-13T15:22:00Z,appointment scheduling,Customer asks about available scheduling options for HP-45296.,28,False,phone,medicare support
TKT-00814,2025-06-13T15:45:00Z,prescription refill request,Refill request status inquiry references HP-39825; no clinical details included.,61,False,email,standard
TKT-01727,2025-06-13T15:51:00Z,appointment scheduling,Customer asks about available scheduling options for HP-94950.,13,False,web portal,medicare support
TKT-00990,2025-06-13T16:25:00Z,general inquiry,Uncategorized administrative inquiry references HP-87143.,40,False,web portal,standard
TKT-01883,2025-06-13T17:19:00Z,appointment scheduling,Customer asks about available scheduling options for HP-80703.,23,False,phone,employer plan
TKT-01792,2025-06-13T17:54:00Z,prescription refill request,Administrative refill request requires licensed-team review under HP-23982.,89,True,phone,employer plan
TKT-02793,2025-06-13T18:31:00Z,insurance eligibility,Coverage administration question references HP-30679.,41,False,phone,medicare support
TKT-02940,2025-06-14T00:22:00Z,portal access,Portal password reset requested for HP-87070.,16,False,web portal,premium care
TKT-02705,2025-06-14T01:22:00Z,portal access,Portal password reset requested for HP-68877.,7,False,web portal,employer plan
TKT-01425,2025-06-14T01:26:00Z,general inquiry,Multi-topic non-clinical inquiry recorded as HP-14811.,90,False,email,medicare support
TKT-02587,2025-06-14T01:32:00Z,billing question,Customer asks about an administrative statement under HP-72530.,101,True,email,medicare support
TKT-00365,2025-06-14T01:40:00Z,appointment scheduling,Customer asks about available scheduling options for HP-24215.,26,False,phone,medicare support
TKT-00707,2025-06-14T01:59:00Z,appointment scheduling,Administrative scheduling request for reference HP-99389.,15,False,web portal,medicare support
TKT-01501,2025-06-14T02:05:00Z,appointment scheduling,Administrative scheduling request for reference HP-57676.,25,False,email,standard
TKT-00266,2025-06-14T02:11:00Z,prescription refill request,Refill request status inquiry references HP-48537; no clinical details included.,37,False,phone,medicare support
TKT-01521,2025-06-14T02:56:00Z,portal access,Customer reports a locked portal account under HP-45176.,7,False,chat,standard
TKT-02817,2025-06-14T05:17:00Z,medical records request,Customer requests records-release instructions under HP-18111.,157,True,email,medicare support
TKT-00816,2025-06-14T07:42:00Z,appointment scheduling,Caller requests an appointment-time change under HP-69636.,17,False,phone,standard
TKT-01875,2025-06-14T08:10:00Z,medical records request,Customer requests records-release instructions under HP-21022.,63,False,email,premium care
TKT-02505,2025-06-14T10:27:00Z,portal access,Customer reports a locked portal account under HP-94692.,8,False,phone,employer plan
TKT-00245,2025-06-14T12:06:00Z,portal access,Customer reports a locked portal account under HP-63128.,16,False,web portal,medicare support
TKT-00810,2025-06-14T12:23:00Z,insurance eligibility,Coverage administration question references HP-19390.,86,True,chat,employer plan
TKT-00106,2025-06-14T15:34:00Z,medical records request,Customer requests records-release instructions under HP-88517.,57,False,web portal,medicare support
TKT-02026,2025-06-14T21:44:00Z,referral status,Referral routing update requested under HP-90627.,36,False,phone,standard
TKT-02198,2025-06-14T23:28:00Z,appointment scheduling,Administrative scheduling request for reference HP-20346.,16,False,phone,employer plan
TKT-00167,2025-06-15T00:53:00Z,appointment scheduling,Administrative scheduling request for reference HP-51258.,9,False,phone,standard
TKT-00768,2025-06-15T01:53:00Z,portal access,Customer cannot access the service portal under HP-73144.,5,False,web portal,standard
TKT-02119,2025-06-15T02:49:00Z,appointment scheduling,Customer asks about available scheduling options for HP-14955.,25,False,email,standard
TKT-00359,2025-06-15T02:59:00Z,appointment scheduling,Customer asks about available scheduling options for HP-95545.,13,False,phone,medicare support
TKT-01476,2025-06-15T05:27:00Z,billing question,Payment posting question references HP-58113.,50,False,email,standard
TKT-01331,2025-06-15T05:30:00Z,medical records request,Records request status inquiry references HP-97226.,91,False,email,premium care
TKT-00273,2025-06-15T06:45:00Z,appointment scheduling,Administrative scheduling request for reference HP-93509.,26,False,phone,standard
TKT-00302,2025-06-15T07:53:00Z,prescription refill request,Refill request status inquiry references HP-37586; no clinical details included.,76,False,web portal,medicare support
TKT-00749,2025-06-15T09:23:00Z,portal access,Customer reports a locked portal account under HP-50217.,12,False,email,standard
TKT-00368,2025-06-15T10:39:00Z,portal access,Customer cannot access the service portal under HP-74027.,4,False,web portal,standard
TKT-02693,2025-06-15T10:45:00Z,insurance eligibility,Coverage administration question references HP-76138.,34,False,phone,standard
TKT-02486,2025-06-15T12:49:00Z,referral status,Customer requests administrative referral status for HP-71482.,50,False,phone,employer plan
TKT-00358,2025-06-15T14:05:00Z,referral status,Customer asks whether referral paperwork was received for HP-87164.,53,False,chat,standard
TKT-00918,2025-06-15T16:11:00Z,referral status,Referral routing update requested under HP-55262.,46,False,phone,employer plan
TKT-02385,2025-06-15T16:31:00Z,referral status,Referral routing update requested under HP-53107.,45,False,phone,medicare support
TKT-01975,2025-06-15T19:29:00Z,appointment scheduling,Caller requests an appointment-time change under HP-57924.,17,False,phone,employer plan
TKT-00725,2025-06-15T22:05:00Z,appointment scheduling,Customer asks about available scheduling options for HP-13264.,8,False,phone,medicare support
TKT-01887,2025-06-15T23:25:00Z,insurance eligibility,Customer requests administrative eligibility verification for HP-47379.,73,False,phone,standard
TKT-02627,2025-06-15T23:48:00Z,billing question,Customer asks about an administrative statement under HP-32320.,75,False,phone,employer plan
TKT-01477,2025-06-16T01:18:00Z,portal access,Customer cannot access the service portal under HP-21064.,4,False,web portal,standard
TKT-00395,2025-06-16T02:30:00Z,referral status,Customer requests administrative referral status for HP-92271.,55,False,phone,standard
TKT-00391,2025-06-16T03:00:00Z,appointment scheduling,Customer asks about available scheduling options for HP-12441.,20,False,phone,premium care
TKT-01979,2025-06-16T03:55:00Z,portal access,Customer cannot access the service portal under HP-12515.,14,False,phone,standard
TKT-02813,2025-06-16T05:45:00Z,billing question,Customer asks about an administrative statement under HP-35016.,63,False,web portal,medicare support
TKT-01298,2025-06-16T13:00:00Z,billing question,Payment posting question references HP-24808.,51,False,phone,premium care
TKT-01152,2025-06-16T14:52:00Z,general inquiry,Multi-topic non-clinical inquiry recorded as HP-12613.,79,False,web portal,standard
TKT-02413,2025-06-16T15:15:00Z,medical records request,Records request status inquiry references HP-17175.,58,False,email,premium care
TKT-02231,2025-06-16T16:17:00Z,portal access,Customer cannot access the service portal under HP-80542.,13,False,web portal,employer plan
TKT-01825,2025-06-16T16:19:00Z,billing question,Payment posting question references HP-84586.,61,False,web portal,employer plan
TKT-01804,2025-06-16T17:47:00Z,prescription refill request,Customer asks for refill-request routing under HP-69059.,110,True,phone,medicare support
TKT-01051,2025-06-16T18:11:00Z,appointment scheduling,Caller requests an appointment-time change under HP-13277.,26,False,web portal,standard
TKT-01398,2025-06-16T18:34:00Z,appointment scheduling,Caller requests an appointment-time change under HP-84300.,23,False,web portal,employer plan
TKT-01111,2025-06-16T21:49:00Z,general inquiry,Customer request requires manual routing under HP-68745.,91,True,web portal,employer plan
TKT-00335,2025-06-16T23:34:00Z,insurance eligibility,Customer requests administrative eligibility verification for HP-58446.,100,True,web portal,standard
TKT-01946,2025-06-16T23:42:00Z,appointment scheduling,Customer asks about available scheduling options for HP-24685.,12,False,phone,medicare support
TKT-02018,2025-06-17T03:44:00Z,insurance eligibility,Employer-plan eligibility status needs validation for HP-10077.,58,False,phone,employer plan
TKT-02302,2025-06-17T04:32:00Z,prescription refill request,Refill request status inquiry references HP-30430; no clinical details included.,126,True,email,standard
TKT-01339,2025-06-17T06:25:00Z,portal access,Customer reports a locked portal account under HP-31624.,12,False,phone,medicare support
TKT-01053,2025-06-17T07:40:00Z,portal access,Customer reports a locked portal account under HP-95644.,12,False,web portal,premium care
TKT-01228,2025-06-17T08:29:00Z,appointment scheduling,Caller requests an appointment-time change under HP-72896.,27,False,phone,medicare support
TKT-00322,2025-06-17T09:21:00Z,general inquiry,Customer request requires manual routing under HP-46934.,17,False,email,standard
TKT-00095,2025-06-17T10:31:00Z,prescription refill request,Customer asks for refill-request routing under HP-80103.,37,False,email,premium care
TKT-02523,2025-06-17T11:26:00Z,insurance eligibility,Employer-plan eligibility status needs validation for HP-81022.,78,False,email,medicare support
TKT-02122,2025-06-17T12:11:00Z,insurance eligibility,Employer-plan eligibility status needs validation for HP-21522.,33,False,email,standard
TKT-00865,2025-06-17T13:19:00Z,insurance eligibility,Customer requests administrative eligibility verification for HP-32908.,78,False,phone,medicare support
TKT-02300,2025-06-17T13:29:00Z,prescription refill request,Refill request status inquiry references HP-70100; no clinical details included.,126,True,email,medicare support
TKT-00853,2025-06-17T13:45:00Z,referral status,Customer asks whether referral paperwork was received for HP-99012.,39,False,web portal,standard
TKT-00976,2025-06-17T14:48:00Z,insurance eligibility,Coverage administration question references HP-26715.,39,False,phone,standard
TKT-00618,2025-06-17T16:04:00Z,appointment scheduling,Administrative scheduling request for reference HP-50222.,23,False,phone,standard
TKT-02534,2025-06-17T17:39:00Z,appointment scheduling,Caller requests an appointment-time change under HP-78853.,27,False,phone,standard
TKT-00912,2025-06-17T19:56:00Z,insurance eligibility,Coverage administration question references HP-69402.,41,False,web portal,standard
TKT-02543,2025-06-17T21:33:00Z,prescription refill request,Customer asks for refill-request routing under HP-88198.,75,True,web portal,standard
TKT-02942,2025-06-17T21:40:00Z,insurance eligibility,Employer-plan eligibility status needs validation for HP-17336.,71,False,email,medicare support
TKT-01373,2025-06-17T22:46:00Z,general inquiry,Uncategorized administrative inquiry references HP-78099.,34,False,email,employer plan
TKT-02546,2025-06-17T23:51:00Z,insurance eligibility,Coverage administration question references HP-19966.,47,False,email,standard
TKT-02792,2025-06-18T04:29:00Z,billing question,Customer requests an explanation of a service charge for HP-49059.,25,False,email,employer plan
TKT-02665,2025-06-18T05:40:00Z,prescription refill request,Customer asks for refill-request routing under HP-60229.,54,False,email,employer plan
TKT-00006,2025-06-18T05:50:00Z,portal access,Customer cannot access the service portal under HP-65874.,13,False,web portal,standard
TKT-02361,2025-06-18T06:18:00Z,portal access,Customer reports a locked portal account under HP-35431.,12,False,web portal,premium care
TKT-01370,2025-06-18T06:36:00Z,insurance eligibility,Employer-plan eligibility status needs validation for HP-37242.,129,True,phone,standard
TKT-02318,2025-06-18T10:03:00Z,appointment scheduling,Administrative scheduling request for reference HP-16422.,21,False,email,medicare support
TKT-01405,2025-06-18T13:43:00Z,billing question,Payment posting question references HP-41316.,73,False,email,medicare support
TKT-00720,2025-06-18T13:55:00Z,portal access,Customer reports a locked portal account under HP-49638.,39,True,web portal,standard
TKT-01693,2025-06-18T14:32:00Z,medical records request,Customer asks which authorization form applies to HP-50889.,56,False,email,premium care
TKT-00051,2025-06-18T15:30:00Z,insurance eligibility,Customer requests administrative eligibility verification for HP-97200.,45,False,phone,premium care
TKT-01864,2025-06-18T19:47:00Z,appointment scheduling,Administrative scheduling request for reference HP-72554.,23,False,phone,medicare support
TKT-02789,2025-06-18T21:10:00Z,referral status,Customer asks whether referral paperwork was received for HP-60706.,49,False,phone,standard
TKT-00103,2025-06-18T23:10:00Z,appointment scheduling,Caller requests an appointment-time change under HP-40134.,27,False,chat,premium care
TKT-02741,2025-06-18T23:24:00Z,referral status,Customer requests administrative referral status for HP-86345.,47,False,phone,standard
TKT-01092,2025-06-19T00:09:00Z,prescription refill request,Administrative refill request requires licensed-team review under HP-26924.,89,True,phone,standard
TKT-02802,2025-06-19T00:29:00Z,medical records request,Customer asks which authorization form applies to HP-51758.,79,False,email,standard
TKT-01926,2025-06-19T00:33:00Z,insurance eligibility,Coverage administration question references HP-15292.,83,False,web portal,standard
TKT-01362,2025-06-19T06:04:00Z,prescription refill request,Refill request status inquiry references HP-24050; no clinical details included.,65,False,email,standard
TKT-00804,2025-06-19T07:34:00Z,appointment scheduling,Customer asks about available scheduling options for HP-82367.,15,False,phone,employer plan
TKT-00184,2025-06-19T07:59:00Z,insurance eligibility,Customer requests administrative eligibility verification for HP-30042.,47,False,email,premium care
TKT-02217,2025-06-19T08:43:00Z,insurance eligibility,Coverage administration question references HP-21488.,40,False,phone,standard
TKT-00532,2025-06-19T09:22:00Z,prescription refill request,Refill request status inquiry references HP-63017; no clinical details included.,117,True,email,employer plan
TKT-00784,2025-06-19T12:22:00Z,appointment scheduling,Caller requests an appointment-time change under HP-66112.,9,False,phone,employer plan
TKT-01211,2025-06-19T14:24:00Z,insurance eligibility,Customer requests administrative eligibility verification for HP-66332.,79,False,phone,standard
TKT-02350,2025-06-19T21:00:00Z,prescription refill request,Refill request status inquiry references HP-71156; no clinical details included.,91,False,email,employer plan
TKT-01841,2025-06-19T22:39:00Z,insurance eligibility,Employer-plan eligibility status needs validation for HP-31491.,112,True,email,medicare support
TKT-01397,2025-06-19T22:41:00Z,appointment scheduling,Caller requests an appointment-time change under HP-22762.,27,False,email,standard
TKT-01484,2025-06-19T22:45:00Z,prescription refill request,Refill request status inquiry references HP-51935; no clinical details included.,130,True,chat,premium care
TKT-01144,2025-06-20T00:44:00Z,appointment scheduling,Administrative scheduling request for reference HP-70940.,20,False,phone,employer plan
TKT-00538,2025-06-20T01:08:00Z,portal access,Customer reports a locked portal account under HP-87662.,9,False,web portal,standard
TKT-00834,2025-06-20T02:56:00Z,appointment scheduling,Caller requests an appointment-time change under HP-20471.,22,False,web portal,employer plan
TKT-02345,2025-06-20T03:56:00Z,insurance eligibility,Employer-plan eligibility status needs validation for HP-24626.,53,False,phone,employer plan
TKT-02435,2025-06-20T04:43:00Z,appointment scheduling,Customer asks about available scheduling options for HP-93803.,27,False,web portal,medicare support
TKT-00383,2025-06-20T05:02:00Z,billing question,Customer asks about an administrative statement under HP-39768.,48,False,phone,premium care
TKT-01667,2025-06-20T05:57:00Z,referral status,Referral routing update requested under HP-63978.,52,False,phone,standard
TKT-00757,2025-06-20T06:06:00Z,appointment scheduling,Administrative scheduling request for reference HP-24885.,23,False,phone,standard
TKT-02728,2025-06-20T07:36:00Z,insurance eligibility,Customer requests administrative eligibility verification for HP-21478.,82,False,phone,employer plan
TKT-02980,2025-06-20T08:06:00Z,portal access,Portal password reset requested for HP-21366.,14,False,web portal,standard
TKT-02287,2025-06-20T12:42:00Z,appointment scheduling,Caller requests an appointment-time change under HP-62838.,11,False,phone,employer plan
TKT-00404,2025-06-20T16:24:00Z,appointment scheduling,Caller requests an appointment-time change under HP-66757.,20,False,phone,employer plan
TKT-02467,2025-06-20T18:45:00Z,billing question,Customer asks about an administrative statement under HP-46708.,89,True,web portal,medicare support
TKT-02612,2025-06-20T20:28:00Z,billing question,Payment posting question references HP-37951.,74,False,phone,premium care
TKT-01769,2025-06-20T20:44:00Z,portal access,Customer reports a locked portal account under HP-21389.,6,False,web portal,medicare support
TKT-02933,2025-06-20T23:38:00Z,appointment scheduling,Customer asks about available scheduling options for HP-55109.,28,False,web portal,standard
TKT-00697,2025-06-21T00:15:00Z,portal access,Customer reports a locked portal account under HP-72900.,6,False,web portal,standard
TKT-01942,2025-06-21T00:19:00Z,referral status,Customer asks whether referral paperwork was received for HP-73819.,35,False,phone,premium care
TKT-02295,2025-06-21T00:24:00Z,billing question,Customer asks about an administrative statement under HP-29816.,101,True,phone,medicare support
TKT-01003,2025-06-21T01:05:00Z,appointment scheduling,Caller requests an appointment-time change under HP-61677.,10,False,chat,medicare support
TKT-00494,2025-06-21T01:58:00Z,billing question,Customer requests an explanation of a service charge for HP-74118.,31,False,phone,medicare support
TKT-00774,2025-06-21T03:58:00Z,general inquiry,Uncategorized administrative inquiry references HP-53808.,16,False,web portal,standard
TKT-01542,2025-06-21T04:15:00Z,portal access,Portal password reset requested for HP-12391.,5,False,email,standard
TKT-00070,2025-06-21T04:49:00Z,billing question,Customer requests an explanation of a service charge for HP-33957.,59,False,chat,medicare support
TKT-01509,2025-06-21T05:45:00Z,insurance eligibility,Coverage administration question references HP-34983.,37,False,phone,medicare support
TKT-02454,2025-06-21T06:29:00Z,general inquiry,Uncategorized administrative inquiry references HP-13252.,11,False,email,standard
TKT-00086,2025-06-21T08:44:00Z,portal access,Portal password reset requested for HP-24483.,9,False,chat,medicare support
TKT-00586,2025-06-21T10:08:00Z,appointment scheduling,Customer asks about available scheduling options for HP-48539.,12,False,phone,medicare support
TKT-01586,2025-06-21T10:24:00Z,appointment scheduling,Administrative scheduling request for reference HP-56250.,21,False,chat,standard
TKT-01513,2025-06-21T10:52:00Z,insurance eligibility,Customer requests administrative eligibility verification for HP-43409.,80,False,phone,premium care
TKT-01072,2025-06-21T11:45:00Z,billing question,Customer requests an explanation of a service charge for HP-12259.,28,False,email,premium care
TKT-00612,2025-06-21T12:28:00Z,billing question,Customer asks about an administrative statement under HP-65379.,73,False,phone,standard
TKT-00203,2025-06-21T13:01:00Z,portal access,Portal password reset requested for HP-85906.,16,False,web portal,standard
TKT-00975,2025-06-21T15:37:00Z,insurance eligibility,Employer-plan eligibility status needs validation for HP-54524.,56,False,web portal,standard
TKT-01432,2025-06-21T18:29:00Z,referral status,Referral routing update requested under HP-68346.,27,False,email,premium care
TKT-01935,2025-06-21T20:27:00Z,medical records request,Customer requests records-release instructions under HP-63895.,111,False,email,employer plan
TKT-00342,2025-06-21T21:03:00Z,portal access,Portal password reset requested for HP-68892.,5,False,chat,premium care
TKT-01930,2025-06-21T21:26:00Z,general inquiry,Uncategorized administrative inquiry references HP-30209.,60,False,phone,employer plan
TKT-00186,2025-06-21T21:44:00Z,general inquiry,Customer request requires manual routing under HP-47885.,72,False,chat,standard
TKT-01551,2025-06-21T22:58:00Z,insurance eligibility,Coverage administration question references HP-48567.,32,False,web portal,standard
TKT-02085,2025-06-21T23:07:00Z,portal access,Portal password reset requested for HP-59903.,9,False,web portal,medicare support
TKT-00399,2025-06-22T03:18:00Z,insurance eligibility,Customer requests administrative eligibility verification for HP-93558.,60,True,phone,medicare support
TKT-01584,2025-06-22T04:32:00Z,portal access,Customer cannot access the service portal under HP-29286.,6,False,web portal,standard
TKT-00119,2025-06-22T06:01:00Z,billing question,Payment posting question references HP-87628.,127,True,phone,standard
TKT-01383,2025-06-22T07:05:00Z,portal access,Portal password reset requested for HP-93767.,5,False,email,standard
TKT-02457,2025-06-22T07:29:00Z,portal access,Customer reports a locked portal account under HP-26167.,13,False,email,standard
TKT-00622,2025-06-22T09:29:00Z,appointment scheduling,Caller requests an appointment-time change under HP-15688.,15,False,phone,standard
TKT-00137,2025-06-22T10:07:00Z,billing question,Customer asks about an administrative statement under HP-30909.,51,False,web portal,standard
TKT-02203,2025-06-22T12:44:00Z,portal access,Customer reports a locked portal account under HP-41372.,15,False,email,premium care
TKT-01498,2025-06-22T14:05:00Z,portal access,Customer cannot access the service portal under HP-25350.,6,False,web portal,standard
TKT-02066,2025-06-22T14:35:00Z,insurance eligibility,Customer requests administrative eligibility verification for HP-50424.,51,False,phone,medicare support
TKT-02787,2025-06-22T15:19:00Z,appointment scheduling,Administrative scheduling request for reference HP-93739.,25,False,phone,medicare support
TKT-02766,2025-06-22T15:34:00Z,insurance eligibility,Coverage administration question references HP-41990.,37,False,email,standard
TKT-00009,2025-06-22T18:58:00Z,referral status,Customer requests administrative referral status for HP-95752.,30,False,web portal,medicare support
TKT-00340,2025-06-22T19:00:00Z,medical records request,Records request status inquiry references HP-41843.,132,True,email,standard
TKT-01865,2025-06-22T19:35:00Z,appointment scheduling,Administrative scheduling request for reference HP-76584.,20,False,phone,standard
TKT-01311,2025-06-22T20:11:00Z,medical records request,Customer asks which authorization form applies to HP-77820.,74,False,phone,employer plan
TKT-01027,2025-06-22T21:49:00Z,billing question,Customer asks about an administrative statement under HP-64502.,25,False,email,standard
TKT-00237,2025-06-23T00:11:00Z,insurance eligibility,Coverage administration question references HP-88922.,52,False,phone,premium care
TKT-01703,2025-06-23T00:33:00Z,appointment scheduling,Customer asks about available scheduling options for HP-29409.,9,False,phone,employer plan
TKT-01965,2025-06-23T00:41:00Z,referral status,Referral routing update requested under HP-12694.,42,False,web portal,medicare support
TKT-00041,2025-06-23T01:52:00Z,billing question,Customer asks about an administrative statement under HP-45687.,51,False,email,employer plan
TKT-02539,2025-06-23T03:52:00Z,prescription refill request,Refill request status inquiry references HP-12566; no clinical details included.,79,False,phone,premium care
TKT-00664,2025-06-23T03:53:00Z,portal access,Customer cannot access the service portal under HP-37115.,36,True,web portal,medicare support
TKT-01518,2025-06-23T07:11:00Z,portal access,Customer cannot access the service portal under HP-14196.,15,False,web portal,standard
TKT-02650,2025-06-23T07:38:00Z,appointment scheduling,Administrative scheduling request for reference HP-35263.,17,False,phone,medicare support
TKT-02670,2025-06-23T13:39:00Z,appointment scheduling,Customer asks about available scheduling options for HP-22074.,10,False,web portal,medicare support
TKT-02427,2025-06-23T14:23:00Z,general inquiry,Uncategorized administrative inquiry references HP-43520.,127,True,chat,standard
TKT-01716,2025-06-23T14:25:00Z,prescription refill request,Administrative refill request requires licensed-team review under HP-93724.,99,True,email,standard
TKT-02703,2025-06-23T15:02:00Z,portal access,Customer cannot access the service portal under HP-30201.,11,False,web portal,standard
TKT-00504,2025-06-23T15:48:00Z,portal access,Customer reports a locked portal account under HP-61907.,15,False,chat,standard
TKT-00728,2025-06-23T16:14:00Z,referral status,Customer requests administrative referral status for HP-20313.,33,False,web portal,standard
TKT-02648,2025-06-23T19:29:00Z,prescription refill request,Customer asks for refill-request routing under HP-79313.,113,True,phone,premium care
TKT-00272,2025-06-23T19:50:00Z,general inquiry,Uncategorized administrative inquiry references HP-78349.,63,False,phone,standard
TKT-01795,2025-06-23T21:10:00Z,portal access,Portal password reset requested for HP-82712.,5,False,chat,employer plan
TKT-00979,2025-06-23T21:16:00Z,portal access,Customer reports a locked portal account under HP-94979.,5,False,web portal,standard
TKT-02230,2025-06-23T22:15:00Z,appointment scheduling,Administrative scheduling request for reference HP-54081.,17,False,phone,employer plan
TKT-02906,2025-06-24T00:59:00Z,appointment scheduling,Administrative scheduling request for reference HP-78400.,20,False,phone,employer plan
TKT-01817,2025-06-24T02:04:00Z,billing question,Customer asks about an administrative statement under HP-64855.,52,False,email,standard
TKT-00341,2025-06-24T02:55:00Z,portal access,Customer reports a locked portal account under HP-13398.,12,False,phone,employer plan
TKT-02199,2025-06-24T03:56:00Z,insurance eligibility,Customer requests administrative eligibility verification for HP-15702.,54,False,email,standard
TKT-02706,2025-06-24T04:22:00Z,portal access,Customer cannot access the service portal under HP-83946.,16,False,web portal,standard
TKT-00904,2025-06-24T08:09:00Z,portal access,Customer reports a locked portal account under HP-32258.,15,False,web portal,standard
TKT-01049,2025-06-24T08:58:00Z,portal access,Customer reports a locked portal account under HP-96787.,4,False,phone,standard
TKT-02087,2025-06-24T10:40:00Z,insurance eligibility,Customer requests administrative eligibility verification for HP-62901.,51,False,email,employer plan
TKT-00936,2025-06-24T11:16:00Z,referral status,Customer asks whether referral paperwork was received for HP-32010.,45,False,phone,employer plan
TKT-01552,2025-06-24T12:47:00Z,referral status,Customer asks whether referral paperwork was received for HP-16183.,63,True,email,standard
TKT-01652,2025-06-24T19:40:00Z,appointment scheduling,Administrative scheduling request for reference HP-29731.,27,False,phone,employer plan
TKT-02370,2025-06-24T20:13:00Z,insurance eligibility,Employer-plan eligibility status needs validation for HP-16150.,67,False,phone,standard
TKT-01133,2025-06-24T21:47:00Z,insurance eligibility,Coverage administration question references HP-38878.,70,False,phone,employer plan
TKT-00306,2025-06-24T23:06:00Z,insurance eligibility,Coverage administration question references HP-30436.,128,True,phone,employer plan
TKT-01556,2025-06-24T23:34:00Z,appointment scheduling,Customer asks about available scheduling options for HP-43975.,20,False,phone,standard
TKT-00693,2025-06-25T00:57:00Z,insurance eligibility,Customer requests administrative eligibility verification for HP-78525.,74,False,phone,premium care
TKT-01633,2025-06-25T03:02:00Z,insurance eligibility,Customer requests administrative eligibility verification for HP-90643.,122,True,phone,employer plan
TKT-01722,2025-06-25T04:04:00Z,appointment scheduling,Administrative scheduling request for reference HP-33528.,19,False,web portal,employer plan
TKT-00940,2025-06-25T06:13:00Z,insurance eligibility,Employer-plan eligibility status needs validation for HP-95837.,68,True,web portal,premium care
TKT-01415,2025-06-25T06:25:00Z,insurance eligibility,Employer-plan eligibility status needs validation for HP-67343.,79,False,phone,premium care
TKT-01927,2025-06-25T07:11:00Z,portal access,Customer cannot access the service portal under HP-16578.,7,False,web portal,premium care
TKT-01605,2025-06-25T11:25:00Z,portal access,Portal password reset requested for HP-65750.,14,False,web portal,premium care
TKT-01779,2025-06-25T11:44:00Z,insurance eligibility,Coverage administration question references HP-15233.,70,False,phone,standard
TKT-00284,2025-06-25T13:42:00Z,appointment scheduling,Caller requests an appointment-time change under HP-50114.,27,False,chat,employer plan
TKT-00609,2025-06-25T13:49:00Z,medical records request,Customer asks which authorization form applies to HP-94706.,47,False,email,premium care
TKT-01543,2025-06-25T16:40:00Z,billing question,Customer requests an explanation of a service charge for HP-48346.,58,False,phone,standard
TKT-00223,2025-06-25T17:03:00Z,insurance eligibility,Customer requests administrative eligibility verification for HP-75253.,34,False,web portal,medicare support
TKT-00638,2025-06-25T18:07:00Z,general inquiry,Multi-topic non-clinical inquiry recorded as HP-88147.,50,False,web portal,standard
TKT-01329,2025-06-25T20:38:00Z,appointment scheduling,Customer asks about available scheduling options for HP-26986.,19,False,phone,standard
TKT-02379,2025-06-25T22:44:00Z,prescription refill request,Customer asks for refill-request routing under HP-51341.,62,True,phone,standard
TKT-02005,2025-06-25T23:58:00Z,referral status,Referral routing update requested under HP-15482.,75,True,phone,employer plan
TKT-02249,2025-06-26T00:16:00Z,appointment scheduling,Customer asks about available scheduling options for HP-92552.,59,True,web portal,employer plan
TKT-01086,2025-06-26T04:57:00Z,portal access,Customer cannot access the service portal under HP-21636.,67,True,phone,standard
TKT-02308,2025-06-26T06:01:00Z,appointment scheduling,Administrative scheduling request for reference HP-91340.,26,False,phone,employer plan
TKT-02108,2025-06-26T06:15:00Z,insurance eligibility,Customer requests administrative eligibility verification for HP-40048.,64,False,email,standard
TKT-02907,2025-06-26T07:02:00Z,appointment scheduling,Caller requests an appointment-time change under HP-97450.,24,False,web portal,employer plan
TKT-02445,2025-06-26T07:15:00Z,billing question,Payment posting question references HP-91214.,31,False,phone,standard
TKT-02225,2025-06-26T07:41:00Z,appointment scheduling,Customer asks about available scheduling options for HP-13981.,12,False,chat,employer plan
TKT-00468,2025-06-26T09:09:00Z,insurance eligibility,Customer requests administrative eligibility verification for HP-96757.,76,True,phone,premium care
TKT-00573,2025-06-26T09:56:00Z,portal access,Portal password reset requested for HP-35809.,12,False,chat,medicare support
TKT-02629,2025-06-26T11:05:00Z,appointment scheduling,Administrative scheduling request for reference HP-56786.,23,False,phone,standard
TKT-01949,2025-06-26T11:54:00Z,portal access,Portal password reset requested for HP-78206.,14,False,web portal,standard
TKT-02419,2025-06-26T12:55:00Z,prescription refill request,Refill request status inquiry references HP-24559; no clinical details included.,137,True,web portal,employer plan
TKT-02541,2025-06-26T14:30:00Z,insurance eligibility,Employer-plan eligibility status needs validation for HP-76407.,61,False,email,premium care
TKT-00346,2025-06-26T14:39:00Z,appointment scheduling,Caller requests an appointment-time change under HP-82908.,27,False,phone,medicare support
TKT-02721,2025-06-26T14:47:00Z,appointment scheduling,Administrative scheduling request for reference HP-19008.,16,False,phone,standard
TKT-00434,2025-06-26T15:32:00Z,insurance eligibility,Coverage administration question references HP-85211.,70,False,email,medicare support
TKT-02383,2025-06-26T15:38:00Z,billing question,Customer requests an explanation of a service charge for HP-50991.,41,False,web portal,standard
TKT-00519,2025-06-26T16:08:00Z,appointment scheduling,Customer asks about available scheduling options for HP-43921.,27,False,phone,employer plan
TKT-02920,2025-06-26T19:14:00Z,billing question,Customer requests an explanation of a service charge for HP-48111.,47,False,phone,standard
TKT-00887,2025-06-26T21:08:00Z,billing question,Payment posting question references HP-25446.,42,False,web portal,standard
TKT-02804,2025-06-27T00:33:00Z,prescription refill request,Refill request status inquiry references HP-24190; no clinical details included.,79,True,web portal,employer plan
TKT-02968,2025-06-27T00:33:00Z,general inquiry,Uncategorized administrative inquiry references HP-23026.,75,False,phone,premium care
TKT-01216,2025-06-27T01:21:00Z,billing question,Customer asks about an administrative statement under HP-12453.,66,False,phone,medicare support
TKT-01127,2025-06-27T03:37:00Z,referral status,Customer requests administrative referral status for HP-77280.,28,False,email,employer plan
TKT-02371,2025-06-27T04:34:00Z,portal access,Customer reports a locked portal account under HP-39221.,7,False,web portal,medicare support
TKT-00700,2025-06-27T07:00:00Z,appointment scheduling,Caller requests an appointment-time change under HP-88910.,28,False,email,standard
TKT-02373,2025-06-27T07:08:00Z,appointment scheduling,Caller requests an appointment-time change under HP-33847.,20,False,phone,standard
TKT-00908,2025-06-27T07:56:00Z,insurance eligibility,Employer-plan eligibility status needs validation for HP-82066.,75,False,chat,medicare support
TKT-02551,2025-06-27T08:34:00Z,billing question,Payment posting question references HP-22923.,35,False,chat,medicare support
TKT-01741,2025-06-27T10:49:00Z,insurance eligibility,Coverage administration question references HP-41197.,30,False,phone,standard
TKT-02996,2025-06-27T14:04:00Z,appointment scheduling,Caller requests an appointment-time change under HP-44279.,19,False,phone,employer plan
TKT-00651,2025-06-27T16:46:00Z,portal access,Portal password reset requested for HP-42791.,32,True,web portal,premium care
TKT-01036,2025-06-27T19:23:00Z,portal access,Customer cannot access the service portal under HP-60630.,13,False,web portal,standard
TKT-02991,2025-06-27T20:21:00Z,billing question,Payment posting question references HP-20995.,49,False,phone,employer plan
TKT-00113,2025-06-27T20:41:00Z,billing question,Payment posting question references HP-57116.,72,False,email,premium care
TKT-00371,2025-06-27T23:41:00Z,appointment scheduling,Caller requests an appointment-time change under HP-97087.,22,False,email,standard
TKT-00647,2025-06-28T00:25:00Z,billing question,Customer asks about an administrative statement under HP-91259.,94,True,email,medicare support
TKT-01994,2025-06-28T01:58:00Z,referral status,Customer asks whether referral paperwork was received for HP-50858.,72,True,email,medicare support
TKT-00219,2025-06-28T03:39:00Z,billing question,Customer asks about an administrative statement under HP-45299.,58,False,phone,employer plan
TKT-02905,2025-06-28T04:10:00Z,insurance eligibility,Coverage administration question references HP-10500.,93,True,phone,standard
TKT-02639,2025-06-28T05:01:00Z,insurance eligibility,Employer-plan eligibility status needs validation for HP-39851.,37,False,web portal,standard
TKT-01156,2025-06-28T05:06:00Z,billing question,Customer requests an explanation of a service charge for HP-73245.,63,False,web portal,medicare support
TKT-02678,2025-06-28T05:35:00Z,portal access,Portal password reset requested for HP-80579.,8,False,chat,employer plan
TKT-00048,2025-06-28T06:16:00Z,insurance eligibility,Customer requests administrative eligibility verification for HP-37020.,57,False,phone,standard
TKT-00970,2025-06-28T06:24:00Z,insurance eligibility,Employer-plan eligibility status needs validation for HP-43909.,85,False,phone,standard
TKT-00289,2025-06-28T07:17:00Z,appointment scheduling,Customer asks about available scheduling options for HP-70813.,54,True,email,premium care
TKT-01616,2025-06-28T07:18:00Z,billing question,Customer requests an explanation of a service charge for HP-22139.,37,False,web portal,premium care
TKT-00875,2025-06-28T07:21:00Z,portal access,Customer cannot access the service portal under HP-33207.,60,True,web portal,employer plan
TKT-00926,2025-06-28T07:47:00Z,portal access,Customer reports a locked portal account under HP-11765.,11,False,web portal,standard
TKT-01763,2025-06-28T10:12:00Z,referral status,Customer requests administrative referral status for HP-18843.,46,False,web portal,standard
TKT-00553,2025-06-28T10:41:00Z,portal access,Customer cannot access the service portal under HP-27740.,14,False,web portal,employer plan
TKT-01553,2025-06-28T11:39:00Z,insurance eligibility,Coverage administration question references HP-90764.,75,False,email,standard
TKT-00524,2025-06-28T13:59:00Z,referral status,Referral routing update requested under HP-39620.,48,False,email,standard
TKT-00327,2025-06-28T14:06:00Z,appointment scheduling,Administrative scheduling request for reference HP-34057.,22,False,phone,standard
TKT-00989,2025-06-28T20:05:00Z,general inquiry,Multi-topic non-clinical inquiry recorded as HP-22422.,72,False,phone,medicare support
TKT-02240,2025-06-28T20:09:00Z,prescription refill request,Administrative refill request requires licensed-team review under HP-35089.,78,True,chat,standard
TKT-00294,2025-06-28T20:11:00Z,medical records request,Customer requests records-release instructions under HP-61382.,113,False,email,employer plan
TKT-01290,2025-06-28T20:32:00Z,general inquiry,Customer request requires manual routing under HP-93117.,102,True,chat,standard
TKT-01462,2025-06-28T20:38:00Z,insurance eligibility,Employer-plan eligibility status needs validation for HP-37272.,77,False,phone,medicare support
TKT-00217,2025-06-28T20:46:00Z,portal access,Customer reports a locked portal account under HP-81035.,9,False,web portal,premium care
TKT-02573,2025-06-29T00:22:00Z,billing question,Customer asks about an administrative statement under HP-73130.,35,False,email,medicare support
TKT-02883,2025-06-29T03:25:00Z,appointment scheduling,Customer asks about available scheduling options for HP-39106.,27,False,chat,medicare support
TKT-00701,2025-06-29T04:20:00Z,portal access,Customer cannot access the service portal under HP-21080.,4,False,web portal,employer plan
TKT-02127,2025-06-29T05:36:00Z,general inquiry,Uncategorized administrative inquiry references HP-78675.,33,False,phone,employer plan
TKT-01319,2025-06-29T11:51:00Z,appointment scheduling,Administrative scheduling request for reference HP-85602.,19,False,web portal,employer plan
TKT-01213,2025-06-29T13:09:00Z,portal access,Customer reports a locked portal account under HP-91193.,10,False,chat,standard
TKT-01057,2025-06-29T13:51:00Z,referral status,Customer asks whether referral paperwork was received for HP-75025.,39,False,web portal,medicare support
TKT-02533,2025-06-29T15:12:00Z,appointment scheduling,Caller requests an appointment-time change under HP-38766.,15,False,web portal,standard
TKT-01945,2025-06-29T15:52:00Z,appointment scheduling,Administrative scheduling request for reference HP-51758.,28,False,phone,employer plan
TKT-01711,2025-06-29T21:49:00Z,appointment scheduling,Administrative scheduling request for reference HP-98380.,19,False,email,employer plan
TKT-00507,2025-06-29T22:21:00Z,general inquiry,Customer request requires manual routing under HP-84674.,34,False,web portal,employer plan
TKT-01829,2025-06-30T02:12:00Z,referral status,Customer requests administrative referral status for HP-70074.,30,False,email,medicare support
TKT-00157,2025-06-30T05:23:00Z,medical records request,Records request status inquiry references HP-91100.,156,True,email,standard
TKT-00946,2025-06-30T05:32:00Z,appointment scheduling,Customer asks about available scheduling options for HP-13009.,15,False,phone,employer plan
TKT-01271,2025-06-30T05:47:00Z,prescription refill request,Refill request status inquiry references HP-67339; no clinical details included.,40,False,phone,employer plan
TKT-02154,2025-06-30T06:08:00Z,insurance eligibility,Coverage administration question references HP-46029.,36,False,email,employer plan
TKT-01309,2025-06-30T07:27:00Z,referral status,Customer requests administrative referral status for HP-10354.,29,False,email,premium care
TKT-02002,2025-06-30T08:07:00Z,portal access,Customer cannot access the service portal under HP-51108.,9,False,web portal,employer plan
TKT-01544,2025-06-30T08:50:00Z,portal access,Customer cannot access the service portal under HP-75298.,16,False,web portal,premium care
TKT-01947,2025-06-30T09:12:00Z,insurance eligibility,Coverage administration question references HP-20123.,55,False,phone,employer plan
TKT-01129,2025-06-30T13:34:00Z,billing question,Customer requests an explanation of a service charge for HP-37535.,73,False,phone,standard
TKT-02881,2025-06-30T14:22:00Z,billing question,Payment posting question references HP-74689.,50,False,email,premium care
TKT-01993,2025-06-30T14:41:00Z,prescription refill request,Administrative refill request requires licensed-team review under HP-51477.,114,True,phone,premium care
TKT-02559,2025-06-30T15:39:00Z,appointment scheduling,Caller requests an appointment-time change under HP-30524.,26,False,phone,employer plan
TKT-02704,2025-06-30T16:14:00Z,portal access,Customer reports a locked portal account under HP-17855.,16,False,web portal,employer plan
TKT-00170,2025-06-30T16:38:00Z,general inquiry,Customer request requires manual routing under HP-77891.,77,False,email,premium care
TKT-01789,2025-06-30T17:32:00Z,insurance eligibility,Employer-plan eligibility status needs validation for HP-18015.,49,False,phone,standard
TKT-01570,2025-06-30T17:37:00Z,billing question,Payment posting question references HP-12888.,73,False,email,standard
TKT-00947,2025-06-30T17:38:00Z,appointment scheduling,Customer asks about available scheduling options for HP-83768.,17,False,web portal,premium care
TKT-00279,2025-06-30T22:02:00Z,prescription refill request,Refill request status inquiry references HP-58429; no clinical details included.,77,False,web portal,premium care
