ticket_id,created_at,category,description,resolution_minutes,escalated,channel,customer_tier
TKT-01973,2025-01-01T00:45:00Z,account access,Account lockout reported under LC-87667.,17,False,phone,plus
TKT-02682,2025-01-01T01:02:00Z,promotion question,Promotion eligibility exception references LC-47390.,48,False,chat,guest
TKT-01051,2025-01-01T01:09:00Z,return request,Shopper requests a return label for LC-99166.,34,False,email,standard
TKT-00373,2025-01-01T03:34:00Z,refund status,Shopper cannot locate a processed refund under LC-35942.,26,False,phone,standard
TKT-00569,2025-01-01T08:18:00Z,return request,Shopper requests return instructions for order LC-36198.,16,False,phone,standard
TKT-01113,2025-01-01T14:09:00Z,promotion question,Shopper reports a promotion did not apply under LC-39397.,40,False,email,standard
TKT-02301,2025-01-01T15:28:00Z,refund status,Refund posting timeline question references LC-82190.,21,False,chat,standard
TKT-01942,2025-01-01T15:44:00Z,order tracking,Shopper asks when shipment LC-20437 will arrive.,5,False,chat,guest
TKT-01609,2025-01-01T16:43:00Z,order tracking,Shopper requests tracking status for order LC-21525.,6,False,web form,plus
TKT-01480,2025-01-01T20:03:00Z,order tracking,Shopper asks when shipment LC-66065 will arrive.,14,False,email,standard
TKT-00947,2025-01-01T21:28:00Z,account access,Shopper cannot access account LC-73420.,64,True,chat,plus
TKT-01011,2025-01-02T03:42:00Z,order tracking,Shopper requests tracking status for order LC-15419.,7,False,chat,standard
TKT-00172,2025-01-02T03:51:00Z,fraud review,Shopper responds to a manual account-security review for LC-63996.,156,True,phone,guest
TKT-01089,2025-01-02T05:52:00Z,product question,Product compatibility question references LC-35205.,57,False,web form,plus
TKT-01625,2025-01-02T07:20:00Z,return request,Shopper requests a return label for LC-42676.,26,False,phone,vip
TKT-01933,2025-01-02T12:06:00Z,promotion question,Shopper reports a promotion did not apply under LC-98965.,101,True,email,plus
TKT-02803,2025-01-02T13:27:00Z,order tracking,Tracking link question references order LC-96874.,5,False,phone,plus
TKT-00247,2025-01-02T16:39:00Z,refund status,Shopper requests refund status for LC-18696.,25,False,chat,plus
TKT-02627,2025-01-02T18:25:00Z,order tracking,Tracking link question references order LC-67235.,7,False,web form,guest
TKT-02284,2025-01-02T18:48:00Z,refund status,Shopper cannot locate a processed refund under LC-16624.,34,False,chat,standard
TKT-01329,2025-01-02T19:22:00Z,order tracking,Tracking link question references order LC-23882.,3,False,web form,standard
TKT-02377,2025-01-02T20:54:00Z,order tracking,Tracking link question references order LC-56458.,6,False,phone,vip
TKT-01092,2025-01-02T21:02:00Z,order tracking,Shopper asks when shipment LC-54377 will arrive.,3,False,chat,guest
TKT-02022,2025-01-02T22:10:00Z,order tracking,Shopper asks when shipment LC-29300 will arrive.,9,False,chat,plus
TKT-00217,2025-01-02T23:09:00Z,account access,Shopper cannot access account LC-46924.,6,False,web form,guest
TKT-01500,2025-01-03T02:56:00Z,promotion question,Shopper reports a promotion did not apply under LC-88330.,71,True,phone,plus
TKT-02983,2025-01-03T02:57:00Z,product question,Shopper requests product-selection guidance under LC-82855.,30,False,email,standard
TKT-01452,2025-01-03T03:16:00Z,account access,Account lockout reported under LC-94370.,65,True,chat,standard
TKT-01427,2025-01-03T03:53:00Z,product question,Shopper requests product-selection guidance under LC-71015.,26,False,web form,standard
TKT-02169,2025-01-03T05:38:00Z,subscription change,Shopper asks about subscription cancellation for LC-80558.,27,False,email,guest
TKT-00171,2025-01-03T07:52:00Z,refund status,Shopper cannot locate a processed refund under LC-52325.,37,False,phone,plus
TKT-00069,2025-01-03T08:53:00Z,product question,Shopper requests product-selection guidance under LC-56552.,23,False,chat,standard
TKT-02280,2025-01-03T08:57:00Z,return request,Return eligibility question references LC-74855.,37,False,phone,standard
TKT-01908,2025-01-03T10:06:00Z,refund status,Shopper requests refund status for LC-92861.,14,False,chat,standard
TKT-01368,2025-01-03T10:08:00Z,subscription change,Shopper asks about subscription cancellation for LC-75805.,43,False,web form,standard
TKT-00615,2025-01-03T13:49:00Z,order tracking,Tracking link question references order LC-75317.,4,False,chat,vip
TKT-02222,2025-01-03T15:19:00Z,return request,Return eligibility question references LC-26509.,50,False,phone,standard
TKT-02710,2025-01-03T15:19:00Z,refund status,Refund posting timeline question references LC-57912.,12,False,chat,standard
TKT-02668,2025-01-03T15:52:00Z,subscription change,Shopper requests a subscription change under LC-98007.,22,False,web form,guest
TKT-00610,2025-01-03T19:07:00Z,order tracking,Shopper requests tracking status for order LC-53038.,5,False,chat,standard
TKT-00824,2025-01-03T19:17:00Z,return request,Shopper requests a return label for LC-32682.,42,False,phone,standard
TKT-00652,2025-01-03T22:49:00Z,refund status,Shopper requests refund status for LC-47103.,37,False,chat,standard
TKT-00130,2025-01-04T00:15:00Z,return request,Return eligibility question references LC-50013.,31,False,email,plus
TKT-01869,2025-01-04T01:17:00Z,order tracking,Tracking link question references order LC-56951.,5,False,phone,vip
TKT-01733,2025-01-04T01:18:00Z,refund status,Shopper cannot locate a processed refund under LC-61740.,14,False,web form,standard
TKT-02399,2025-01-04T05:32:00Z,account access,Shopper cannot access account LC-41642.,9,False,web form,guest
TKT-02343,2025-01-04T07:16:00Z,account access,Account lockout reported under LC-54684.,14,False,web form,vip
TKT-02514,2025-01-04T09:12:00Z,order tracking,Tracking link question references order LC-65112.,14,False,email,standard
TKT-01760,2025-01-04T11:26:00Z,promotion question,Promotion eligibility exception references LC-63322.,44,False,chat,standard
TKT-02813,2025-01-04T12:39:00Z,promotion question,Promotion eligibility exception references LC-46722.,64,True,phone,guest
TKT-01273,2025-01-04T12:43:00Z,return request,Shopper requests return instructions for order LC-22414.,39,False,web form,standard
TKT-02039,2025-01-04T13:28:00Z,order tracking,Tracking link question references order LC-77512.,12,False,chat,guest
TKT-02246,2025-01-04T15:18:00Z,refund status,Refund posting timeline question references LC-48772.,38,False,chat,standard
TKT-01374,2025-01-04T15:53:00Z,promotion question,Shopper reports a promotion did not apply under LC-38411.,48,False,web form,vip
TKT-01299,2025-01-04T17:04:00Z,subscription change,Shopper requests a subscription change under LC-28146.,15,False,web form,standard
TKT-02856,2025-01-04T17:53:00Z,return request,Shopper requests return instructions for order LC-23976.,32,False,email,plus
TKT-02015,2025-01-04T18:27:00Z,refund status,Shopper requests refund status for LC-43285.,37,False,email,plus
TKT-00225,2025-01-04T18:30:00Z,order tracking,Shopper requests tracking status for order LC-64835.,12,False,phone,vip
TKT-01705,2025-01-04T19:37:00Z,order tracking,Tracking link question references order LC-22719.,14,False,chat,vip
TKT-00609,2025-01-05T02:41:00Z,order tracking,Tracking link question references order LC-43491.,12,False,chat,plus
TKT-02086,2025-01-05T04:28:00Z,refund status,Shopper requests refund status for LC-69142.,34,False,email,guest
TKT-01008,2025-01-05T08:41:00Z,product question,Shopper requests product-selection guidance under LC-72726.,49,False,email,standard
TKT-01736,2025-01-05T10:49:00Z,promotion question,Shopper reports a promotion did not apply under LC-23013.,17,False,phone,guest
TKT-02425,2025-01-05T12:50:00Z,account access,Password reset requested for account LC-71370.,7,False,web form,plus
TKT-00894,2025-01-05T14:04:00Z,refund status,Shopper cannot locate a processed refund under LC-27173.,12,False,phone,standard
TKT-01739,2025-01-05T14:13:00Z,refund status,Shopper cannot locate a processed refund under LC-70920.,19,False,email,plus
TKT-02040,2025-01-05T14:33:00Z,product question,Shopper requests product-selection guidance under LC-69497.,61,False,chat,plus
TKT-00168,2025-01-05T17:15:00Z,subscription change,Shopper requests a subscription change under LC-19477.,16,False,phone,standard
TKT-01254,2025-01-05T17:49:00Z,refund status,Refund posting timeline question references LC-14595.,32,False,phone,guest
TKT-00257,2025-01-05T18:41:00Z,return request,Return eligibility question references LC-96676.,25,False,phone,standard
TKT-01888,2025-01-05T21:41:00Z,order tracking,Shopper requests tracking status for order LC-21862.,14,False,chat,standard
TKT-01792,2025-01-05T21:48:00Z,order tracking,Shopper asks when shipment LC-34313 will arrive.,13,False,web form,plus
TKT-01462,2025-01-05T22:32:00Z,promotion question,Promotion eligibility exception references LC-31745.,36,False,phone,plus
TKT-01165,2025-01-06T00:04:00Z,product question,Product compatibility question references LC-76108.,31,False,chat,standard
TKT-00982,2025-01-06T00:23:00Z,return request,Shopper requests return instructions for order LC-38266.,38,False,chat,standard
TKT-01257,2025-01-06T00:27:00Z,account access,Account lockout reported under LC-37574.,9,False,phone,vip
TKT-00755,2025-01-06T03:18:00Z,order tracking,Tracking link question references order LC-57914.,4,False,chat,guest
TKT-01789,2025-01-06T03:22:00Z,promotion question,Promotion eligibility exception references LC-82441.,44,False,chat,standard
TKT-00801,2025-01-06T07:04:00Z,refund status,Shopper requests refund status for LC-88395.,28,False,phone,standard
TKT-02056,2025-01-06T13:23:00Z,promotion question,Promotion eligibility exception references LC-31828.,51,False,phone,plus
TKT-01412,2025-01-06T14:26:00Z,order tracking,Shopper requests tracking status for order LC-84690.,3,False,chat,guest
TKT-01807,2025-01-06T14:35:00Z,refund status,Shopper requests refund status for LC-28425.,22,False,chat,guest
TKT-02712,2025-01-06T15:04:00Z,order tracking,Shopper asks when shipment LC-58725 will arrive.,13,False,phone,standard
TKT-00265,2025-01-06T17:37:00Z,account access,Shopper cannot access account LC-34482.,8,False,chat,standard
TKT-01938,2025-01-06T17:54:00Z,refund status,Refund posting timeline question references LC-10630.,29,False,phone,standard
TKT-00200,2025-01-06T19:47:00Z,return request,Shopper requests return instructions for order LC-96361.,37,False,email,standard
TKT-01270,2025-01-06T21:23:00Z,refund status,Refund posting timeline question references LC-67065.,34,False,email,standard
TKT-02654,2025-01-06T21:38:00Z,return request,Shopper requests return instructions for order LC-12857.,71,True,web form,standard
TKT-01657,2025-01-06T21:43:00Z,order tracking,Tracking link question references order LC-22877.,7,False,chat,guest
TKT-01211,2025-01-07T02:33:00Z,return request,Shopper requests return instructions for order LC-53299.,75,True,web form,plus
TKT-00926,2025-01-07T03:22:00Z,promotion question,Shopper questions campaign terms for promotion LC-62016.,19,False,phone,guest
TKT-01525,2025-01-07T03:30:00Z,product question,Shopper asks about product specifications for LC-55069.,113,True,chat,plus
TKT-01406,2025-01-07T03:46:00Z,account access,Shopper cannot access account LC-57606.,11,False,phone,guest
TKT-02904,2025-01-07T04:13:00Z,subscription change,Shopper requests a subscription change under LC-80703.,41,False,email,standard
TKT-01314,2025-01-07T04:19:00Z,product question,Shopper asks about product specifications for LC-58625.,17,False,phone,standard
TKT-02085,2025-01-07T10:23:00Z,promotion question,Shopper questions campaign terms for promotion LC-26446.,21,False,email,guest
TKT-01815,2025-01-07T13:00:00Z,return request,Return eligibility question references LC-86931.,16,False,email,standard
TKT-00729,2025-01-07T15:21:00Z,product question,Product compatibility question references LC-93629.,63,False,chat,guest
TKT-02146,2025-01-07T16:25:00Z,order tracking,Shopper asks when shipment LC-50074 will arrive.,14,False,phone,vip
TKT-01192,2025-01-07T18:27:00Z,refund status,Shopper requests refund status for LC-86858.,20,False,chat,vip
TKT-02738,2025-01-07T18:55:00Z,account access,Password reset requested for account LC-14569.,8,False,email,guest
TKT-00938,2025-01-07T20:23:00Z,order tracking,Tracking link question references order LC-38752.,9,False,web form,guest
TKT-01691,2025-01-07T20:36:00Z,order tracking,Shopper asks when shipment LC-54299 will arrive.,7,False,phone,standard
TKT-02364,2025-01-07T22:02:00Z,product question,Product compatibility question references LC-72928.,61,False,chat,standard
TKT-00280,2025-01-08T00:04:00Z,subscription change,Subscription pause question references LC-12559.,63,True,chat,standard
TKT-00138,2025-01-08T01:32:00Z,return request,Shopper requests a return label for LC-93563.,47,False,phone,standard
TKT-00379,2025-01-08T01:45:00Z,return request,Shopper requests return instructions for order LC-38578.,15,False,phone,standard
TKT-00504,2025-01-08T04:05:00Z,order tracking,Tracking link question references order LC-30177.,13,False,chat,plus
TKT-01040,2025-01-08T04:36:00Z,order tracking,Tracking link question references order LC-29717.,13,False,chat,plus
TKT-01148,2025-01-08T06:33:00Z,account access,Account lockout reported under LC-10917.,12,False,phone,standard
TKT-01715,2025-01-08T06:46:00Z,promotion question,Promotion eligibility exception references LC-75309.,39,False,phone,standard
TKT-00044,2025-01-08T06:56:00Z,order tracking,Shopper requests tracking status for order LC-22817.,10,False,chat,plus
TKT-02663,2025-01-08T08:08:00Z,fraud review,High-risk order review references LC-93572 and requires human handling.,136,False,web form,standard
TKT-01858,2025-01-08T08:21:00Z,refund status,Refund posting timeline question references LC-62112.,34,False,chat,plus
TKT-01633,2025-01-08T10:00:00Z,account access,Password reset requested for account LC-43625.,18,False,web form,standard
TKT-02871,2025-01-08T11:21:00Z,subscription change,Subscription pause question references LC-40406.,20,False,chat,plus
TKT-02767,2025-01-08T11:52:00Z,order tracking,Shopper requests tracking status for order LC-68376.,5,False,chat,standard
TKT-02583,2025-01-08T12:39:00Z,order tracking,Shopper asks when shipment LC-84581 will arrive.,4,False,chat,plus
TKT-00096,2025-01-08T18:05:00Z,refund status,Refund posting timeline question references LC-38464.,30,False,web form,vip
TKT-00310,2025-01-08T18:09:00Z,order tracking,Shopper asks when shipment LC-94918 will arrive.,5,False,chat,vip
TKT-02565,2025-01-08T19:01:00Z,subscription change,Subscription pause question references LC-56564.,50,False,phone,vip
TKT-00696,2025-01-08T19:12:00Z,subscription change,Shopper requests a subscription change under LC-29328.,31,False,email,standard
TKT-00587,2025-01-08T22:20:00Z,refund status,Shopper cannot locate a processed refund under LC-27136.,22,False,phone,vip
TKT-01313,2025-01-09T01:07:00Z,subscription change,Subscription pause question references LC-28003.,32,False,phone,vip
TKT-02258,2025-01-09T01:09:00Z,return request,Shopper requests a return label for LC-99208.,78,True,chat,vip
TKT-00977,2025-01-09T04:48:00Z,order tracking,Shopper asks when shipment LC-22724 will arrive.,6,False,chat,guest
TKT-02939,2025-01-09T05:40:00Z,order tracking,Shopper requests tracking status for order LC-28897.,7,False,chat,guest
TKT-02083,2025-01-09T06:35:00Z,return request,Shopper requests return instructions for order LC-14451.,35,False,chat,guest
TKT-02836,2025-01-09T07:27:00Z,order tracking,Tracking link question references order LC-69035.,11,False,chat,standard
TKT-01962,2025-01-09T07:48:00Z,return request,Shopper requests return instructions for order LC-65002.,68,True,chat,vip
TKT-02832,2025-01-09T08:27:00Z,return request,Return eligibility question references LC-77386.,45,False,phone,plus
TKT-01656,2025-01-09T09:11:00Z,refund status,Refund posting timeline question references LC-11323.,29,False,web form,guest
TKT-01762,2025-01-09T09:24:00Z,return request,Return eligibility question references LC-85134.,42,False,phone,standard
TKT-01765,2025-01-09T09:39:00Z,order tracking,Shopper requests tracking status for order LC-12607.,4,False,phone,vip
TKT-01506,2025-01-09T10:10:00Z,promotion question,Promotion eligibility exception references LC-82393.,28,False,chat,vip
TKT-00413,2025-01-09T14:39:00Z,fraud review,High-risk order review references LC-77394 and requires human handling.,166,True,phone,standard
TKT-01686,2025-01-09T16:56:00Z,fraud review,Transaction review requires specialist approval under LC-34707.,99,True,email,guest
TKT-02881,2025-01-09T18:12:00Z,refund status,Shopper cannot locate a processed refund under LC-28341.,23,False,chat,guest
TKT-00344,2025-01-09T21:00:00Z,account access,Shopper cannot access account LC-37656.,6,False,chat,guest
TKT-02185,2025-01-10T00:28:00Z,refund status,Shopper requests refund status for LC-36604.,37,False,email,standard
TKT-01834,2025-01-10T01:10:00Z,account access,Password reset requested for account LC-54304.,18,False,chat,standard
TKT-01997,2025-01-10T02:12:00Z,return request,Return eligibility question references LC-28474.,46,False,email,standard
TKT-02697,2025-01-10T05:47:00Z,refund status,Shopper requests refund status for LC-27014.,24,False,email,plus
TKT-00792,2025-01-10T10:50:00Z,order tracking,Shopper asks when shipment LC-18792 will arrive.,5,False,chat,plus
TKT-02877,2025-01-10T15:03:00Z,refund status,Refund posting timeline question references LC-43872.,31,False,email,standard
TKT-02384,2025-01-10T16:11:00Z,order tracking,Tracking link question references order LC-90252.,8,False,web form,vip
TKT-00493,2025-01-10T19:49:00Z,return request,Return eligibility question references LC-89881.,23,False,email,guest
TKT-01418,2025-01-10T20:29:00Z,order tracking,Tracking link question references order LC-73170.,8,False,email,standard
TKT-02477,2025-01-10T21:47:00Z,refund status,Refund posting timeline question references LC-98171.,31,False,chat,plus
TKT-01967,2025-01-11T01:05:00Z,fraud review,High-risk order review references LC-38597 and requires human handling.,170,False,chat,guest
TKT-01018,2025-01-11T02:04:00Z,fraud review,Shopper responds to a manual account-security review for LC-41213.,134,False,phone,guest
TKT-00150,2025-01-11T13:38:00Z,return request,Shopper requests a return label for LC-14085.,43,False,web form,plus
TKT-01184,2025-01-11T15:30:00Z,promotion question,Shopper questions campaign terms for promotion LC-39960.,18,False,phone,plus
TKT-02044,2025-01-11T17:19:00Z,promotion question,Shopper reports a promotion did not apply under LC-31417.,38,False,web form,plus
TKT-02547,2025-01-11T17:23:00Z,order tracking,Shopper asks when shipment LC-86397 will arrive.,11,False,chat,guest
TKT-02199,2025-01-11T18:32:00Z,return request,Shopper requests return instructions for order LC-33515.,27,False,web form,standard
TKT-00640,2025-01-11T21:01:00Z,order tracking,Shopper requests tracking status for order LC-21864.,6,False,web form,plus
TKT-00106,2025-01-12T01:08:00Z,order tracking,Shopper asks when shipment LC-50673 will arrive.,11,False,chat,standard
TKT-01410,2025-01-12T02:13:00Z,order tracking,Shopper requests tracking status for order LC-68366.,3,False,chat,vip
TKT-01442,2025-01-12T02:51:00Z,promotion question,Shopper reports a promotion did not apply under LC-99771.,29,False,web form,guest
TKT-00997,2025-01-12T03:48:00Z,order tracking,Shopper requests tracking status for order LC-80489.,14,False,phone,standard
TKT-02762,2025-01-12T03:55:00Z,account access,Shopper cannot access account LC-99083.,7,False,chat,vip
TKT-01066,2025-01-12T04:37:00Z,order tracking,Tracking link question references order LC-53505.,14,False,email,standard
TKT-02855,2025-01-12T06:37:00Z,order tracking,Tracking link question references order LC-87290.,3,False,web form,standard
TKT-02984,2025-01-12T06:42:00Z,account access,Account lockout reported under LC-44012.,16,False,chat,vip
TKT-00783,2025-01-12T09:17:00Z,return request,Shopper requests a return label for LC-64594.,43,False,email,standard
TKT-02070,2025-01-12T09:51:00Z,promotion question,Shopper reports a promotion did not apply under LC-70716.,15,False,chat,standard
TKT-02653,2025-01-12T10:12:00Z,promotion question,Shopper reports a promotion did not apply under LC-16184.,41,False,chat,standard
TKT-00760,2025-01-12T10:22:00Z,return request,Return eligibility question references LC-88143.,19,False,email,plus
TKT-02634,2025-01-12T12:39:00Z,refund status,Refund posting timeline question references LC-51341.,18,False,phone,standard
TKT-00289,2025-01-12T13:29:00Z,refund status,Shopper requests refund status for LC-48203.,32,False,chat,guest
TKT-01175,2025-01-12T15:04:00Z,promotion question,Promotion eligibility exception references LC-57020.,41,False,email,standard
TKT-00385,2025-01-12T17:47:00Z,subscription change,Shopper requests a subscription change under LC-41691.,49,False,email,standard
TKT-01901,2025-01-12T17:57:00Z,refund status,Refund posting timeline question references LC-74756.,50,True,chat,standard
TKT-01601,2025-01-12T19:30:00Z,account access,Password reset requested for account LC-82034.,12,False,web form,standard
TKT-02497,2025-01-12T20:15:00Z,return request,Shopper requests a return label for LC-44084.,26,False,phone,standard
TKT-01191,2025-01-12T21:13:00Z,order tracking,Tracking link question references order LC-74869.,8,False,email,standard
TKT-01214,2025-01-12T21:24:00Z,return request,Shopper requests a return label for LC-63801.,20,False,email,plus
TKT-00578,2025-01-12T22:37:00Z,product question,Shopper asks about product specifications for LC-69802.,36,False,chat,standard
TKT-00951,2025-01-13T04:17:00Z,product question,Shopper asks about product specifications for LC-66434.,40,False,chat,standard
TKT-02559,2025-01-13T04:50:00Z,fraud review,High-risk order review references LC-85626 and requires human handling.,123,False,web form,plus
TKT-00929,2025-01-13T06:22:00Z,return request,Shopper requests a return label for LC-23153.,74,True,web form,plus
TKT-01424,2025-01-13T07:03:00Z,promotion question,Shopper reports a promotion did not apply under LC-76393.,25,False,email,standard
TKT-02164,2025-01-13T08:48:00Z,return request,Shopper requests a return label for LC-68566.,49,False,email,plus
TKT-01619,2025-01-13T11:48:00Z,subscription change,Subscription pause question references LC-11699.,22,False,chat,standard
TKT-01137,2025-01-13T12:00:00Z,return request,Shopper requests a return label for LC-26623.,24,False,phone,plus
TKT-02872,2025-01-13T12:40:00Z,order tracking,Shopper requests tracking status for order LC-53559.,7,False,chat,plus
TKT-00855,2025-01-13T12:41:00Z,return request,Return eligibility question references LC-90931.,24,False,email,standard
TKT-01746,2025-01-13T13:44:00Z,refund status,Refund posting timeline question references LC-60515.,12,False,phone,guest
TKT-01461,2025-01-13T14:28:00Z,order tracking,Shopper asks when shipment LC-36276 will arrive.,30,True,chat,standard
TKT-02694,2025-01-13T16:50:00Z,order tracking,Tracking link question references order LC-36790.,4,False,chat,guest
TKT-01777,2025-01-13T18:21:00Z,subscription change,Shopper requests a subscription change under LC-42427.,44,False,email,guest
TKT-01330,2025-01-13T18:33:00Z,order tracking,Shopper requests tracking status for order LC-11520.,5,False,web form,guest
TKT-01350,2025-01-13T18:48:00Z,order tracking,Tracking link question references order LC-77023.,9,False,phone,guest
TKT-02993,2025-01-13T20:08:00Z,return request,Shopper requests return instructions for order LC-22181.,44,False,phone,guest
TKT-00969,2025-01-13T20:47:00Z,refund status,Shopper requests refund status for LC-99327.,17,False,chat,vip
TKT-00495,2025-01-13T21:45:00Z,refund status,Shopper cannot locate a processed refund under LC-73988.,16,False,chat,plus
TKT-00979,2025-01-13T22:53:00Z,order tracking,Shopper asks when shipment LC-54679 will arrive.,3,False,phone,standard
TKT-01598,2025-01-14T02:58:00Z,order tracking,Shopper requests tracking status for order LC-90056.,3,False,chat,plus
TKT-02656,2025-01-14T03:22:00Z,order tracking,Tracking link question references order LC-10195.,11,False,chat,standard
TKT-02134,2025-01-14T03:33:00Z,return request,Shopper requests a return label for LC-42484.,16,False,phone,guest
TKT-01002,2025-01-14T06:06:00Z,order tracking,Shopper requests tracking status for order LC-76182.,12,False,chat,plus
TKT-00870,2025-01-14T06:12:00Z,order tracking,Shopper requests tracking status for order LC-25372.,14,False,chat,vip
TKT-02940,2025-01-14T07:39:00Z,order tracking,Tracking link question references order LC-98045.,14,False,email,guest
TKT-01050,2025-01-14T08:24:00Z,refund status,Shopper requests refund status for LC-54169.,52,True,phone,standard
TKT-01431,2025-01-14T08:34:00Z,order tracking,Tracking link question references order LC-49319.,6,False,chat,guest
TKT-01061,2025-01-14T11:31:00Z,promotion question,Shopper reports a promotion did not apply under LC-63079.,14,False,email,standard
TKT-02942,2025-01-14T15:47:00Z,return request,Shopper requests a return label for LC-38332.,17,False,phone,guest
TKT-00797,2025-01-14T16:19:00Z,return request,Return eligibility question references LC-14484.,76,True,email,standard
TKT-01376,2025-01-14T16:22:00Z,account access,Account lockout reported under LC-73136.,13,False,chat,guest
TKT-02952,2025-01-14T17:27:00Z,subscription change,Shopper asks about subscription cancellation for LC-45969.,44,False,phone,standard
TKT-00416,2025-01-15T01:49:00Z,order tracking,Shopper requests tracking status for order LC-63549.,13,False,email,plus
TKT-00070,2025-01-15T03:19:00Z,refund status,Refund posting timeline question references LC-77233.,27,False,email,standard
TKT-01382,2025-01-15T03:35:00Z,order tracking,Shopper requests tracking status for order LC-18080.,6,False,chat,standard
TKT-02893,2025-01-15T03:57:00Z,order tracking,Shopper asks when shipment LC-41672 will arrive.,3,False,phone,vip
TKT-02032,2025-01-15T04:02:00Z,promotion question,Shopper questions campaign terms for promotion LC-62993.,18,False,chat,standard
TKT-02851,2025-01-15T04:21:00Z,order tracking,Tracking link question references order LC-29408.,14,False,chat,standard
TKT-01849,2025-01-15T05:01:00Z,return request,Shopper requests a return label for LC-39945.,35,False,phone,plus
TKT-00462,2025-01-15T05:15:00Z,order tracking,Shopper asks when shipment LC-29121 will arrive.,14,False,web form,standard
TKT-02728,2025-01-15T05:34:00Z,return request,Return eligibility question references LC-56300.,38,False,chat,plus
TKT-02743,2025-01-15T06:49:00Z,return request,Return eligibility question references LC-13176.,75,True,email,standard
TKT-02717,2025-01-15T07:06:00Z,order tracking,Shopper asks when shipment LC-41914 will arrive.,11,False,chat,standard
TKT-01438,2025-01-15T08:15:00Z,refund status,Refund posting timeline question references LC-58792.,37,False,phone,plus
TKT-02361,2025-01-15T08:30:00Z,fraud review,High-risk order review references LC-46268 and requires human handling.,111,True,phone,standard
TKT-02913,2025-01-15T11:16:00Z,order tracking,Tracking link question references order LC-60149.,3,False,chat,guest
TKT-02465,2025-01-15T12:58:00Z,promotion question,Shopper reports a promotion did not apply under LC-57047.,99,True,email,standard
TKT-02157,2025-01-15T13:16:00Z,refund status,Shopper requests refund status for LC-33309.,13,False,email,standard
TKT-01603,2025-01-15T13:26:00Z,product question,Product compatibility question references LC-24054.,36,False,chat,vip
TKT-01231,2025-01-15T14:37:00Z,promotion question,Promotion eligibility exception references LC-31591.,17,False,phone,standard
TKT-01851,2025-01-15T14:55:00Z,refund status,Shopper cannot locate a processed refund under LC-10876.,31,False,chat,guest
TKT-01390,2025-01-15T17:12:00Z,fraud review,Shopper responds to a manual account-security review for LC-45237.,181,True,phone,standard
TKT-00793,2025-01-15T19:56:00Z,fraud review,High-risk order review references LC-23771 and requires human handling.,144,True,email,standard
TKT-02439,2025-01-15T22:40:00Z,refund status,Shopper requests refund status for LC-67839.,16,False,email,standard
TKT-02988,2025-01-16T03:40:00Z,fraud review,Shopper responds to a manual account-security review for LC-61342.,119,True,web form,plus
TKT-02977,2025-01-16T05:52:00Z,order tracking,Tracking link question references order LC-42362.,10,False,web form,plus
TKT-01610,2025-01-16T11:30:00Z,return request,Shopper requests a return label for LC-57311.,21,False,email,guest
TKT-01998,2025-01-16T11:37:00Z,refund status,Shopper requests refund status for LC-25326.,32,False,phone,standard
TKT-01946,2025-01-16T12:03:00Z,order tracking,Tracking link question references order LC-41298.,11,False,chat,guest
TKT-00517,2025-01-16T12:07:00Z,product question,Shopper requests product-selection guidance under LC-51531.,40,False,chat,guest
TKT-00332,2025-01-16T12:25:00Z,fraud review,Shopper responds to a manual account-security review for LC-46363.,117,False,phone,guest
TKT-02651,2025-01-16T14:23:00Z,refund status,Refund posting timeline question references LC-43376.,43,True,chat,standard
TKT-02366,2025-01-16T15:00:00Z,return request,Shopper requests return instructions for order LC-51040.,50,False,phone,standard
TKT-00635,2025-01-16T19:11:00Z,account access,Password reset requested for account LC-67760.,15,False,chat,standard
TKT-00051,2025-01-16T20:50:00Z,order tracking,Shopper asks when shipment LC-81819 will arrive.,11,False,email,plus
TKT-01197,2025-01-16T21:18:00Z,promotion question,Shopper questions campaign terms for promotion LC-83785.,50,False,chat,standard
TKT-01758,2025-01-16T21:40:00Z,refund status,Shopper requests refund status for LC-18380.,15,False,chat,standard
TKT-01012,2025-01-16T22:56:00Z,refund status,Shopper requests refund status for LC-21079.,18,False,email,standard
TKT-01837,2025-01-16T23:12:00Z,account access,Account lockout reported under LC-78275.,11,False,chat,standard
TKT-02216,2025-01-16T23:38:00Z,order tracking,Shopper requests tracking status for order LC-25984.,10,False,chat,plus
TKT-01130,2025-01-17T01:40:00Z,return request,Return eligibility question references LC-73239.,31,False,email,plus
TKT-00480,2025-01-17T02:48:00Z,refund status,Shopper cannot locate a processed refund under LC-74361.,38,False,email,standard
TKT-00551,2025-01-17T07:36:00Z,refund status,Shopper requests refund status for LC-33650.,16,False,phone,vip
TKT-00214,2025-01-17T07:39:00Z,refund status,Shopper requests refund status for LC-15609.,27,False,phone,guest
TKT-02795,2025-01-17T11:58:00Z,product question,Shopper requests product-selection guidance under LC-14721.,46,False,phone,standard
TKT-02892,2025-01-17T14:57:00Z,return request,Return eligibility question references LC-81341.,24,False,phone,guest
TKT-02928,2025-01-17T15:54:00Z,refund status,Shopper requests refund status for LC-87352.,19,False,chat,plus
TKT-00878,2025-01-17T17:02:00Z,promotion question,Promotion eligibility exception references LC-99766.,100,True,phone,plus
TKT-00015,2025-01-17T17:39:00Z,account access,Password reset requested for account LC-99893.,17,False,chat,guest
TKT-00211,2025-01-17T17:51:00Z,account access,Account lockout reported under LC-71060.,12,False,web form,guest
TKT-01212,2025-01-17T18:00:00Z,order tracking,Shopper requests tracking status for order LC-35046.,13,False,web form,plus
TKT-02231,2025-01-17T18:48:00Z,account access,Shopper cannot access account LC-16556.,18,False,phone,standard
TKT-02576,2025-01-17T21:40:00Z,return request,Shopper requests return instructions for order LC-31081.,64,True,email,plus
TKT-01814,2025-01-17T21:42:00Z,account access,Password reset requested for account LC-42787.,14,False,email,plus
TKT-02376,2025-01-17T22:08:00Z,order tracking,Tracking link question references order LC-29281.,7,False,web form,standard
TKT-02730,2025-01-18T00:24:00Z,return request,Return eligibility question references LC-66046.,48,False,phone,plus
TKT-01556,2025-01-18T00:28:00Z,account access,Shopper cannot access account LC-90092.,13,False,phone,guest
TKT-00902,2025-01-18T01:10:00Z,refund status,Shopper cannot locate a processed refund under LC-14803.,30,False,web form,standard
TKT-01761,2025-01-18T01:13:00Z,order tracking,Tracking link question references order LC-30179.,12,False,email,standard
TKT-00360,2025-01-18T01:16:00Z,order tracking,Shopper requests tracking status for order LC-84079.,14,False,chat,plus
TKT-01088,2025-01-18T05:16:00Z,refund status,Shopper cannot locate a processed refund under LC-57236.,27,False,web form,standard
TKT-00576,2025-01-18T06:01:00Z,order tracking,Tracking link question references order LC-27477.,7,False,email,standard
TKT-00561,2025-01-18T06:09:00Z,account access,Password reset requested for account LC-67148.,18,False,chat,standard
TKT-00684,2025-01-18T07:50:00Z,promotion question,Shopper questions campaign terms for promotion LC-77818.,36,False,web form,standard
TKT-00393,2025-01-18T08:39:00Z,promotion question,Promotion eligibility exception references LC-37057.,23,False,phone,guest
TKT-00860,2025-01-18T10:42:00Z,refund status,Shopper cannot locate a processed refund under LC-59807.,21,False,phone,standard
TKT-02644,2025-01-18T10:44:00Z,return request,Shopper requests return instructions for order LC-44225.,41,False,phone,standard
TKT-02972,2025-01-18T12:05:00Z,return request,Shopper requests return instructions for order LC-99231.,27,False,phone,standard
TKT-01955,2025-01-18T18:11:00Z,refund status,Shopper cannot locate a processed refund under LC-35010.,17,False,phone,guest
TKT-00634,2025-01-18T19:06:00Z,order tracking,Tracking link question references order LC-98728.,11,False,chat,standard
TKT-00568,2025-01-18T19:13:00Z,subscription change,Shopper requests a subscription change under LC-65146.,50,False,chat,standard
TKT-00614,2025-01-18T21:18:00Z,order tracking,Shopper asks when shipment LC-37884 will arrive.,13,False,chat,standard
TKT-00654,2025-01-18T22:15:00Z,return request,Shopper requests a return label for LC-89467.,77,True,phone,plus
TKT-00367,2025-01-19T00:01:00Z,order tracking,Tracking link question references order LC-91869.,12,False,chat,vip
TKT-00149,2025-01-19T01:31:00Z,return request,Shopper requests a return label for LC-16581.,25,False,phone,vip
TKT-02471,2025-01-19T01:59:00Z,refund status,Shopper cannot locate a processed refund under LC-85966.,26,False,chat,standard
TKT-02936,2025-01-19T02:32:00Z,order tracking,Shopper asks when shipment LC-52427 will arrive.,14,False,phone,standard
TKT-02341,2025-01-19T09:03:00Z,account access,Shopper cannot access account LC-26276.,9,False,chat,guest
TKT-00808,2025-01-19T10:30:00Z,return request,Shopper requests a return label for LC-49771.,98,True,chat,plus
TKT-02560,2025-01-19T10:46:00Z,promotion question,Shopper questions campaign terms for promotion LC-11889.,19,False,chat,guest
TKT-00124,2025-01-19T15:35:00Z,order tracking,Tracking link question references order LC-60785.,9,False,chat,vip
TKT-02300,2025-01-19T16:58:00Z,subscription change,Shopper requests a subscription change under LC-99507.,31,False,email,standard
TKT-02577,2025-01-19T18:41:00Z,subscription change,Subscription pause question references LC-59824.,20,False,chat,standard
TKT-01906,2025-01-19T19:51:00Z,return request,Shopper requests a return label for LC-52079.,34,False,web form,guest
TKT-00823,2025-01-19T20:49:00Z,return request,Return eligibility question references LC-55387.,26,False,email,vip
TKT-02827,2025-01-19T23:22:00Z,account access,Password reset requested for account LC-71588.,15,False,web form,standard
TKT-01139,2025-01-19T23:41:00Z,order tracking,Shopper requests tracking status for order LC-61714.,14,False,chat,plus
TKT-00605,2025-01-20T01:16:00Z,promotion question,Shopper questions campaign terms for promotion LC-49316.,51,False,phone,guest
TKT-02895,2025-01-20T04:12:00Z,subscription change,Subscription pause question references LC-79321.,18,False,chat,guest
TKT-02019,2025-01-20T05:27:00Z,subscription change,Shopper asks about subscription cancellation for LC-23256.,32,False,phone,plus
TKT-00777,2025-01-20T06:23:00Z,subscription change,Subscription pause question references LC-41296.,43,False,phone,guest
TKT-01201,2025-01-20T08:14:00Z,return request,Return eligibility question references LC-58418.,35,False,email,plus
TKT-00612,2025-01-20T09:23:00Z,order tracking,Tracking link question references order LC-69428.,11,False,phone,plus
TKT-01620,2025-01-20T10:52:00Z,fraud review,High-risk order review references LC-85206 and requires human handling.,85,False,phone,standard
TKT-00184,2025-01-20T15:35:00Z,return request,Shopper requests a return label for LC-91687.,32,False,email,vip
TKT-01094,2025-01-20T15:50:00Z,product question,Shopper requests product-selection guidance under LC-29733.,21,False,email,plus
TKT-02145,2025-01-20T16:07:00Z,fraud review,High-risk order review references LC-68798 and requires human handling.,95,False,phone,guest
TKT-00693,2025-01-20T16:08:00Z,product question,Shopper requests product-selection guidance under LC-74096.,61,False,web form,plus
TKT-02313,2025-01-20T19:39:00Z,refund status,Shopper requests refund status for LC-89931.,18,False,phone,standard
TKT-00195,2025-01-20T20:53:00Z,refund status,Shopper requests refund status for LC-62274.,29,False,email,guest
TKT-00375,2025-01-20T22:33:00Z,order tracking,Shopper asks when shipment LC-10432 will arrive.,11,False,phone,standard
TKT-00341,2025-01-20T22:53:00Z,refund status,Shopper cannot locate a processed refund under LC-72281.,30,False,email,plus
TKT-02937,2025-01-20T22:53:00Z,refund status,Shopper requests refund status for LC-72377.,20,False,phone,standard
TKT-02319,2025-01-20T23:35:00Z,account access,Account lockout reported under LC-63503.,6,False,phone,guest
TKT-01797,2025-01-21T00:03:00Z,product question,Shopper asks about product specifications for LC-43083.,61,False,phone,guest
TKT-00522,2025-01-21T01:10:00Z,promotion question,Shopper reports a promotion did not apply under LC-16875.,27,False,chat,plus
TKT-01357,2025-01-21T01:23:00Z,order tracking,Tracking link question references order LC-21992.,5,False,chat,plus
TKT-00965,2025-01-21T02:03:00Z,promotion question,Promotion eligibility exception references LC-39513.,31,False,email,standard
TKT-02572,2025-01-21T05:28:00Z,return request,Return eligibility question references LC-35330.,21,False,email,plus
TKT-00008,2025-01-21T05:53:00Z,fraud review,High-risk order review references LC-42537 and requires human handling.,177,False,chat,standard
TKT-01526,2025-01-21T05:54:00Z,refund status,Shopper cannot locate a processed refund under LC-94490.,13,False,phone,guest
TKT-00690,2025-01-21T06:10:00Z,refund status,Refund posting timeline question references LC-54154.,34,False,chat,standard
TKT-00526,2025-01-21T06:59:00Z,order tracking,Tracking link question references order LC-58643.,12,False,chat,standard
TKT-01903,2025-01-21T07:38:00Z,refund status,Shopper requests refund status for LC-11021.,33,False,phone,standard
TKT-01943,2025-01-21T10:21:00Z,return request,Return eligibility question references LC-68649.,45,False,phone,plus
TKT-02706,2025-01-21T10:28:00Z,fraud review,Shopper responds to a manual account-security review for LC-22107.,152,False,phone,vip
TKT-00291,2025-01-21T11:38:00Z,refund status,Refund posting timeline question references LC-18776.,33,False,chat,vip
TKT-00674,2025-01-21T12:59:00Z,return request,Shopper requests a return label for LC-63280.,37,False,email,plus
TKT-01258,2025-01-21T15:53:00Z,subscription change,Shopper requests a subscription change under LC-89141.,18,False,chat,standard
TKT-02958,2025-01-21T16:37:00Z,order tracking,Tracking link question references order LC-16366.,13,False,chat,standard
TKT-00871,2025-01-21T16:53:00Z,account access,Password reset requested for account LC-75588.,9,False,chat,plus
TKT-01022,2025-01-21T17:28:00Z,account access,Password reset requested for account LC-46719.,4,False,chat,standard
TKT-02120,2025-01-21T17:45:00Z,refund status,Shopper requests refund status for LC-23635.,63,True,chat,plus
TKT-00638,2025-01-21T18:31:00Z,order tracking,Shopper asks when shipment LC-15941 will arrive.,6,False,chat,plus
TKT-02305,2025-01-21T19:14:00Z,order tracking,Shopper requests tracking status for order LC-58766.,4,False,email,vip
TKT-02075,2025-01-21T19:18:00Z,refund status,Shopper requests refund status for LC-62127.,38,False,chat,standard
TKT-02173,2025-01-21T21:22:00Z,account access,Shopper cannot access account LC-65973.,8,False,chat,standard
TKT-01824,2025-01-21T23:07:00Z,order tracking,Shopper asks when shipment LC-60847 will arrive.,3,False,chat,standard
TKT-01559,2025-01-21T23:31:00Z,return request,Shopper requests a return label for LC-81888.,45,False,email,guest
TKT-01162,2025-01-22T01:36:00Z,account access,Shopper cannot access account LC-82620.,9,False,phone,plus
TKT-00849,2025-01-22T01:45:00Z,account access,Password reset requested for account LC-63899.,4,False,web form,guest
TKT-01640,2025-01-22T02:21:00Z,promotion question,Promotion eligibility exception references LC-98016.,34,False,email,standard
TKT-00816,2025-01-22T03:05:00Z,order tracking,Shopper requests tracking status for order LC-18964.,5,False,chat,standard
TKT-00031,2025-01-22T03:45:00Z,product question,Shopper asks about product specifications for LC-62919.,51,False,email,standard
TKT-00782,2025-01-22T03:48:00Z,promotion question,Shopper questions campaign terms for promotion LC-58256.,41,False,chat,plus
TKT-00692,2025-01-22T06:04:00Z,order tracking,Shopper requests tracking status for order LC-15786.,14,False,chat,plus
TKT-00534,2025-01-22T06:51:00Z,return request,Return eligibility question references LC-70974.,41,False,web form,standard
TKT-00962,2025-01-22T07:36:00Z,order tracking,Shopper requests tracking status for order LC-90054.,14,False,email,standard
TKT-00633,2025-01-22T11:03:00Z,order tracking,Shopper requests tracking status for order LC-94959.,12,False,chat,standard
TKT-00675,2025-01-22T12:03:00Z,product question,Shopper asks about product specifications for LC-75323.,49,False,chat,standard
TKT-01244,2025-01-22T13:40:00Z,return request,Return eligibility question references LC-97084.,64,True,phone,standard
TKT-01202,2025-01-22T14:10:00Z,order tracking,Shopper requests tracking status for order LC-52027.,10,False,chat,guest
TKT-02108,2025-01-22T14:27:00Z,refund status,Shopper cannot locate a processed refund under LC-84105.,36,False,phone,plus
TKT-02810,2025-01-22T16:53:00Z,promotion question,Shopper reports a promotion did not apply under LC-55577.,49,False,phone,vip
TKT-00725,2025-01-22T18:37:00Z,account access,Shopper cannot access account LC-17248.,8,False,web form,standard
TKT-00453,2025-01-22T19:49:00Z,return request,Shopper requests a return label for LC-32061.,22,False,web form,standard
TKT-00260,2025-01-22T22:04:00Z,return request,Return eligibility question references LC-93851.,18,False,email,standard
TKT-00232,2025-01-22T23:17:00Z,subscription change,Shopper requests a subscription change under LC-31145.,86,True,chat,plus
TKT-02229,2025-01-22T23:37:00Z,order tracking,Shopper requests tracking status for order LC-56714.,11,False,chat,guest
TKT-01975,2025-01-22T23:49:00Z,account access,Account lockout reported under LC-60918.,13,False,chat,plus
TKT-01437,2025-01-23T00:56:00Z,return request,Shopper requests return instructions for order LC-76472.,33,False,phone,vip
TKT-00093,2025-01-23T03:03:00Z,refund status,Shopper cannot locate a processed refund under LC-32209.,16,False,web form,guest
TKT-01788,2025-01-23T03:44:00Z,order tracking,Tracking link question references order LC-89949.,14,False,chat,guest
TKT-02226,2025-01-23T05:07:00Z,refund status,Shopper cannot locate a processed refund under LC-91115.,29,False,web form,guest
TKT-00562,2025-01-23T05:37:00Z,account access,Shopper cannot access account LC-58942.,15,False,phone,guest
TKT-01621,2025-01-23T08:42:00Z,subscription change,Subscription pause question references LC-12648.,44,False,email,standard
TKT-02432,2025-01-23T09:51:00Z,account access,Account lockout reported under LC-86874.,11,False,chat,standard
TKT-00842,2025-01-23T11:09:00Z,account access,Password reset requested for account LC-64440.,11,False,chat,vip
TKT-01425,2025-01-23T13:54:00Z,promotion question,Shopper reports a promotion did not apply under LC-14902.,73,True,chat,standard
TKT-02579,2025-01-23T14:57:00Z,refund status,Shopper cannot locate a processed refund under LC-76551.,34,False,phone,standard
TKT-00450,2025-01-23T15:49:00Z,refund status,Shopper requests refund status for LC-58928.,26,False,phone,guest
TKT-00100,2025-01-23T16:56:00Z,order tracking,Shopper requests tracking status for order LC-22099.,6,False,chat,guest
TKT-00176,2025-01-23T19:44:00Z,order tracking,Shopper requests tracking status for order LC-17386.,11,False,web form,standard
TKT-02623,2025-01-23T20:30:00Z,order tracking,Shopper requests tracking status for order LC-72725.,9,False,email,standard
TKT-00090,2025-01-23T21:10:00Z,order tracking,Tracking link question references order LC-78237.,4,False,chat,plus
TKT-00249,2025-01-23T22:27:00Z,account access,Password reset requested for account LC-67969.,18,False,web form,plus
TKT-02415,2025-01-24T00:24:00Z,account access,Password reset requested for account LC-52230.,10,False,web form,plus
TKT-00933,2025-01-24T01:37:00Z,return request,Shopper requests return instructions for order LC-11600.,21,False,phone,plus
TKT-00810,2025-01-24T02:19:00Z,account access,Account lockout reported under LC-81684.,9,False,email,standard
TKT-01429,2025-01-24T05:46:00Z,account access,Account lockout reported under LC-69481.,18,False,phone,standard
TKT-02007,2025-01-24T06:25:00Z,account access,Password reset requested for account LC-58657.,5,False,chat,guest
TKT-01073,2025-01-24T07:37:00Z,order tracking,Shopper requests tracking status for order LC-68675.,3,False,chat,standard
TKT-00185,2025-01-24T07:39:00Z,return request,Shopper requests return instructions for order LC-62195.,17,False,phone,plus
TKT-00921,2025-01-24T08:56:00Z,order tracking,Tracking link question references order LC-81185.,8,False,email,plus
TKT-00026,2025-01-24T09:33:00Z,promotion question,Shopper reports a promotion did not apply under LC-39092.,37,False,chat,standard
TKT-01887,2025-01-24T11:33:00Z,return request,Shopper requests return instructions for order LC-27167.,31,False,chat,guest
TKT-01608,2025-01-24T12:26:00Z,subscription change,Shopper asks about subscription cancellation for LC-66257.,49,False,chat,standard
TKT-00571,2025-01-24T12:30:00Z,refund status,Shopper requests refund status for LC-82790.,24,False,chat,standard
TKT-02227,2025-01-24T13:29:00Z,subscription change,Shopper requests a subscription change under LC-69134.,40,False,email,guest
TKT-01831,2025-01-24T15:04:00Z,account access,Password reset requested for account LC-74349.,16,False,phone,standard
TKT-00907,2025-01-24T15:12:00Z,subscription change,Shopper requests a subscription change under LC-44027.,40,False,chat,guest
TKT-02338,2025-01-24T18:54:00Z,refund status,Refund posting timeline question references LC-80140.,32,False,chat,standard
TKT-01086,2025-01-24T19:38:00Z,return request,Shopper requests a return label for LC-76078.,25,False,email,guest
TKT-01242,2025-01-24T20:10:00Z,refund status,Shopper cannot locate a processed refund under LC-22378.,13,False,phone,standard
TKT-02865,2025-01-24T20:13:00Z,return request,Return eligibility question references LC-62647.,17,False,chat,plus
TKT-01476,2025-01-24T20:32:00Z,subscription change,Shopper asks about subscription cancellation for LC-92571.,31,False,phone,standard
TKT-01812,2025-01-24T20:43:00Z,order tracking,Shopper requests tracking status for order LC-20925.,14,False,chat,guest
TKT-01952,2025-01-24T22:27:00Z,subscription change,Shopper asks about subscription cancellation for LC-89581.,19,False,chat,plus
TKT-01740,2025-01-24T23:31:00Z,fraud review,Shopper responds to a manual account-security review for LC-18705.,196,True,phone,plus
TKT-02896,2025-01-25T00:25:00Z,order tracking,Shopper asks when shipment LC-52868 will arrive.,13,False,chat,standard
TKT-02680,2025-01-25T02:46:00Z,refund status,Shopper cannot locate a processed refund under LC-28852.,67,True,email,standard
TKT-01031,2025-01-25T02:55:00Z,account access,Shopper cannot access account LC-39768.,12,False,email,plus
TKT-02035,2025-01-25T08:51:00Z,promotion question,Promotion eligibility exception references LC-72220.,50,False,web form,guest
TKT-02669,2025-01-25T09:12:00Z,return request,Return eligibility question references LC-88455.,50,False,phone,vip
TKT-01694,2025-01-25T09:14:00Z,order tracking,Tracking link question references order LC-43335.,8,False,email,standard
TKT-01344,2025-01-25T10:34:00Z,return request,Shopper requests return instructions for order LC-41330.,23,False,phone,vip
TKT-02806,2025-01-25T11:15:00Z,return request,Shopper requests return instructions for order LC-97544.,50,False,phone,guest
TKT-02296,2025-01-25T11:36:00Z,refund status,Refund posting timeline question references LC-79787.,53,True,chat,standard
TKT-02435,2025-01-25T16:12:00Z,return request,Return eligibility question references LC-13518.,36,False,chat,standard
TKT-01827,2025-01-25T16:14:00Z,refund status,Shopper requests refund status for LC-59601.,30,False,web form,vip
TKT-00233,2025-01-25T19:10:00Z,order tracking,Shopper asks when shipment LC-46818 will arrive.,4,False,web form,standard
TKT-02111,2025-01-25T19:32:00Z,order tracking,Tracking link question references order LC-79543.,10,False,web form,standard
TKT-00848,2025-01-25T19:44:00Z,refund status,Refund posting timeline question references LC-34990.,37,False,email,guest
TKT-00694,2025-01-25T20:01:00Z,refund status,Shopper cannot locate a processed refund under LC-78282.,37,False,phone,standard
TKT-01983,2025-01-25T20:53:00Z,return request,Shopper requests return instructions for order LC-66908.,76,True,email,standard
TKT-02601,2025-01-26T00:41:00Z,refund status,Shopper requests refund status for LC-19105.,14,False,email,guest
TKT-01706,2025-01-26T03:28:00Z,product question,Shopper asks about product specifications for LC-47413.,48,False,chat,standard
TKT-01234,2025-01-26T04:45:00Z,promotion question,Shopper reports a promotion did not apply under LC-90280.,12,False,phone,guest
TKT-01095,2025-01-26T06:01:00Z,account access,Account lockout reported under LC-49991.,9,False,chat,guest
TKT-02900,2025-01-26T07:44:00Z,order tracking,Shopper asks when shipment LC-54805 will arrive.,5,False,email,vip
TKT-01219,2025-01-26T08:08:00Z,order tracking,Shopper requests tracking status for order LC-84737.,11,False,chat,plus
TKT-00313,2025-01-26T09:28:00Z,refund status,Shopper cannot locate a processed refund under LC-18866.,29,False,web form,standard
TKT-02095,2025-01-26T13:06:00Z,return request,Shopper requests a return label for LC-38300.,32,False,email,standard
TKT-01781,2025-01-26T13:12:00Z,return request,Shopper requests a return label for LC-74774.,47,False,email,standard
TKT-02091,2025-01-26T15:02:00Z,refund status,Shopper cannot locate a processed refund under LC-37802.,29,False,web form,plus
TKT-00773,2025-01-26T17:46:00Z,return request,Return eligibility question references LC-62961.,37,False,email,plus
TKT-00116,2025-01-26T18:39:00Z,subscription change,Subscription pause question references LC-84805.,43,False,phone,vip
TKT-02929,2025-01-26T18:54:00Z,order tracking,Tracking link question references order LC-94578.,3,False,chat,plus
TKT-01222,2025-01-26T19:24:00Z,order tracking,Tracking link question references order LC-35712.,10,False,email,guest
TKT-01354,2025-01-26T19:39:00Z,order tracking,Shopper asks when shipment LC-33929 will arrive.,9,False,chat,standard
TKT-02783,2025-01-26T19:53:00Z,order tracking,Tracking link question references order LC-39246.,13,False,chat,standard
TKT-00327,2025-01-26T20:47:00Z,order tracking,Shopper requests tracking status for order LC-30897.,11,False,chat,vip
TKT-00864,2025-01-26T21:44:00Z,order tracking,Shopper asks when shipment LC-67501 will arrive.,13,False,chat,plus
TKT-00502,2025-01-26T23:32:00Z,return request,Shopper requests a return label for LC-79367.,97,True,chat,standard
TKT-00236,2025-01-27T00:33:00Z,order tracking,Tracking link question references order LC-82067.,14,False,chat,standard
TKT-00658,2025-01-27T02:06:00Z,subscription change,Subscription pause question references LC-20076.,36,False,phone,standard
TKT-00952,2025-01-27T02:24:00Z,product question,Shopper asks about product specifications for LC-57480.,23,False,web form,standard
TKT-02008,2025-01-27T03:14:00Z,order tracking,Shopper requests tracking status for order LC-24732.,12,False,chat,guest
TKT-01256,2025-01-27T04:36:00Z,product question,Product compatibility question references LC-96915.,73,True,chat,guest
TKT-02619,2025-01-27T06:29:00Z,refund status,Shopper requests refund status for LC-15972.,23,False,chat,guest
TKT-00237,2025-01-27T08:08:00Z,account access,Account lockout reported under LC-25885.,15,False,chat,plus
TKT-00305,2025-01-27T08:40:00Z,refund status,Shopper cannot locate a processed refund under LC-24417.,15,False,email,standard
TKT-00178,2025-01-27T09:06:00Z,order tracking,Tracking link question references order LC-92349.,9,False,web form,standard
TKT-00476,2025-01-27T10:26:00Z,fraud review,Shopper responds to a manual account-security review for LC-39942.,167,True,phone,standard
TKT-01817,2025-01-27T13:10:00Z,refund status,Refund posting timeline question references LC-69684.,16,False,web form,guest
TKT-01407,2025-01-27T14:38:00Z,product question,Product compatibility question references LC-94805.,22,False,email,standard
TKT-01626,2025-01-27T15:46:00Z,account access,Password reset requested for account LC-12065.,11,False,web form,guest
TKT-00653,2025-01-27T22:11:00Z,refund status,Refund posting timeline question references LC-28822.,49,True,email,standard
TKT-02553,2025-01-27T23:02:00Z,return request,Shopper requests a return label for LC-47083.,27,False,phone,standard
TKT-01110,2025-01-28T00:13:00Z,order tracking,Tracking link question references order LC-53360.,7,False,phone,plus
TKT-00863,2025-01-28T00:41:00Z,order tracking,Tracking link question references order LC-73245.,6,False,chat,guest
TKT-02807,2025-01-28T01:36:00Z,subscription change,Shopper asks about subscription cancellation for LC-54676.,46,False,phone,standard
TKT-02930,2025-01-28T03:40:00Z,order tracking,Shopper requests tracking status for order LC-56732.,14,False,chat,standard
TKT-01543,2025-01-28T05:42:00Z,account access,Account lockout reported under LC-93926.,8,False,chat,standard
TKT-00866,2025-01-28T07:52:00Z,order tracking,Tracking link question references order LC-31336.,5,False,chat,standard
TKT-00177,2025-01-28T09:13:00Z,return request,Shopper requests a return label for LC-67372.,46,False,phone,standard
TKT-02667,2025-01-28T10:34:00Z,return request,Shopper requests return instructions for order LC-95278.,19,False,email,plus
TKT-00945,2025-01-28T11:12:00Z,account access,Password reset requested for account LC-96648.,11,False,chat,vip
TKT-02027,2025-01-28T11:14:00Z,order tracking,Shopper requests tracking status for order LC-50057.,9,False,phone,standard
TKT-02614,2025-01-28T12:02:00Z,refund status,Shopper requests refund status for LC-50746.,28,False,chat,standard
TKT-02419,2025-01-28T13:31:00Z,fraud review,High-risk order review references LC-84397 and requires human handling.,181,True,phone,standard
TKT-01144,2025-01-28T13:42:00Z,return request,Shopper requests return instructions for order LC-78446.,82,True,phone,standard
TKT-02494,2025-01-28T21:39:00Z,order tracking,Shopper asks when shipment LC-65553 will arrive.,9,False,email,standard
TKT-00043,2025-01-28T21:49:00Z,promotion question,Shopper questions campaign terms for promotion LC-86603.,26,False,phone,guest
TKT-01920,2025-01-28T23:17:00Z,order tracking,Shopper requests tracking status for order LC-18136.,13,False,chat,guest
TKT-01389,2025-01-29T00:09:00Z,account access,Shopper cannot access account LC-97563.,5,False,chat,vip
TKT-02074,2025-01-29T02:33:00Z,order tracking,Shopper requests tracking status for order LC-69280.,12,False,chat,standard
TKT-02858,2025-01-29T04:22:00Z,order tracking,Shopper requests tracking status for order LC-71305.,7,False,web form,guest
TKT-00325,2025-01-29T05:26:00Z,fraud review,High-risk order review references LC-17656 and requires human handling.,130,True,web form,standard
TKT-00720,2025-01-29T06:34:00Z,return request,Shopper requests a return label for LC-19351.,21,False,phone,guest
TKT-00108,2025-01-29T07:19:00Z,order tracking,Tracking link question references order LC-42545.,9,False,chat,plus
TKT-02433,2025-01-29T10:53:00Z,order tracking,Tracking link question references order LC-99455.,11,False,chat,plus
TKT-00434,2025-01-29T14:53:00Z,subscription change,Subscription pause question references LC-64235.,41,False,web form,guest
TKT-00697,2025-01-29T15:45:00Z,refund status,Shopper cannot locate a processed refund under LC-17950.,37,False,web form,plus
TKT-00700,2025-01-29T16:52:00Z,fraud review,High-risk order review references LC-50869 and requires human handling.,156,True,email,guest
TKT-01119,2025-01-29T17:47:00Z,subscription change,Shopper asks about subscription cancellation for LC-28931.,18,False,phone,guest
TKT-02509,2025-01-29T19:04:00Z,order tracking,Shopper requests tracking status for order LC-59252.,11,False,chat,plus
TKT-01181,2025-01-29T23:01:00Z,subscription change,Shopper requests a subscription change under LC-87929.,49,False,email,standard
TKT-01533,2025-01-29T23:45:00Z,refund status,Shopper cannot locate a processed refund under LC-83828.,18,False,web form,standard
TKT-01867,2025-01-30T02:26:00Z,return request,Shopper requests a return label for LC-77404.,28,False,chat,standard
TKT-01588,2025-01-30T05:30:00Z,order tracking,Shopper asks when shipment LC-68181 will arrive.,7,False,chat,guest
TKT-01160,2025-01-30T07:24:00Z,promotion question,Shopper reports a promotion did not apply under LC-52229.,38,False,web form,standard
TKT-00559,2025-01-30T07:30:00Z,return request,Return eligibility question references LC-37057.,88,True,web form,plus
TKT-02517,2025-01-30T07:32:00Z,return request,Shopper requests a return label for LC-21696.,32,False,phone,guest
TKT-02355,2025-01-30T09:53:00Z,account access,Account lockout reported under LC-84687.,16,False,web form,vip
TKT-01659,2025-01-30T10:34:00Z,order tracking,Shopper asks when shipment LC-49907 will arrive.,8,False,chat,standard
TKT-00944,2025-01-30T17:51:00Z,order tracking,Shopper asks when shipment LC-21081 will arrive.,3,False,email,standard
TKT-02950,2025-01-30T18:58:00Z,return request,Return eligibility question references LC-63312.,91,True,phone,standard
TKT-01519,2025-01-30T21:15:00Z,account access,Password reset requested for account LC-64363.,4,False,web form,standard
TKT-01562,2025-01-30T22:29:00Z,refund status,Refund posting timeline question references LC-33578.,22,False,email,guest
TKT-00427,2025-01-30T23:57:00Z,account access,Account lockout reported under LC-23805.,13,False,web form,standard
TKT-01074,2025-01-31T00:18:00Z,fraud review,High-risk order review references LC-48685 and requires human handling.,144,False,web form,standard
TKT-00552,2025-01-31T00:20:00Z,refund status,Shopper cannot locate a processed refund under LC-24292.,33,False,email,standard
TKT-02636,2025-01-31T01:05:00Z,account access,Password reset requested for account LC-12590.,15,False,web form,guest
TKT-00595,2025-01-31T03:33:00Z,order tracking,Tracking link question references order LC-46924.,12,False,email,plus
TKT-02991,2025-01-31T04:57:00Z,order tracking,Tracking link question references order LC-75470.,4,False,chat,standard
TKT-02819,2025-01-31T05:04:00Z,return request,Shopper requests a return label for LC-95405.,23,False,phone,plus
TKT-01063,2025-01-31T06:18:00Z,promotion question,Promotion eligibility exception references LC-15730.,83,True,email,plus
TKT-01993,2025-01-31T08:59:00Z,refund status,Shopper requests refund status for LC-23641.,32,False,chat,guest
TKT-01032,2025-01-31T09:03:00Z,refund status,Refund posting timeline question references LC-80845.,35,False,phone,standard
TKT-00383,2025-01-31T09:06:00Z,order tracking,Shopper requests tracking status for order LC-85803.,14,False,chat,guest
TKT-02596,2025-01-31T10:20:00Z,order tracking,Shopper requests tracking status for order LC-19848.,10,False,chat,standard
TKT-00785,2025-01-31T11:30:00Z,promotion question,Shopper reports a promotion did not apply under LC-71643.,19,False,chat,plus
TKT-01771,2025-01-31T11:49:00Z,order tracking,Shopper requests tracking status for order LC-13028.,5,False,chat,standard
TKT-01010,2025-01-31T12:15:00Z,return request,Shopper requests a return label for LC-48219.,46,False,phone,standard
TKT-01220,2025-01-31T12:48:00Z,fraud review,Transaction review requires specialist approval under LC-51721.,212,True,phone,standard
TKT-00532,2025-01-31T13:32:00Z,promotion question,Promotion eligibility exception references LC-42345.,90,True,web form,standard
TKT-01844,2025-01-31T13:45:00Z,order tracking,Shopper asks when shipment LC-18102 will arrive.,5,False,chat,plus
TKT-00321,2025-01-31T13:52:00Z,order tracking,Shopper requests tracking status for order LC-82633.,4,False,phone,guest
TKT-01269,2025-01-31T15:29:00Z,refund status,Refund posting timeline question references LC-27703.,14,False,chat,standard
TKT-00748,2025-01-31T20:59:00Z,fraud review,Transaction review requires specialist approval under LC-58111.,143,False,phone,standard
TKT-01332,2025-01-31T22:09:00Z,promotion question,Shopper questions campaign terms for promotion LC-62587.,29,False,phone,standard
TKT-00898,2025-01-31T23:08:00Z,account access,Shopper cannot access account LC-54695.,5,False,phone,guest
TKT-02985,2025-01-31T23:10:00Z,promotion question,Promotion eligibility exception references LC-57466.,47,False,chat,plus
TKT-00144,2025-02-01T00:51:00Z,order tracking,Shopper requests tracking status for order LC-74446.,7,False,email,plus
TKT-02693,2025-02-01T04:05:00Z,return request,Shopper requests a return label for LC-34290.,92,True,phone,guest
TKT-02532,2025-02-01T05:59:00Z,refund status,Shopper cannot locate a processed refund under LC-34723.,22,False,email,standard
TKT-00906,2025-02-01T08:01:00Z,return request,Shopper requests a return label for LC-40936.,46,False,phone,guest
TKT-00854,2025-02-01T08:09:00Z,order tracking,Shopper asks when shipment LC-26033 will arrive.,10,False,chat,guest
TKT-01373,2025-02-01T09:21:00Z,refund status,Shopper requests refund status for LC-66971.,36,False,web form,standard
TKT-01310,2025-02-01T09:51:00Z,order tracking,Shopper requests tracking status for order LC-38431.,6,False,phone,plus
TKT-02236,2025-02-01T10:35:00Z,order tracking,Shopper requests tracking status for order LC-73078.,10,False,chat,standard
TKT-00539,2025-02-01T12:45:00Z,order tracking,Tracking link question references order LC-80235.,4,False,email,guest
TKT-02436,2025-02-01T16:05:00Z,promotion question,Shopper reports a promotion did not apply under LC-44452.,16,False,chat,guest
TKT-01105,2025-02-01T16:19:00Z,order tracking,Tracking link question references order LC-81122.,8,False,chat,vip
TKT-01218,2025-02-01T20:57:00Z,order tracking,Shopper asks when shipment LC-24401 will arrive.,11,False,chat,guest
TKT-02318,2025-02-01T21:52:00Z,promotion question,Shopper reports a promotion did not apply under LC-46236.,44,False,web form,standard
TKT-02179,2025-02-02T00:26:00Z,refund status,Refund posting timeline question references LC-11278.,23,False,chat,guest
TKT-01117,2025-02-02T00:53:00Z,order tracking,Tracking link question references order LC-35461.,10,False,email,standard
TKT-02723,2025-02-02T02:26:00Z,order tracking,Shopper asks when shipment LC-60988 will arrive.,7,False,chat,plus
TKT-00018,2025-02-02T04:06:00Z,account access,Shopper cannot access account LC-53718.,9,False,web form,guest
TKT-02387,2025-02-02T05:37:00Z,order tracking,Tracking link question references order LC-43033.,5,False,chat,plus
TKT-02262,2025-02-02T07:40:00Z,order tracking,Tracking link question references order LC-71541.,5,False,phone,standard
TKT-01698,2025-02-02T07:46:00Z,account access,Password reset requested for account LC-66808.,5,False,chat,standard
TKT-00580,2025-02-02T10:49:00Z,order tracking,Shopper requests tracking status for order LC-46752.,4,False,chat,plus
TKT-01745,2025-02-02T12:43:00Z,account access,Password reset requested for account LC-41224.,17,False,chat,standard
TKT-00888,2025-02-02T13:36:00Z,refund status,Shopper cannot locate a processed refund under LC-57773.,22,False,chat,plus
TKT-00165,2025-02-02T14:59:00Z,order tracking,Tracking link question references order LC-66725.,9,False,email,standard
TKT-01978,2025-02-02T17:53:00Z,order tracking,Tracking link question references order LC-33071.,5,False,web form,guest
TKT-00041,2025-02-02T20:06:00Z,return request,Return eligibility question references LC-94724.,37,False,email,guest
TKT-02081,2025-02-02T23:18:00Z,return request,Shopper requests return instructions for order LC-87361.,33,False,web form,plus
TKT-02520,2025-02-03T02:40:00Z,return request,Return eligibility question references LC-95264.,48,False,phone,guest
TKT-01444,2025-02-03T04:37:00Z,order tracking,Tracking link question references order LC-33774.,3,False,chat,plus
TKT-01750,2025-02-03T07:20:00Z,refund status,Shopper requests refund status for LC-13384.,35,False,chat,standard
TKT-00042,2025-02-03T07:35:00Z,return request,Shopper requests return instructions for order LC-90323.,21,False,phone,standard
TKT-01836,2025-02-03T09:40:00Z,order tracking,Shopper asks when shipment LC-53800 will arrive.,13,False,email,vip
TKT-01754,2025-02-03T11:17:00Z,subscription change,Shopper requests a subscription change under LC-93335.,38,False,web form,plus
TKT-01676,2025-02-03T13:39:00Z,order tracking,Tracking link question references order LC-86679.,5,False,web form,guest
TKT-00369,2025-02-03T17:33:00Z,subscription change,Subscription pause question references LC-88190.,39,False,chat,standard
TKT-01532,2025-02-03T18:30:00Z,return request,Return eligibility question references LC-77239.,34,False,chat,standard
TKT-02790,2025-02-03T20:03:00Z,return request,Return eligibility question references LC-51847.,40,False,phone,guest
TKT-00798,2025-02-03T21:19:00Z,account access,Account lockout reported under LC-68005.,15,False,web form,plus
TKT-01404,2025-02-03T22:25:00Z,return request,Shopper requests a return label for LC-75434.,48,True,phone,standard
TKT-01899,2025-02-03T23:06:00Z,order tracking,Shopper requests tracking status for order LC-65479.,3,False,web form,standard
TKT-02909,2025-02-04T01:26:00Z,order tracking,Shopper asks when shipment LC-87521 will arrive.,8,False,email,standard
TKT-02633,2025-02-04T02:49:00Z,fraud review,Shopper responds to a manual account-security review for LC-36320.,146,True,email,guest
TKT-02176,2025-02-04T03:07:00Z,refund status,Refund posting timeline question references LC-41598.,27,False,phone,plus
TKT-00904,2025-02-04T03:34:00Z,fraud review,Shopper responds to a manual account-security review for LC-87653.,155,True,phone,plus
TKT-00395,2025-02-04T04:01:00Z,promotion question,Shopper questions campaign terms for promotion LC-26363.,26,False,email,guest
TKT-01861,2025-02-04T05:05:00Z,order tracking,Shopper asks when shipment LC-36658 will arrive.,4,False,chat,standard
TKT-01678,2025-02-04T06:20:00Z,order tracking,Shopper requests tracking status for order LC-75252.,7,False,phone,standard
TKT-02860,2025-02-04T07:12:00Z,promotion question,Promotion eligibility exception references LC-97496.,74,True,phone,plus
TKT-02935,2025-02-04T10:06:00Z,order tracking,Tracking link question references order LC-88691.,12,False,chat,vip
TKT-02304,2025-02-04T10:10:00Z,order tracking,Tracking link question references order LC-89123.,14,False,chat,standard
TKT-02335,2025-02-04T12:31:00Z,order tracking,Shopper requests tracking status for order LC-70440.,6,False,chat,standard
TKT-02638,2025-02-04T13:18:00Z,order tracking,Shopper asks when shipment LC-36538 will arrive.,13,False,chat,plus
TKT-01276,2025-02-04T13:25:00Z,return request,Return eligibility question references LC-17573.,41,True,email,standard
TKT-02303,2025-02-04T15:02:00Z,order tracking,Tracking link question references order LC-61942.,14,False,web form,standard
TKT-01194,2025-02-04T16:35:00Z,order tracking,Shopper requests tracking status for order LC-93202.,14,False,chat,vip
TKT-00017,2025-02-04T17:30:00Z,order tracking,Shopper requests tracking status for order LC-27063.,11,False,chat,plus
TKT-02004,2025-02-04T19:39:00Z,order tracking,Tracking link question references order LC-35206.,4,False,chat,guest
TKT-00409,2025-02-04T23:00:00Z,account access,Shopper cannot access account LC-65919.,8,False,chat,standard
TKT-01079,2025-02-05T00:33:00Z,promotion question,Promotion eligibility exception references LC-29447.,51,False,web form,guest
TKT-00084,2025-02-05T01:08:00Z,refund status,Shopper requests refund status for LC-35713.,62,True,email,plus
TKT-00440,2025-02-05T01:37:00Z,order tracking,Shopper asks when shipment LC-31739 will arrive.,5,False,email,plus
TKT-01868,2025-02-05T02:41:00Z,order tracking,Shopper asks when shipment LC-31292 will arrive.,13,False,chat,standard
TKT-01358,2025-02-05T03:29:00Z,account access,Shopper cannot access account LC-83336.,5,False,chat,guest
TKT-00384,2025-02-05T04:55:00Z,order tracking,Shopper requests tracking status for order LC-20598.,12,False,chat,vip
TKT-01577,2025-02-05T05:54:00Z,product question,Product compatibility question references LC-40183.,44,False,chat,plus
TKT-01365,2025-02-05T07:47:00Z,return request,Shopper requests a return label for LC-69979.,41,False,phone,guest
TKT-00627,2025-02-05T09:26:00Z,product question,Shopper asks about product specifications for LC-43884.,24,False,web form,standard
TKT-01221,2025-02-05T12:43:00Z,product question,Shopper asks about product specifications for LC-59154.,23,False,email,standard
TKT-00757,2025-02-05T14:05:00Z,return request,Shopper requests return instructions for order LC-26101.,68,True,phone,guest
TKT-02260,2025-02-05T14:45:00Z,order tracking,Shopper requests tracking status for order LC-51270.,3,False,web form,guest
TKT-02460,2025-02-05T17:37:00Z,order tracking,Shopper requests tracking status for order LC-20142.,11,False,chat,guest
TKT-02541,2025-02-05T18:03:00Z,order tracking,Shopper asks when shipment LC-64475 will arrive.,13,False,chat,plus
TKT-00025,2025-02-05T18:56:00Z,order tracking,Shopper asks when shipment LC-73759 will arrive.,4,False,email,guest
TKT-02484,2025-02-05T21:56:00Z,refund status,Refund posting timeline question references LC-54310.,16,False,chat,standard
TKT-01097,2025-02-05T23:39:00Z,order tracking,Shopper asks when shipment LC-10795 will arrive.,7,False,chat,plus
TKT-01848,2025-02-06T01:07:00Z,refund status,Shopper requests refund status for LC-21168.,32,False,chat,standard
TKT-00181,2025-02-06T02:54:00Z,return request,Shopper requests return instructions for order LC-93595.,29,False,email,standard
TKT-02398,2025-02-06T04:28:00Z,order tracking,Shopper asks when shipment LC-34853 will arrive.,8,False,chat,standard
TKT-00859,2025-02-06T05:23:00Z,order tracking,Shopper requests tracking status for order LC-62929.,5,False,chat,standard
TKT-01528,2025-02-06T06:04:00Z,return request,Shopper requests a return label for LC-11619.,31,False,phone,guest
TKT-01446,2025-02-06T09:14:00Z,order tracking,Shopper asks when shipment LC-81289 will arrive.,12,False,chat,standard
TKT-01078,2025-02-06T09:53:00Z,refund status,Shopper cannot locate a processed refund under LC-74138.,33,False,phone,standard
TKT-01913,2025-02-06T12:41:00Z,fraud review,Transaction review requires specialist approval under LC-86524.,154,False,phone,standard
TKT-00429,2025-02-06T12:46:00Z,return request,Shopper requests a return label for LC-84183.,32,False,web form,vip
TKT-02055,2025-02-06T14:24:00Z,order tracking,Shopper asks when shipment LC-99407 will arrive.,9,False,chat,plus
TKT-00781,2025-02-06T15:28:00Z,refund status,Shopper cannot locate a processed refund under LC-97482.,35,False,chat,standard
TKT-01395,2025-02-06T15:35:00Z,return request,Return eligibility question references LC-66685.,40,False,email,plus
TKT-00104,2025-02-06T18:10:00Z,subscription change,Shopper requests a subscription change under LC-24518.,72,True,chat,guest
TKT-02632,2025-02-06T18:37:00Z,return request,Shopper requests return instructions for order LC-83603.,38,False,email,plus
TKT-01333,2025-02-06T19:28:00Z,order tracking,Tracking link question references order LC-27527.,9,False,web form,vip
TKT-01546,2025-02-06T19:45:00Z,promotion question,Shopper reports a promotion did not apply under LC-43293.,51,False,web form,plus
TKT-00428,2025-02-06T21:52:00Z,order tracking,Shopper requests tracking status for order LC-96494.,4,False,phone,standard
TKT-02267,2025-02-07T00:02:00Z,order tracking,Shopper requests tracking status for order LC-94242.,12,False,chat,guest
TKT-02378,2025-02-07T00:06:00Z,fraud review,Transaction review requires specialist approval under LC-44990.,170,True,phone,vip
TKT-02521,2025-02-07T01:11:00Z,promotion question,Shopper questions campaign terms for promotion LC-41687.,33,False,email,standard
TKT-01183,2025-02-07T01:54:00Z,promotion question,Shopper questions campaign terms for promotion LC-30383.,39,False,email,standard
TKT-00187,2025-02-07T02:24:00Z,order tracking,Shopper asks when shipment LC-36013 will arrive.,12,False,chat,plus
TKT-01488,2025-02-07T04:11:00Z,order tracking,Shopper requests tracking status for order LC-74759.,4,False,chat,guest
TKT-02001,2025-02-07T04:31:00Z,fraud review,Transaction review requires specialist approval under LC-60368.,187,True,phone,plus
TKT-02707,2025-02-07T04:39:00Z,order tracking,Shopper asks when shipment LC-99835 will arrive.,4,False,chat,guest
TKT-00272,2025-02-07T05:38:00Z,return request,Return eligibility question references LC-94773.,28,False,phone,guest
TKT-01189,2025-02-07T05:45:00Z,product question,Product compatibility question references LC-55347.,41,False,chat,guest
TKT-02470,2025-02-07T07:28:00Z,order tracking,Shopper requests tracking status for order LC-48014.,4,False,chat,guest
TKT-01067,2025-02-07T10:45:00Z,order tracking,Tracking link question references order LC-36485.,7,False,chat,standard
TKT-01205,2025-02-07T11:23:00Z,order tracking,Tracking link question references order LC-13847.,11,False,email,vip
TKT-01800,2025-02-07T13:16:00Z,refund status,Shopper cannot locate a processed refund under LC-42580.,27,False,chat,standard
TKT-02642,2025-02-07T14:06:00Z,fraud review,Transaction review requires specialist approval under LC-56332.,213,True,phone,plus
TKT-00463,2025-02-07T16:40:00Z,order tracking,Tracking link question references order LC-25563.,11,False,chat,guest
TKT-00164,2025-02-07T17:06:00Z,promotion question,Shopper reports a promotion did not apply under LC-66265.,30,False,chat,standard
TKT-00548,2025-02-08T00:31:00Z,order tracking,Tracking link question references order LC-88556.,10,False,chat,standard
TKT-01896,2025-02-08T00:41:00Z,order tracking,Shopper asks when shipment LC-21817 will arrive.,6,False,chat,standard
TKT-00456,2025-02-08T01:41:00Z,account access,Account lockout reported under LC-71511.,4,False,chat,guest
TKT-02479,2025-02-08T01:58:00Z,refund status,Refund posting timeline question references LC-88379.,27,False,chat,guest
TKT-00567,2025-02-08T03:45:00Z,subscription change,Shopper asks about subscription cancellation for LC-15403.,50,False,phone,guest
TKT-02789,2025-02-08T04:36:00Z,subscription change,Subscription pause question references LC-62827.,47,False,email,plus
TKT-01876,2025-02-08T05:45:00Z,return request,Shopper requests return instructions for order LC-84186.,15,False,email,standard
TKT-02699,2025-02-08T05:49:00Z,order tracking,Shopper asks when shipment LC-41859 will arrive.,14,False,email,standard
TKT-02566,2025-02-08T09:28:00Z,order tracking,Tracking link question references order LC-89046.,6,False,web form,standard
TKT-02626,2025-02-08T10:29:00Z,refund status,Shopper cannot locate a processed refund under LC-13677.,55,True,phone,standard
TKT-02472,2025-02-08T13:28:00Z,refund status,Shopper cannot locate a processed refund under LC-41106.,17,False,email,standard
TKT-00604,2025-02-08T14:14:00Z,order tracking,Tracking link question references order LC-35360.,10,False,email,plus
TKT-00270,2025-02-08T17:32:00Z,promotion question,Promotion eligibility exception references LC-48195.,40,True,chat,plus
TKT-00875,2025-02-08T21:36:00Z,fraud review,Transaction review requires specialist approval under LC-34928.,114,False,phone,guest
TKT-02685,2025-02-08T21:55:00Z,order tracking,Tracking link question references order LC-72944.,9,False,chat,plus
TKT-00330,2025-02-08T23:18:00Z,refund status,Shopper requests refund status for LC-42707.,30,False,email,guest
TKT-00154,2025-02-08T23:19:00Z,return request,Return eligibility question references LC-84581.,16,False,phone,guest
TKT-02750,2025-02-08T23:20:00Z,order tracking,Shopper asks when shipment LC-77098 will arrive.,9,False,chat,plus
TKT-00356,2025-02-09T05:28:00Z,refund status,Shopper requests refund status for LC-33959.,24,False,chat,standard
TKT-01703,2025-02-09T08:11:00Z,fraud review,Transaction review requires specialist approval under LC-63329.,149,True,phone,standard
TKT-01811,2025-02-09T08:39:00Z,return request,Shopper requests a return label for LC-59890.,21,False,email,plus
TKT-02910,2025-02-09T09:10:00Z,order tracking,Tracking link question references order LC-40952.,5,False,chat,guest
TKT-01100,2025-02-09T09:17:00Z,return request,Shopper requests a return label for LC-34279.,16,False,chat,plus
TKT-01107,2025-02-09T10:05:00Z,refund status,Refund posting timeline question references LC-92576.,24,False,phone,standard
TKT-01932,2025-02-09T10:38:00Z,promotion question,Shopper questions campaign terms for promotion LC-99457.,47,True,chat,guest
TKT-00039,2025-02-09T11:06:00Z,account access,Account lockout reported under LC-97929.,4,False,email,standard
TKT-00619,2025-02-09T14:32:00Z,refund status,Refund posting timeline question references LC-45729.,19,False,phone,guest
TKT-02139,2025-02-09T14:45:00Z,account access,Password reset requested for account LC-97103.,6,False,web form,standard
TKT-02271,2025-02-09T15:27:00Z,account access,Shopper cannot access account LC-88580.,7,False,chat,standard
TKT-01563,2025-02-09T15:32:00Z,promotion question,Promotion eligibility exception references LC-12837.,14,False,web form,standard
TKT-01623,2025-02-09T16:25:00Z,order tracking,Shopper requests tracking status for order LC-84142.,9,False,chat,standard
TKT-01286,2025-02-09T16:40:00Z,refund status,Shopper requests refund status for LC-52955.,37,False,chat,standard
TKT-01161,2025-02-09T18:35:00Z,product question,Shopper requests product-selection guidance under LC-22006.,62,False,web form,guest
TKT-00618,2025-02-09T18:46:00Z,refund status,Refund posting timeline question references LC-32821.,37,False,chat,standard
TKT-02473,2025-02-09T19:30:00Z,refund status,Shopper requests refund status for LC-13054.,34,False,phone,plus
TKT-00956,2025-02-09T22:09:00Z,refund status,Shopper requests refund status for LC-49458.,64,True,phone,standard
TKT-02645,2025-02-09T22:10:00Z,promotion question,Shopper questions campaign terms for promotion LC-20127.,42,False,phone,plus
TKT-00452,2025-02-09T22:18:00Z,refund status,Shopper requests refund status for LC-46022.,23,False,chat,standard
TKT-01077,2025-02-09T22:54:00Z,account access,Password reset requested for account LC-61503.,13,False,chat,standard
TKT-01850,2025-02-10T00:24:00Z,promotion question,Promotion eligibility exception references LC-46089.,50,False,web form,standard
TKT-01229,2025-02-10T00:29:00Z,subscription change,Shopper requests a subscription change under LC-84922.,70,True,web form,guest
TKT-00950,2025-02-10T02:06:00Z,promotion question,Shopper questions campaign terms for promotion LC-59187.,27,False,email,standard
TKT-02130,2025-02-10T06:47:00Z,promotion question,Shopper questions campaign terms for promotion LC-77382.,17,False,chat,plus
TKT-02150,2025-02-10T09:45:00Z,refund status,Shopper cannot locate a processed refund under LC-55575.,13,False,phone,standard
TKT-00795,2025-02-10T11:03:00Z,order tracking,Shopper requests tracking status for order LC-26862.,4,False,email,standard
TKT-02143,2025-02-10T12:46:00Z,account access,Account lockout reported under LC-99220.,17,False,web form,guest
TKT-00593,2025-02-10T13:31:00Z,order tracking,Tracking link question references order LC-36973.,8,False,chat,standard
TKT-00157,2025-02-10T16:23:00Z,account access,Shopper cannot access account LC-77466.,12,False,chat,guest
TKT-02071,2025-02-10T18:17:00Z,return request,Shopper requests a return label for LC-30058.,28,False,email,vip
TKT-02735,2025-02-10T18:58:00Z,refund status,Refund posting timeline question references LC-99762.,38,False,chat,guest
TKT-02787,2025-02-10T19:30:00Z,subscription change,Shopper asks about subscription cancellation for LC-44599.,29,False,web form,guest
TKT-01000,2025-02-10T21:06:00Z,refund status,Refund posting timeline question references LC-58894.,35,False,web form,guest
TKT-01663,2025-02-10T22:05:00Z,return request,Shopper requests a return label for LC-12418.,81,True,email,plus
TKT-02423,2025-02-10T22:15:00Z,return request,Return eligibility question references LC-14630.,40,False,phone,standard
TKT-01303,2025-02-10T22:27:00Z,account access,Shopper cannot access account LC-62371.,14,False,web form,guest
TKT-02353,2025-02-10T23:30:00Z,refund status,Shopper requests refund status for LC-80204.,13,False,chat,standard
TKT-02080,2025-02-11T01:30:00Z,refund status,Shopper requests refund status for LC-44074.,13,False,web form,vip
TKT-01238,2025-02-11T01:31:00Z,order tracking,Shopper requests tracking status for order LC-60573.,13,False,chat,standard
TKT-01945,2025-02-11T05:09:00Z,refund status,Shopper requests refund status for LC-30397.,47,True,phone,standard
TKT-02501,2025-02-11T05:59:00Z,return request,Shopper requests a return label for LC-52978.,18,False,phone,plus
TKT-01003,2025-02-11T07:34:00Z,order tracking,Shopper requests tracking status for order LC-51171.,7,False,phone,standard
TKT-00126,2025-02-11T08:14:00Z,refund status,Shopper requests refund status for LC-54689.,21,False,email,standard
TKT-02505,2025-02-11T08:29:00Z,order tracking,Tracking link question references order LC-22901.,8,False,chat,vip
TKT-01692,2025-02-11T08:36:00Z,order tracking,Shopper asks when shipment LC-82044 will arrive.,8,False,chat,standard
TKT-00891,2025-02-11T10:30:00Z,refund status,Shopper cannot locate a processed refund under LC-88244.,36,False,chat,plus
TKT-01884,2025-02-11T10:59:00Z,account access,Shopper cannot access account LC-90136.,16,False,web form,plus
TKT-01960,2025-02-11T11:06:00Z,refund status,Shopper cannot locate a processed refund under LC-56352.,35,False,chat,standard
TKT-01992,2025-02-11T11:06:00Z,subscription change,Shopper requests a subscription change under LC-68715.,22,False,chat,guest
TKT-00586,2025-02-11T12:06:00Z,account access,Account lockout reported under LC-46060.,13,False,chat,standard
TKT-02664,2025-02-11T12:59:00Z,order tracking,Shopper requests tracking status for order LC-50733.,12,False,chat,guest
TKT-01576,2025-02-11T13:28:00Z,order tracking,Shopper requests tracking status for order LC-10382.,5,False,chat,standard
TKT-00574,2025-02-11T15:18:00Z,order tracking,Shopper requests tracking status for order LC-58879.,5,False,phone,guest
TKT-01832,2025-02-11T18:21:00Z,account access,Account lockout reported under LC-36848.,18,False,web form,guest
TKT-00009,2025-02-11T19:27:00Z,order tracking,Shopper asks when shipment LC-44454 will arrive.,9,False,web form,standard
TKT-00266,2025-02-11T20:12:00Z,fraud review,High-risk order review references LC-82462 and requires human handling.,163,True,chat,plus
TKT-01907,2025-02-12T00:56:00Z,return request,Shopper requests a return label for LC-29129.,29,False,phone,guest
TKT-02491,2025-02-12T01:49:00Z,promotion question,Shopper reports a promotion did not apply under LC-69393.,23,False,chat,guest
TKT-01957,2025-02-12T01:50:00Z,subscription change,Subscription pause question references LC-51915.,41,False,chat,guest
TKT-02898,2025-02-12T05:05:00Z,order tracking,Shopper asks when shipment LC-19816 will arrive.,14,False,chat,guest
TKT-01892,2025-02-12T08:09:00Z,account access,Account lockout reported under LC-98507.,16,False,web form,standard
TKT-01471,2025-02-12T09:05:00Z,account access,Password reset requested for account LC-47051.,10,False,chat,standard
TKT-02629,2025-02-12T10:16:00Z,account access,Shopper cannot access account LC-24412.,17,False,web form,plus
TKT-01680,2025-02-12T11:09:00Z,order tracking,Shopper requests tracking status for order LC-12286.,14,False,web form,guest
TKT-01699,2025-02-12T12:50:00Z,refund status,Refund posting timeline question references LC-70182.,31,False,phone,standard
TKT-02658,2025-02-12T14:22:00Z,subscription change,Shopper requests a subscription change under LC-40666.,45,False,phone,guest
TKT-00512,2025-02-12T16:16:00Z,account access,Password reset requested for account LC-12790.,8,False,chat,guest
TKT-01426,2025-02-12T16:35:00Z,product question,Product compatibility question references LC-53453.,60,False,web form,plus
TKT-00717,2025-02-12T17:37:00Z,order tracking,Tracking link question references order LC-31372.,8,False,chat,standard
TKT-00306,2025-02-12T17:46:00Z,refund status,Shopper cannot locate a processed refund under LC-17588.,87,True,chat,guest
TKT-02121,2025-02-12T17:57:00Z,account access,Account lockout reported under LC-35634.,14,False,web form,standard
TKT-00490,2025-02-12T18:37:00Z,order tracking,Shopper requests tracking status for order LC-40438.,3,False,email,guest
TKT-02073,2025-02-12T18:58:00Z,fraud review,High-risk order review references LC-75261 and requires human handling.,186,True,phone,guest
TKT-02261,2025-02-12T20:18:00Z,order tracking,Shopper requests tracking status for order LC-11276.,12,False,chat,vip
TKT-00468,2025-02-12T22:04:00Z,subscription change,Shopper requests a subscription change under LC-86053.,29,False,email,standard
TKT-01478,2025-02-12T23:09:00Z,refund status,Shopper requests refund status for LC-77507.,23,False,email,standard
TKT-01380,2025-02-12T23:39:00Z,account access,Account lockout reported under LC-11809.,18,False,web form,standard
TKT-00190,2025-02-13T00:41:00Z,promotion question,Promotion eligibility exception references LC-57340.,34,False,phone,plus
TKT-02946,2025-02-13T01:05:00Z,account access,Password reset requested for account LC-22827.,11,False,phone,plus
TKT-00661,2025-02-13T03:34:00Z,product question,Shopper asks about product specifications for LC-38939.,22,False,chat,standard
TKT-01282,2025-02-13T06:27:00Z,order tracking,Shopper requests tracking status for order LC-64827.,6,False,chat,guest
TKT-00092,2025-02-13T08:15:00Z,return request,Return eligibility question references LC-68937.,44,False,chat,standard
TKT-02141,2025-02-13T08:16:00Z,subscription change,Shopper asks about subscription cancellation for LC-75096.,29,False,phone,guest
TKT-01931,2025-02-13T09:08:00Z,fraud review,Transaction review requires specialist approval under LC-75893.,219,True,phone,standard
TKT-02397,2025-02-13T10:24:00Z,account access,Account lockout reported under LC-22625.,15,False,chat,standard
TKT-00304,2025-02-13T12:14:00Z,return request,Shopper requests return instructions for order LC-72600.,19,False,email,guest
TKT-00246,2025-02-13T12:23:00Z,return request,Shopper requests return instructions for order LC-73415.,19,False,web form,standard
TKT-01009,2025-02-13T12:34:00Z,order tracking,Shopper requests tracking status for order LC-34849.,6,False,chat,standard
TKT-00600,2025-02-13T12:46:00Z,return request,Shopper requests return instructions for order LC-83113.,18,False,email,standard
TKT-01505,2025-02-13T15:38:00Z,subscription change,Subscription pause question references LC-95570.,46,False,phone,standard
TKT-01304,2025-02-13T15:40:00Z,subscription change,Subscription pause question references LC-31320.,26,False,web form,plus
TKT-00501,2025-02-13T15:59:00Z,subscription change,Shopper asks about subscription cancellation for LC-66243.,37,False,phone,standard
TKT-02731,2025-02-13T16:44:00Z,order tracking,Shopper asks when shipment LC-98712 will arrive.,67,True,chat,vip
TKT-00334,2025-02-13T17:06:00Z,order tracking,Shopper requests tracking status for order LC-18144.,4,False,chat,guest
TKT-01964,2025-02-13T18:41:00Z,fraud review,Shopper responds to a manual account-security review for LC-97595.,192,True,web form,standard
TKT-02113,2025-02-13T21:07:00Z,order tracking,Shopper requests tracking status for order LC-42738.,5,False,phone,guest
TKT-01430,2025-02-13T21:31:00Z,refund status,Refund posting timeline question references LC-96276.,19,False,chat,guest
TKT-00935,2025-02-13T23:07:00Z,fraud review,Shopper responds to a manual account-security review for LC-78255.,134,True,email,standard
TKT-01091,2025-02-14T01:05:00Z,subscription change,Shopper requests a subscription change under LC-67306.,48,False,email,guest
TKT-01570,2025-02-14T01:05:00Z,order tracking,Shopper requests tracking status for order LC-95881.,5,False,chat,guest
TKT-00269,2025-02-14T02:49:00Z,return request,Shopper requests return instructions for order LC-35635.,40,False,phone,standard
TKT-00535,2025-02-14T05:01:00Z,order tracking,Shopper asks when shipment LC-47746 will arrive.,3,False,chat,standard
TKT-02110,2025-02-14T06:33:00Z,return request,Shopper requests a return label for LC-62614.,50,False,email,plus
TKT-01944,2025-02-14T08:22:00Z,promotion question,Shopper reports a promotion did not apply under LC-24848.,36,False,phone,standard
TKT-01083,2025-02-14T10:47:00Z,fraud review,Transaction review requires specialist approval under LC-25804.,81,False,phone,standard
TKT-00611,2025-02-14T11:31:00Z,order tracking,Shopper requests tracking status for order LC-56785.,5,False,email,standard
TKT-01053,2025-02-14T12:41:00Z,order tracking,Tracking link question references order LC-22977.,3,False,chat,standard
TKT-01493,2025-02-14T13:40:00Z,order tracking,Shopper asks when shipment LC-82298 will arrive.,14,False,web form,guest
TKT-00590,2025-02-14T15:49:00Z,return request,Shopper requests return instructions for order LC-46603.,26,False,web form,standard
TKT-01185,2025-02-14T17:22:00Z,refund status,Shopper cannot locate a processed refund under LC-70400.,22,False,email,standard
TKT-01835,2025-02-14T17:23:00Z,return request,Shopper requests a return label for LC-70756.,77,True,email,guest
TKT-00348,2025-02-14T17:45:00Z,order tracking,Shopper asks when shipment LC-36553 will arrive.,9,False,email,standard
TKT-00011,2025-02-14T19:45:00Z,return request,Shopper requests return instructions for order LC-23719.,37,False,phone,plus
TKT-02570,2025-02-14T19:55:00Z,refund status,Refund posting timeline question references LC-11140.,22,False,phone,standard
TKT-02582,2025-02-14T23:11:00Z,account access,Shopper cannot access account LC-79115.,9,False,chat,standard
TKT-01116,2025-02-15T01:22:00Z,subscription change,Subscription pause question references LC-98448.,22,False,phone,plus
TKT-02259,2025-02-15T03:31:00Z,return request,Shopper requests a return label for LC-44582.,49,False,phone,standard
TKT-01905,2025-02-15T07:16:00Z,fraud review,Shopper responds to a manual account-security review for LC-23457.,163,True,chat,vip
TKT-01453,2025-02-15T07:28:00Z,refund status,Refund posting timeline question references LC-29160.,13,False,email,standard
TKT-00114,2025-02-15T10:34:00Z,return request,Shopper requests return instructions for order LC-59317.,31,False,email,vip
TKT-02552,2025-02-15T10:51:00Z,order tracking,Shopper requests tracking status for order LC-40983.,55,True,email,standard
TKT-00315,2025-02-15T11:36:00Z,order tracking,Shopper asks when shipment LC-85788 will arrive.,6,False,chat,standard
TKT-00714,2025-02-15T12:02:00Z,account access,Account lockout reported under LC-71277.,8,False,chat,standard
TKT-02184,2025-02-15T12:24:00Z,promotion question,Promotion eligibility exception references LC-25427.,19,False,email,plus
TKT-02033,2025-02-15T13:25:00Z,return request,Return eligibility question references LC-62744.,22,False,phone,standard
TKT-00365,2025-02-15T15:44:00Z,product question,Shopper requests product-selection guidance under LC-38482.,42,False,chat,guest
TKT-00001,2025-02-15T21:20:00Z,order tracking,Shopper requests tracking status for order LC-50142.,6,False,chat,standard
TKT-01025,2025-02-15T21:31:00Z,order tracking,Tracking link question references order LC-55058.,3,False,chat,vip
TKT-02905,2025-02-15T21:44:00Z,promotion question,Promotion eligibility exception references LC-37424.,44,False,chat,guest
TKT-00487,2025-02-16T01:37:00Z,refund status,Shopper requests refund status for LC-56879.,17,False,email,guest
TKT-02820,2025-02-16T02:12:00Z,subscription change,Subscription pause question references LC-57378.,35,False,chat,standard
TKT-01324,2025-02-16T03:26:00Z,return request,Shopper requests return instructions for order LC-58052.,32,False,web form,plus
TKT-00738,2025-02-16T03:58:00Z,promotion question,Shopper questions campaign terms for promotion LC-33338.,36,False,web form,standard
TKT-00764,2025-02-16T04:06:00Z,product question,Shopper requests product-selection guidance under LC-72553.,15,False,chat,guest
TKT-01617,2025-02-16T08:20:00Z,subscription change,Shopper requests a subscription change under LC-36280.,38,False,chat,vip
TKT-01182,2025-02-16T14:27:00Z,order tracking,Tracking link question references order LC-59685.,11,False,chat,plus
TKT-02269,2025-02-16T15:18:00Z,promotion question,Shopper questions campaign terms for promotion LC-40583.,68,True,web form,standard
TKT-00533,2025-02-16T15:53:00Z,subscription change,Subscription pause question references LC-28059.,21,False,chat,plus
TKT-00942,2025-02-16T16:04:00Z,return request,Shopper requests return instructions for order LC-35433.,18,False,web form,standard
TKT-01240,2025-02-16T16:07:00Z,fraud review,High-risk order review references LC-82330 and requires human handling.,99,True,phone,standard
TKT-00617,2025-02-16T16:37:00Z,return request,Return eligibility question references LC-46641.,66,True,phone,standard
TKT-00457,2025-02-16T18:13:00Z,refund status,Refund posting timeline question references LC-31612.,25,False,phone,plus
TKT-02410,2025-02-16T19:09:00Z,refund status,Shopper requests refund status for LC-95647.,30,False,phone,standard
TKT-02568,2025-02-16T20:00:00Z,refund status,Shopper requests refund status for LC-97015.,24,False,chat,standard
TKT-00584,2025-02-16T20:53:00Z,account access,Password reset requested for account LC-65024.,9,False,web form,vip
TKT-02721,2025-02-16T21:25:00Z,return request,Shopper requests return instructions for order LC-81691.,52,True,email,guest
TKT-00422,2025-02-16T21:27:00Z,refund status,Shopper cannot locate a processed refund under LC-48973.,36,False,chat,plus
TKT-00146,2025-02-16T22:08:00Z,promotion question,Shopper questions campaign terms for promotion LC-58736.,51,False,chat,standard
TKT-02886,2025-02-16T22:22:00Z,promotion question,Shopper reports a promotion did not apply under LC-90379.,26,False,email,standard
TKT-01770,2025-02-16T23:19:00Z,order tracking,Tracking link question references order LC-75151.,4,False,email,standard
TKT-02833,2025-02-16T23:38:00Z,refund status,Shopper requests refund status for LC-98937.,24,False,web form,plus
TKT-01454,2025-02-16T23:45:00Z,return request,Shopper requests a return label for LC-91451.,22,False,email,standard
TKT-02842,2025-02-17T01:17:00Z,order tracking,Tracking link question references order LC-30824.,3,False,chat,standard
TKT-00628,2025-02-17T02:18:00Z,order tracking,Tracking link question references order LC-24119.,4,False,chat,plus
TKT-00120,2025-02-17T02:55:00Z,product question,Product compatibility question references LC-10471.,61,False,email,guest
TKT-02591,2025-02-17T04:42:00Z,refund status,Refund posting timeline question references LC-40139.,24,False,phone,guest
TKT-02219,2025-02-17T04:54:00Z,refund status,Shopper requests refund status for LC-41613.,14,False,email,standard
TKT-01605,2025-02-17T06:34:00Z,refund status,Refund posting timeline question references LC-39546.,24,False,chat,guest
TKT-02847,2025-02-17T09:29:00Z,return request,Shopper requests return instructions for order LC-76287.,36,False,phone,standard
TKT-01914,2025-02-17T10:21:00Z,account access,Password reset requested for account LC-24013.,6,False,chat,guest
TKT-02558,2025-02-17T13:31:00Z,order tracking,Shopper asks when shipment LC-66893 will arrive.,8,False,chat,plus
TKT-00668,2025-02-17T14:50:00Z,refund status,Refund posting timeline question references LC-57041.,29,False,phone,plus
TKT-00917,2025-02-17T18:38:00Z,subscription change,Shopper requests a subscription change under LC-68575.,26,False,phone,guest
TKT-01501,2025-02-17T20:53:00Z,order tracking,Tracking link question references order LC-65479.,7,False,chat,guest
TKT-02751,2025-02-17T21:34:00Z,order tracking,Shopper asks when shipment LC-68723 will arrive.,4,False,chat,standard
TKT-01732,2025-02-17T22:59:00Z,order tracking,Tracking link question references order LC-42426.,5,False,web form,standard
TKT-00885,2025-02-17T23:43:00Z,subscription change,Shopper requests a subscription change under LC-20323.,44,False,email,standard
TKT-01070,2025-02-18T00:16:00Z,return request,Shopper requests a return label for LC-79418.,40,False,email,guest
TKT-02105,2025-02-18T01:35:00Z,return request,Return eligibility question references LC-45598.,37,False,email,plus
TKT-02401,2025-02-18T01:39:00Z,return request,Return eligibility question references LC-52677.,40,False,phone,standard
TKT-01068,2025-02-18T07:30:00Z,order tracking,Tracking link question references order LC-49136.,3,False,chat,guest
TKT-01372,2025-02-18T09:39:00Z,return request,Return eligibility question references LC-35714.,16,False,phone,standard
TKT-01439,2025-02-18T10:13:00Z,refund status,Shopper requests refund status for LC-94708.,26,False,email,standard
TKT-00498,2025-02-18T12:32:00Z,order tracking,Shopper requests tracking status for order LC-51840.,8,False,email,guest
TKT-00553,2025-02-18T14:52:00Z,order tracking,Tracking link question references order LC-96585.,30,True,email,plus
TKT-00358,2025-02-18T18:29:00Z,subscription change,Shopper asks about subscription cancellation for LC-24977.,50,False,email,guest
TKT-01722,2025-02-18T20:07:00Z,return request,Shopper requests return instructions for order LC-69820.,16,False,email,vip
TKT-02195,2025-02-18T20:09:00Z,return request,Shopper requests a return label for LC-62648.,43,False,chat,guest
TKT-02248,2025-02-19T00:10:00Z,account access,Shopper cannot access account LC-67555.,10,False,chat,standard
TKT-00555,2025-02-19T00:59:00Z,subscription change,Subscription pause question references LC-24588.,28,False,chat,guest
TKT-01655,2025-02-19T03:30:00Z,refund status,Shopper cannot locate a processed refund under LC-45167.,18,False,email,plus
TKT-02265,2025-02-19T03:57:00Z,return request,Shopper requests a return label for LC-39212.,25,False,email,standard
TKT-01671,2025-02-19T04:50:00Z,return request,Return eligibility question references LC-62510.,28,False,web form,guest
TKT-00196,2025-02-19T06:02:00Z,return request,Shopper requests return instructions for order LC-52063.,47,False,phone,plus
TKT-00050,2025-02-19T10:24:00Z,order tracking,Shopper asks when shipment LC-88448 will arrive.,3,False,phone,standard
TKT-00323,2025-02-19T10:39:00Z,return request,Shopper requests a return label for LC-56594.,18,False,email,guest
TKT-00736,2025-02-19T11:09:00Z,order tracking,Tracking link question references order LC-45094.,4,False,phone,standard
TKT-00896,2025-02-19T11:38:00Z,return request,Shopper requests a return label for LC-37509.,23,False,phone,standard
TKT-01799,2025-02-19T12:06:00Z,return request,Shopper requests return instructions for order LC-80551.,43,False,phone,guest
TKT-02621,2025-02-19T13:10:00Z,return request,Return eligibility question references LC-76739.,44,False,phone,standard
TKT-01909,2025-02-19T16:47:00Z,return request,Shopper requests return instructions for order LC-44453.,39,False,phone,standard
TKT-00967,2025-02-19T21:00:00Z,account access,Password reset requested for account LC-19733.,8,False,chat,plus
TKT-01467,2025-02-19T21:48:00Z,return request,Return eligibility question references LC-62942.,50,False,email,standard
TKT-00983,2025-02-19T22:31:00Z,order tracking,Tracking link question references order LC-42397.,9,False,chat,standard
TKT-02793,2025-02-19T23:10:00Z,product question,Product compatibility question references LC-97047.,88,True,email,plus
TKT-01926,2025-02-20T01:04:00Z,order tracking,Shopper asks when shipment LC-95213 will arrive.,3,False,chat,standard
TKT-00856,2025-02-20T01:41:00Z,order tracking,Shopper requests tracking status for order LC-56528.,7,False,web form,guest
TKT-01290,2025-02-20T01:57:00Z,refund status,Shopper requests refund status for LC-40053.,24,False,chat,plus
TKT-00672,2025-02-20T02:13:00Z,return request,Shopper requests a return label for LC-91701.,26,False,phone,standard
TKT-02254,2025-02-20T02:42:00Z,return request,Shopper requests a return label for LC-83206.,49,False,chat,guest
TKT-00436,2025-02-20T02:55:00Z,promotion question,Shopper reports a promotion did not apply under LC-59357.,82,True,chat,standard
TKT-00407,2025-02-20T03:11:00Z,return request,Shopper requests return instructions for order LC-97846.,43,False,email,guest
TKT-01316,2025-02-20T03:26:00Z,return request,Shopper requests return instructions for order LC-32681.,43,False,phone,standard
TKT-02602,2025-02-20T08:05:00Z,order tracking,Shopper requests tracking status for order LC-64445.,10,False,chat,standard
TKT-01362,2025-02-20T08:10:00Z,account access,Password reset requested for account LC-63004.,8,False,web form,guest
TKT-00708,2025-02-20T08:31:00Z,subscription change,Shopper asks about subscription cancellation for LC-32488.,46,False,web form,standard
TKT-01742,2025-02-20T09:04:00Z,return request,Return eligibility question references LC-27678.,17,False,email,standard
TKT-01730,2025-02-20T11:26:00Z,order tracking,Tracking link question references order LC-68888.,3,False,chat,guest
TKT-01809,2025-02-20T11:53:00Z,order tracking,Shopper requests tracking status for order LC-12775.,9,False,web form,guest
TKT-02776,2025-02-20T12:39:00Z,order tracking,Shopper requests tracking status for order LC-84743.,7,False,chat,standard
TKT-02791,2025-02-20T14:33:00Z,order tracking,Shopper requests tracking status for order LC-44984.,12,False,chat,standard
TKT-01217,2025-02-20T16:24:00Z,promotion question,Shopper reports a promotion did not apply under LC-81110.,47,False,web form,guest
TKT-00239,2025-02-20T19:22:00Z,return request,Shopper requests return instructions for order LC-41391.,45,False,phone,plus
TKT-00445,2025-02-20T20:26:00Z,account access,Password reset requested for account LC-90377.,14,False,chat,standard
TKT-02688,2025-02-20T23:26:00Z,order tracking,Shopper requests tracking status for order LC-72357.,9,False,chat,vip
TKT-00207,2025-02-21T00:44:00Z,order tracking,Shopper requests tracking status for order LC-19926.,7,False,chat,guest
TKT-02562,2025-02-21T00:50:00Z,account access,Account lockout reported under LC-93548.,11,False,web form,standard
TKT-00066,2025-02-21T01:08:00Z,order tracking,Shopper asks when shipment LC-31950 will arrive.,13,False,chat,standard
TKT-01006,2025-02-21T03:46:00Z,refund status,Shopper cannot locate a processed refund under LC-80610.,15,False,chat,plus
TKT-01016,2025-02-21T06:21:00Z,return request,Return eligibility question references LC-46391.,23,False,phone,plus
TKT-01970,2025-02-21T07:03:00Z,account access,Account lockout reported under LC-94037.,12,False,web form,standard
TKT-01468,2025-02-21T09:06:00Z,product question,Product compatibility question references LC-36387.,33,False,email,plus
TKT-02771,2025-02-21T13:18:00Z,return request,Return eligibility question references LC-38002.,28,False,phone,vip
TKT-00059,2025-02-21T14:05:00Z,refund status,Shopper requests refund status for LC-81057.,13,False,email,standard
TKT-00830,2025-02-21T14:13:00Z,order tracking,Shopper asks when shipment LC-35833 will arrive.,7,False,chat,vip
TKT-02122,2025-02-21T14:49:00Z,order tracking,Shopper requests tracking status for order LC-90387.,9,False,phone,standard
TKT-02885,2025-02-21T16:01:00Z,product question,Shopper requests product-selection guidance under LC-18189.,88,True,chat,plus
TKT-00206,2025-02-21T16:07:00Z,account access,Account lockout reported under LC-68776.,11,False,chat,guest
TKT-01769,2025-02-21T16:53:00Z,account access,Shopper cannot access account LC-11578.,15,False,web form,standard
TKT-01684,2025-02-21T18:23:00Z,return request,Shopper requests a return label for LC-49526.,44,False,phone,standard
TKT-02781,2025-02-21T19:56:00Z,order tracking,Shopper requests tracking status for order LC-90567.,9,False,email,guest
TKT-00068,2025-02-21T20:25:00Z,refund status,Shopper requests refund status for LC-12218.,20,False,chat,guest
TKT-00056,2025-02-21T21:15:00Z,account access,Password reset requested for account LC-95962.,4,False,email,vip
TKT-01555,2025-02-21T23:09:00Z,return request,Shopper requests return instructions for order LC-44944.,30,False,phone,standard
TKT-00228,2025-02-21T23:24:00Z,refund status,Shopper cannot locate a processed refund under LC-77799.,13,False,phone,guest
TKT-01342,2025-02-22T00:19:00Z,account access,Shopper cannot access account LC-71544.,8,False,phone,plus
TKT-01272,2025-02-22T00:29:00Z,product question,Shopper asks about product specifications for LC-14773.,16,False,web form,guest
TKT-02666,2025-02-22T01:30:00Z,refund status,Shopper requests refund status for LC-64082.,37,False,chat,guest
TKT-01447,2025-02-22T01:37:00Z,order tracking,Shopper asks when shipment LC-13249 will arrive.,4,False,chat,standard
TKT-00829,2025-02-22T02:19:00Z,fraud review,High-risk order review references LC-76038 and requires human handling.,201,True,phone,vip
TKT-00364,2025-02-22T04:18:00Z,return request,Shopper requests a return label for LC-25936.,28,False,phone,standard
TKT-02648,2025-02-22T05:22:00Z,product question,Product compatibility question references LC-70866.,31,False,chat,standard
TKT-02420,2025-02-22T06:10:00Z,product question,Product compatibility question references LC-13152.,78,True,phone,plus
TKT-01794,2025-02-22T08:03:00Z,subscription change,Shopper asks about subscription cancellation for LC-52909.,20,False,web form,standard
TKT-01802,2025-02-22T08:14:00Z,subscription change,Subscription pause question references LC-97278.,23,False,web form,standard
TKT-00474,2025-02-22T09:29:00Z,account access,Password reset requested for account LC-36785.,13,False,web form,plus
TKT-02655,2025-02-22T11:01:00Z,refund status,Refund posting timeline question references LC-46306.,25,False,chat,standard
TKT-02964,2025-02-22T13:17:00Z,subscription change,Shopper requests a subscription change under LC-75490.,50,False,email,plus
TKT-02189,2025-02-22T17:20:00Z,refund status,Shopper requests refund status for LC-93130.,38,False,chat,guest
TKT-02325,2025-02-22T17:23:00Z,promotion question,Shopper questions campaign terms for promotion LC-33178.,46,False,chat,plus
TKT-01337,2025-02-22T18:41:00Z,refund status,Shopper cannot locate a processed refund under LC-85731.,38,False,chat,standard
TKT-00701,2025-02-22T20:23:00Z,account access,Shopper cannot access account LC-97098.,13,False,chat,guest
TKT-02454,2025-02-22T22:27:00Z,order tracking,Shopper requests tracking status for order LC-50423.,14,False,chat,guest
TKT-00229,2025-02-22T22:38:00Z,refund status,Refund posting timeline question references LC-59943.,19,False,web form,standard
TKT-02163,2025-02-22T22:44:00Z,return request,Shopper requests return instructions for order LC-94404.,25,False,phone,guest
TKT-02371,2025-02-22T22:52:00Z,refund status,Shopper requests refund status for LC-21605.,28,False,email,plus
TKT-01433,2025-02-23T01:04:00Z,subscription change,Shopper requests a subscription change under LC-47420.,48,False,chat,standard
TKT-02736,2025-02-23T01:50:00Z,account access,Password reset requested for account LC-14947.,17,False,chat,standard
TKT-02132,2025-02-23T02:26:00Z,order tracking,Shopper asks when shipment LC-33292 will arrive.,4,False,chat,guest
TKT-02809,2025-02-23T07:57:00Z,return request,Shopper requests a return label for LC-83720.,37,False,web form,guest
TKT-00747,2025-02-23T08:14:00Z,refund status,Refund posting timeline question references LC-32034.,58,True,email,standard
TKT-01845,2025-02-23T12:00:00Z,product question,Shopper asks about product specifications for LC-13037.,37,False,phone,plus
TKT-00910,2025-02-23T13:22:00Z,account access,Account lockout reported under LC-92422.,17,False,email,plus
TKT-02257,2025-02-23T14:58:00Z,order tracking,Tracking link question references order LC-81785.,10,False,chat,standard
TKT-01241,2025-02-23T17:39:00Z,return request,Shopper requests return instructions for order LC-20464.,34,False,phone,guest
TKT-02079,2025-02-23T18:10:00Z,order tracking,Tracking link question references order LC-88093.,12,False,phone,standard
TKT-00220,2025-02-23T18:36:00Z,product question,Shopper requests product-selection guidance under LC-60651.,79,True,chat,standard
TKT-00354,2025-02-23T20:37:00Z,return request,Return eligibility question references LC-16453.,48,False,phone,standard
TKT-00767,2025-02-23T21:39:00Z,account access,Password reset requested for account LC-20051.,14,False,email,guest
TKT-01693,2025-02-23T22:43:00Z,account access,Shopper cannot access account LC-65538.,10,False,chat,standard
TKT-02812,2025-02-23T23:38:00Z,refund status,Shopper cannot locate a processed refund under LC-90562.,12,False,chat,plus
TKT-01030,2025-02-24T00:51:00Z,refund status,Shopper requests refund status for LC-59435.,30,False,chat,standard
TKT-01853,2025-02-24T00:57:00Z,return request,Shopper requests a return label for LC-98325.,26,False,email,standard
TKT-01984,2025-02-24T02:05:00Z,subscription change,Subscription pause question references LC-45088.,42,False,chat,plus
TKT-00691,2025-02-24T04:20:00Z,refund status,Shopper requests refund status for LC-76043.,31,False,phone,plus
TKT-00915,2025-02-24T07:10:00Z,subscription change,Shopper requests a subscription change under LC-42865.,34,False,web form,standard
TKT-01127,2025-02-24T09:35:00Z,subscription change,Shopper asks about subscription cancellation for LC-71724.,34,False,chat,guest
TKT-00446,2025-02-24T09:58:00Z,fraud review,High-risk order review references LC-97053 and requires human handling.,213,True,email,standard
TKT-01544,2025-02-24T12:25:00Z,order tracking,Shopper asks when shipment LC-27982 will arrive.,3,False,phone,guest
TKT-01102,2025-02-24T15:55:00Z,refund status,Shopper cannot locate a processed refund under LC-32577.,73,True,phone,guest
TKT-02522,2025-02-24T16:58:00Z,return request,Shopper requests a return label for LC-65525.,34,False,email,plus
TKT-00121,2025-02-24T18:18:00Z,return request,Shopper requests return instructions for order LC-19232.,44,False,email,standard
TKT-02100,2025-02-24T20:37:00Z,order tracking,Shopper requests tracking status for order LC-41554.,11,False,chat,standard
TKT-00699,2025-02-24T21:31:00Z,order tracking,Shopper requests tracking status for order LC-65137.,11,False,chat,standard
TKT-00156,2025-02-25T00:37:00Z,order tracking,Shopper requests tracking status for order LC-73170.,12,False,web form,standard
TKT-02202,2025-02-25T01:51:00Z,order tracking,Shopper requests tracking status for order LC-54859.,8,False,phone,plus
TKT-00352,2025-02-25T02:14:00Z,order tracking,Tracking link question references order LC-76663.,3,False,web form,guest
TKT-00698,2025-02-25T02:56:00Z,order tracking,Tracking link question references order LC-46021.,3,False,chat,standard
TKT-00987,2025-02-25T03:24:00Z,return request,Shopper requests return instructions for order LC-67938.,29,False,email,guest
TKT-01135,2025-02-25T03:54:00Z,promotion question,Promotion eligibility exception references LC-44850.,23,False,phone,guest
TKT-01651,2025-02-25T04:01:00Z,order tracking,Shopper requests tracking status for order LC-56437.,8,False,chat,standard
TKT-02349,2025-02-25T04:03:00Z,return request,Return eligibility question references LC-42157.,51,True,phone,guest
TKT-00264,2025-02-25T05:56:00Z,return request,Shopper requests return instructions for order LC-84816.,20,False,phone,guest
TKT-02563,2025-02-25T06:28:00Z,order tracking,Tracking link question references order LC-69342.,5,False,chat,standard
TKT-02005,2025-02-25T06:38:00Z,order tracking,Tracking link question references order LC-79771.,10,False,email,standard
TKT-02782,2025-02-25T07:24:00Z,product question,Shopper requests product-selection guidance under LC-11908.,20,False,chat,standard
TKT-02921,2025-02-25T08:33:00Z,subscription change,Subscription pause question references LC-44522.,23,False,chat,guest
TKT-00301,2025-02-25T12:51:00Z,promotion question,Promotion eligibility exception references LC-25130.,22,False,web form,guest
TKT-00703,2025-02-25T14:02:00Z,subscription change,Shopper requests a subscription change under LC-39745.,91,True,email,guest
TKT-01522,2025-02-25T14:27:00Z,order tracking,Tracking link question references order LC-69395.,11,False,chat,standard
TKT-00392,2025-02-25T18:01:00Z,order tracking,Shopper requests tracking status for order LC-99210.,9,False,chat,standard
TKT-00058,2025-02-25T18:18:00Z,return request,Shopper requests a return label for LC-27865.,15,False,email,standard
TKT-00308,2025-02-25T19:21:00Z,order tracking,Shopper requests tracking status for order LC-58191.,8,False,email,standard
TKT-02321,2025-02-25T22:14:00Z,subscription change,Shopper asks about subscription cancellation for LC-76138.,27,False,email,guest
TKT-02447,2025-02-25T22:15:00Z,order tracking,Shopper asks when shipment LC-73796 will arrive.,13,False,email,guest
TKT-01940,2025-02-26T00:59:00Z,promotion question,Shopper questions campaign terms for promotion LC-25820.,38,True,phone,standard
TKT-02020,2025-02-26T04:00:00Z,fraud review,High-risk order review references LC-11524 and requires human handling.,126,True,email,guest
TKT-00473,2025-02-26T04:05:00Z,refund status,Shopper requests refund status for LC-17974.,24,False,web form,standard
TKT-02196,2025-02-26T04:08:00Z,order tracking,Tracking link question references order LC-39937.,14,False,chat,guest
TKT-01833,2025-02-26T05:03:00Z,refund status,Shopper requests refund status for LC-13855.,32,False,phone,plus
TKT-02585,2025-02-26T09:05:00Z,subscription change,Shopper requests a subscription change under LC-89957.,46,False,phone,standard
TKT-01115,2025-02-26T09:11:00Z,return request,Return eligibility question references LC-47216.,44,False,email,plus
TKT-00019,2025-02-26T09:36:00Z,order tracking,Shopper asks when shipment LC-21788 will arrive.,7,False,web form,standard
TKT-00825,2025-02-26T11:00:00Z,order tracking,Shopper requests tracking status for order LC-80703.,9,False,web form,standard
TKT-00646,2025-02-26T11:35:00Z,return request,Shopper requests return instructions for order LC-69417.,34,False,chat,guest
TKT-01591,2025-02-26T13:39:00Z,promotion question,Shopper questions campaign terms for promotion LC-84419.,30,False,phone,guest
TKT-01378,2025-02-26T14:29:00Z,refund status,Refund posting timeline question references LC-87356.,79,True,chat,standard
TKT-00594,2025-02-26T14:48:00Z,order tracking,Tracking link question references order LC-91670.,6,False,chat,guest
TKT-02452,2025-02-26T15:05:00Z,order tracking,Shopper requests tracking status for order LC-67385.,9,False,phone,guest
TKT-01874,2025-02-26T16:45:00Z,return request,Shopper requests a return label for LC-80625.,18,False,web form,standard
TKT-02732,2025-02-26T18:37:00Z,promotion question,Shopper questions campaign terms for promotion LC-93188.,78,True,email,guest
TKT-00102,2025-02-27T01:43:00Z,account access,Password reset requested for account LC-63054.,7,False,phone,standard
TKT-01840,2025-02-27T01:50:00Z,order tracking,Shopper requests tracking status for order LC-43434.,7,False,chat,standard
TKT-02104,2025-02-27T04:52:00Z,promotion question,Shopper questions campaign terms for promotion LC-33765.,49,False,chat,guest
TKT-00546,2025-02-27T07:01:00Z,return request,Shopper requests a return label for LC-79708.,50,False,web form,plus
TKT-01712,2025-02-27T08:25:00Z,account access,Account lockout reported under LC-23700.,9,False,phone,vip
TKT-01417,2025-02-27T09:18:00Z,order tracking,Shopper requests tracking status for order LC-89162.,12,False,chat,standard
TKT-00125,2025-02-27T09:55:00Z,order tracking,Tracking link question references order LC-18211.,3,False,chat,standard
TKT-02330,2025-02-27T11:30:00Z,account access,Account lockout reported under LC-70087.,17,False,phone,plus
TKT-01717,2025-02-27T12:55:00Z,refund status,Shopper cannot locate a processed refund under LC-91966.,13,False,email,vip
TKT-01082,2025-02-27T14:17:00Z,refund status,Shopper cannot locate a processed refund under LC-32707.,36,False,chat,standard
TKT-02593,2025-02-27T14:39:00Z,order tracking,Shopper asks when shipment LC-79505 will arrive.,5,False,email,standard
TKT-02290,2025-02-27T15:33:00Z,return request,Shopper requests return instructions for order LC-89398.,22,False,email,guest
TKT-02725,2025-02-27T17:42:00Z,return request,Shopper requests return instructions for order LC-37343.,46,False,web form,standard
TKT-01335,2025-02-27T18:04:00Z,return request,Shopper requests a return label for LC-67931.,46,False,phone,guest
TKT-01483,2025-02-27T18:18:00Z,order tracking,Tracking link question references order LC-90159.,5,False,chat,standard
TKT-01862,2025-02-27T18:35:00Z,return request,Shopper requests a return label for LC-45114.,40,False,chat,vip
TKT-02982,2025-02-27T20:58:00Z,product question,Shopper requests product-selection guidance under LC-76668.,49,True,chat,standard
TKT-02253,2025-02-27T21:04:00Z,order tracking,Shopper requests tracking status for order LC-44117.,8,False,web form,standard
TKT-02208,2025-02-28T01:29:00Z,refund status,Shopper requests refund status for LC-71007.,18,False,chat,guest
TKT-01518,2025-02-28T01:44:00Z,order tracking,Shopper asks when shipment LC-81883 will arrive.,5,False,chat,vip
TKT-00905,2025-02-28T02:57:00Z,return request,Return eligibility question references LC-76024.,45,True,phone,guest
TKT-00626,2025-02-28T03:43:00Z,account access,Password reset requested for account LC-33412.,16,False,web form,vip
TKT-01924,2025-02-28T06:50:00Z,order tracking,Shopper asks when shipment LC-51865 will arrive.,7,False,email,standard
TKT-01044,2025-02-28T06:55:00Z,promotion question,Promotion eligibility exception references LC-41276.,57,True,phone,standard
TKT-02769,2025-02-28T07:26:00Z,refund status,Refund posting timeline question references LC-25810.,16,False,chat,guest
TKT-02861,2025-02-28T08:38:00Z,order tracking,Tracking link question references order LC-46304.,7,False,web form,plus
TKT-02345,2025-02-28T09:28:00Z,refund status,Shopper cannot locate a processed refund under LC-81074.,79,True,email,plus
TKT-01852,2025-02-28T09:44:00Z,order tracking,Shopper requests tracking status for order LC-22275.,6,False,email,guest
TKT-02431,2025-02-28T10:27:00Z,refund status,Refund posting timeline question references LC-66749.,15,False,phone,standard
TKT-00142,2025-02-28T12:47:00Z,refund status,Shopper requests refund status for LC-44246.,31,False,phone,guest
TKT-00143,2025-02-28T13:19:00Z,order tracking,Tracking link question references order LC-70915.,4,False,chat,standard
TKT-01260,2025-02-28T15:32:00Z,refund status,Refund posting timeline question references LC-44626.,25,False,chat,standard
TKT-00583,2025-02-28T16:35:00Z,refund status,Shopper cannot locate a processed refund under LC-14157.,28,False,chat,guest
TKT-01658,2025-02-28T17:53:00Z,promotion question,Shopper questions campaign terms for promotion LC-49173.,23,False,web form,plus
TKT-02373,2025-02-28T18:05:00Z,account access,Password reset requested for account LC-36321.,11,False,chat,guest
TKT-01275,2025-02-28T18:37:00Z,return request,Shopper requests a return label for LC-61821.,42,False,email,plus
TKT-01922,2025-02-28T20:19:00Z,refund status,Shopper requests refund status for LC-34853.,25,False,email,vip
TKT-01854,2025-02-28T20:48:00Z,subscription change,Shopper requests a subscription change under LC-60935.,49,False,web form,standard
TKT-00949,2025-02-28T21:24:00Z,return request,Return eligibility question references LC-16801.,49,False,phone,guest
TKT-01180,2025-02-28T22:45:00Z,promotion question,Shopper reports a promotion did not apply under LC-11688.,53,False,web form,standard
TKT-02617,2025-03-01T00:25:00Z,refund status,Shopper cannot locate a processed refund under LC-92035.,18,False,chat,guest
TKT-02870,2025-03-01T09:02:00Z,return request,Shopper requests a return label for LC-83325.,21,False,web form,plus
TKT-00978,2025-03-01T09:49:00Z,order tracking,Shopper asks when shipment LC-66358 will arrive.,8,False,chat,standard
TKT-00689,2025-03-01T10:34:00Z,fraud review,Transaction review requires specialist approval under LC-44733.,179,True,phone,vip
TKT-01690,2025-03-01T13:18:00Z,account access,Account lockout reported under LC-13364.,18,False,phone,standard
TKT-01782,2025-03-01T13:47:00Z,product question,Shopper asks about product specifications for LC-13312.,51,False,web form,standard
TKT-00242,2025-03-01T13:48:00Z,order tracking,Shopper asks when shipment LC-64469 will arrive.,14,False,web form,guest
TKT-02804,2025-03-01T14:53:00Z,refund status,Refund posting timeline question references LC-83474.,15,False,chat,standard
TKT-02464,2025-03-01T15:16:00Z,order tracking,Shopper requests tracking status for order LC-36873.,11,False,phone,standard
TKT-01859,2025-03-01T17:02:00Z,order tracking,Shopper asks when shipment LC-49713 will arrive.,7,False,chat,standard
TKT-02938,2025-03-01T20:24:00Z,account access,Shopper cannot access account LC-95169.,12,False,phone,plus
TKT-02000,2025-03-01T21:29:00Z,promotion question,Shopper questions campaign terms for promotion LC-46237.,44,False,phone,guest
TKT-02894,2025-03-01T22:37:00Z,return request,Return eligibility question references LC-24234.,39,False,phone,plus
TKT-00213,2025-03-02T03:07:00Z,return request,Shopper requests return instructions for order LC-78257.,15,False,email,vip
TKT-00766,2025-03-02T04:04:00Z,return request,Shopper requests return instructions for order LC-99352.,64,True,phone,standard
TKT-00851,2025-03-02T04:19:00Z,refund status,Shopper cannot locate a processed refund under LC-89535.,24,False,chat,standard
TKT-01364,2025-03-02T04:54:00Z,return request,Shopper requests a return label for LC-85673.,26,False,chat,standard
TKT-00353,2025-03-02T05:02:00Z,account access,Shopper cannot access account LC-98692.,6,False,chat,standard
TKT-01226,2025-03-02T05:12:00Z,fraud review,High-risk order review references LC-30605 and requires human handling.,130,False,phone,standard
TKT-02960,2025-03-02T06:17:00Z,order tracking,Tracking link question references order LC-26944.,9,False,email,guest
TKT-01391,2025-03-02T08:51:00Z,order tracking,Shopper asks when shipment LC-23587 will arrive.,14,False,phone,standard
TKT-01865,2025-03-02T13:02:00Z,order tracking,Tracking link question references order LC-98479.,11,False,chat,plus
TKT-01724,2025-03-02T13:47:00Z,order tracking,Shopper requests tracking status for order LC-76414.,6,False,chat,plus
TKT-01981,2025-03-02T14:28:00Z,return request,Return eligibility question references LC-26814.,19,False,email,standard
TKT-01123,2025-03-02T17:54:00Z,fraud review,Shopper responds to a manual account-security review for LC-30390.,212,True,email,standard
TKT-00205,2025-03-02T23:57:00Z,order tracking,Shopper requests tracking status for order LC-86091.,13,False,chat,guest
TKT-00082,2025-03-03T00:51:00Z,fraud review,Transaction review requires specialist approval under LC-64640.,206,True,phone,plus
TKT-00540,2025-03-03T01:39:00Z,return request,Shopper requests a return label for LC-84183.,50,False,phone,guest
TKT-02098,2025-03-03T01:58:00Z,order tracking,Tracking link question references order LC-56159.,13,False,chat,plus
TKT-02356,2025-03-03T03:12:00Z,promotion question,Shopper reports a promotion did not apply under LC-74568.,55,False,chat,guest
TKT-01509,2025-03-03T03:30:00Z,return request,Shopper requests return instructions for order LC-57570.,17,False,web form,vip
TKT-00282,2025-03-03T06:31:00Z,return request,Return eligibility question references LC-57635.,15,False,web form,plus
TKT-01507,2025-03-03T07:03:00Z,account access,Shopper cannot access account LC-13436.,8,False,chat,plus
TKT-00014,2025-03-03T07:29:00Z,refund status,Refund posting timeline question references LC-12424.,31,False,phone,standard
TKT-00255,2025-03-03T09:47:00Z,order tracking,Tracking link question references order LC-78572.,11,False,chat,vip
TKT-01440,2025-03-03T12:43:00Z,refund status,Shopper requests refund status for LC-71736.,17,False,email,standard
TKT-02297,2025-03-03T13:54:00Z,return request,Shopper requests a return label for LC-80488.,31,False,email,guest
TKT-02772,2025-03-03T14:42:00Z,order tracking,Tracking link question references order LC-70101.,3,False,email,plus
TKT-00651,2025-03-03T17:51:00Z,refund status,Refund posting timeline question references LC-37976.,12,False,email,standard
TKT-01065,2025-03-03T18:34:00Z,order tracking,Shopper asks when shipment LC-37925 will arrive.,13,False,email,guest
TKT-02148,2025-03-03T20:31:00Z,account access,Password reset requested for account LC-75946.,14,False,phone,guest
TKT-00726,2025-03-03T21:37:00Z,return request,Shopper requests return instructions for order LC-90164.,15,False,chat,standard
TKT-01545,2025-03-03T21:51:00Z,return request,Shopper requests a return label for LC-69659.,76,True,phone,plus
TKT-00368,2025-03-03T22:57:00Z,refund status,Shopper cannot locate a processed refund under LC-81689.,36,False,email,standard
TKT-00259,2025-03-03T23:55:00Z,refund status,Shopper requests refund status for LC-92785.,29,False,chat,plus
TKT-02927,2025-03-04T02:35:00Z,order tracking,Shopper asks when shipment LC-12262 will arrive.,3,False,email,vip
TKT-01283,2025-03-04T03:01:00Z,account access,Shopper cannot access account LC-33103.,8,False,web form,standard
TKT-02446,2025-03-04T04:12:00Z,return request,Shopper requests a return label for LC-35628.,21,False,web form,standard
TKT-02158,2025-03-04T04:23:00Z,order tracking,Tracking link question references order LC-53304.,6,False,chat,guest
TKT-01370,2025-03-04T04:25:00Z,order tracking,Tracking link question references order LC-69310.,4,False,phone,standard
TKT-01566,2025-03-04T04:31:00Z,order tracking,Shopper asks when shipment LC-43209 will arrive.,8,False,chat,plus
TKT-00914,2025-03-04T04:43:00Z,fraud review,Shopper responds to a manual account-security review for LC-47512.,93,False,email,vip
TKT-02557,2025-03-04T05:21:00Z,refund status,Shopper cannot locate a processed refund under LC-44118.,30,False,chat,standard
TKT-00893,2025-03-04T06:16:00Z,order tracking,Shopper asks when shipment LC-81823 will arrive.,14,False,web form,standard
TKT-02850,2025-03-04T07:09:00Z,return request,Return eligibility question references LC-47322.,21,False,email,standard
TKT-02760,2025-03-04T08:13:00Z,order tracking,Shopper asks when shipment LC-77521 will arrive.,5,False,phone,standard
TKT-01729,2025-03-04T09:28:00Z,refund status,Refund posting timeline question references LC-95252.,26,False,email,standard
TKT-00295,2025-03-04T11:23:00Z,promotion question,Shopper questions campaign terms for promotion LC-22249.,93,True,phone,plus
TKT-00742,2025-03-04T11:49:00Z,refund status,Shopper cannot locate a processed refund under LC-45847.,26,False,email,plus
TKT-02931,2025-03-04T12:38:00Z,return request,Return eligibility question references LC-64616.,19,False,chat,standard
TKT-01266,2025-03-04T13:04:00Z,account access,Account lockout reported under LC-18039.,16,False,web form,standard
TKT-01420,2025-03-04T14:38:00Z,fraud review,Transaction review requires specialist approval under LC-59187.,174,True,phone,standard
TKT-00122,2025-03-04T15:43:00Z,fraud review,Transaction review requires specialist approval under LC-35452.,136,True,phone,plus
TKT-00996,2025-03-04T15:59:00Z,order tracking,Tracking link question references order LC-73487.,12,False,chat,standard
TKT-01886,2025-03-04T17:42:00Z,fraud review,Transaction review requires specialist approval under LC-23729.,135,False,phone,standard
TKT-01682,2025-03-04T18:20:00Z,product question,Shopper asks about product specifications for LC-56046.,50,False,email,plus
TKT-01775,2025-03-04T21:10:00Z,subscription change,Shopper requests a subscription change under LC-76662.,60,True,phone,guest
TKT-01822,2025-03-05T01:14:00Z,return request,Shopper requests return instructions for order LC-20749.,16,False,email,plus
TKT-01106,2025-03-05T02:19:00Z,order tracking,Shopper requests tracking status for order LC-43762.,11,False,phone,standard
TKT-00020,2025-03-05T02:53:00Z,order tracking,Shopper asks when shipment LC-56359 will arrive.,13,False,phone,guest
TKT-02481,2025-03-05T03:28:00Z,return request,Return eligibility question references LC-73553.,17,False,phone,standard
TKT-00530,2025-03-05T04:27:00Z,return request,Return eligibility question references LC-89722.,49,False,phone,plus
TKT-01375,2025-03-05T08:44:00Z,order tracking,Shopper requests tracking status for order LC-41410.,8,False,web form,standard
TKT-01520,2025-03-05T08:51:00Z,order tracking,Shopper asks when shipment LC-86487 will arrive.,3,False,chat,standard
TKT-01296,2025-03-05T12:22:00Z,refund status,Shopper requests refund status for LC-68008.,31,False,phone,standard
TKT-00887,2025-03-05T13:42:00Z,account access,Password reset requested for account LC-32395.,11,False,web form,guest
TKT-01054,2025-03-05T14:06:00Z,order tracking,Shopper requests tracking status for order LC-21140.,14,False,chat,vip
TKT-02242,2025-03-05T16:05:00Z,account access,Account lockout reported under LC-79851.,7,False,phone,standard
TKT-01235,2025-03-05T16:07:00Z,return request,Shopper requests a return label for LC-60760.,24,False,phone,standard
TKT-01153,2025-03-05T17:31:00Z,return request,Return eligibility question references LC-12754.,44,False,phone,vip
TKT-02606,2025-03-05T18:56:00Z,return request,Shopper requests return instructions for order LC-58343.,34,False,phone,guest
TKT-01752,2025-03-05T19:40:00Z,refund status,Refund posting timeline question references LC-75506.,31,False,chat,standard
TKT-00624,2025-03-05T20:25:00Z,promotion question,Shopper questions campaign terms for promotion LC-95525.,43,False,web form,standard
TKT-01774,2025-03-05T23:37:00Z,order tracking,Shopper requests tracking status for order LC-34266.,9,False,phone,standard
TKT-01179,2025-03-06T00:32:00Z,account access,Account lockout reported under LC-49749.,16,False,web form,standard
TKT-01959,2025-03-06T02:13:00Z,order tracking,Tracking link question references order LC-35769.,3,False,email,standard
TKT-01524,2025-03-06T04:16:00Z,return request,Shopper requests a return label for LC-75075.,28,False,email,guest
TKT-00679,2025-03-06T04:25:00Z,account access,Password reset requested for account LC-95727.,16,False,chat,standard
TKT-02357,2025-03-06T04:37:00Z,order tracking,Tracking link question references order LC-46708.,7,False,web form,guest
TKT-01753,2025-03-06T05:51:00Z,refund status,Shopper requests refund status for LC-37309.,29,False,email,standard
TKT-02595,2025-03-06T09:39:00Z,subscription change,Subscription pause question references LC-80645.,45,False,email,standard
TKT-02245,2025-03-06T10:03:00Z,refund status,Shopper requests refund status for LC-52921.,18,False,phone,guest
TKT-01093,2025-03-06T13:57:00Z,promotion question,Shopper reports a promotion did not apply under LC-34005.,28,False,web form,guest
TKT-00662,2025-03-06T14:04:00Z,refund status,Shopper requests refund status for LC-62438.,36,False,chat,standard
TKT-02010,2025-03-06T17:13:00Z,subscription change,Shopper requests a subscription change under LC-90045.,18,False,phone,guest
TKT-01974,2025-03-06T18:33:00Z,product question,Shopper asks about product specifications for LC-38662.,22,False,web form,plus
TKT-00543,2025-03-06T20:14:00Z,order tracking,Tracking link question references order LC-18261.,14,False,web form,vip
TKT-00078,2025-03-06T20:31:00Z,product question,Shopper requests product-selection guidance under LC-62554.,50,False,email,vip
TKT-01639,2025-03-06T21:12:00Z,order tracking,Shopper asks when shipment LC-23811 will arrive.,9,False,web form,plus
TKT-02786,2025-03-07T04:38:00Z,return request,Shopper requests a return label for LC-46808.,39,False,phone,standard
TKT-01017,2025-03-07T12:55:00Z,refund status,Shopper cannot locate a processed refund under LC-40210.,17,False,phone,plus
TKT-02998,2025-03-07T13:04:00Z,fraud review,Transaction review requires specialist approval under LC-15955.,163,False,phone,standard
TKT-00267,2025-03-07T17:22:00Z,product question,Shopper requests product-selection guidance under LC-10305.,65,True,chat,standard
TKT-00880,2025-03-07T20:24:00Z,product question,Shopper asks about product specifications for LC-94823.,21,False,web form,guest
TKT-00784,2025-03-07T20:38:00Z,return request,Shopper requests return instructions for order LC-83833.,26,False,email,guest
TKT-00588,2025-03-07T21:21:00Z,return request,Shopper requests a return label for LC-94538.,82,True,email,plus
TKT-02337,2025-03-07T22:35:00Z,order tracking,Tracking link question references order LC-63461.,13,False,chat,standard
TKT-00148,2025-03-08T00:00:00Z,order tracking,Shopper requests tracking status for order LC-22958.,3,False,chat,plus
TKT-01381,2025-03-08T00:12:00Z,refund status,Shopper cannot locate a processed refund under LC-19873.,29,False,phone,standard
TKT-02414,2025-03-08T00:22:00Z,order tracking,Tracking link question references order LC-88996.,6,False,chat,plus
TKT-02264,2025-03-08T01:32:00Z,refund status,Shopper cannot locate a processed refund under LC-74698.,18,False,chat,standard
TKT-02818,2025-03-08T01:57:00Z,order tracking,Tracking link question references order LC-75652.,4,False,chat,standard
TKT-01163,2025-03-08T02:25:00Z,product question,Product compatibility question references LC-10804.,51,False,chat,standard
TKT-02545,2025-03-08T07:04:00Z,return request,Shopper requests return instructions for order LC-73718.,26,False,phone,guest
TKT-00141,2025-03-08T07:59:00Z,order tracking,Shopper asks when shipment LC-51545 will arrive.,12,False,web form,guest
TKT-00386,2025-03-08T10:11:00Z,order tracking,Shopper requests tracking status for order LC-84250.,13,False,chat,standard
TKT-01038,2025-03-08T10:41:00Z,subscription change,Subscription pause question references LC-78450.,78,True,phone,standard
TKT-01490,2025-03-08T13:54:00Z,order tracking,Shopper requests tracking status for order LC-71650.,13,False,chat,standard
TKT-01233,2025-03-08T17:14:00Z,return request,Shopper requests a return label for LC-46552.,48,False,web form,guest
TKT-00817,2025-03-08T18:04:00Z,account access,Account lockout reported under LC-14957.,10,False,web form,guest
TKT-02953,2025-03-08T18:36:00Z,promotion question,Promotion eligibility exception references LC-50209.,17,False,phone,standard
TKT-02912,2025-03-08T21:54:00Z,return request,Return eligibility question references LC-25578.,46,True,phone,standard
TKT-00828,2025-03-09T01:38:00Z,fraud review,High-risk order review references LC-95827 and requires human handling.,196,True,phone,guest
TKT-00737,2025-03-09T03:06:00Z,refund status,Shopper requests refund status for LC-18961.,28,False,web form,standard
TKT-02228,2025-03-09T04:46:00Z,promotion question,Shopper reports a promotion did not apply under LC-34736.,40,False,web form,guest
TKT-02167,2025-03-09T06:26:00Z,return request,Shopper requests a return label for LC-42679.,25,False,phone,standard
TKT-00319,2025-03-09T06:45:00Z,order tracking,Shopper requests tracking status for order LC-54651.,9,False,chat,standard
TKT-02711,2025-03-09T07:48:00Z,subscription change,Subscription pause question references LC-22092.,34,False,chat,standard
TKT-02519,2025-03-09T08:23:00Z,promotion question,Shopper questions campaign terms for promotion LC-28299.,32,False,chat,vip
TKT-00858,2025-03-09T08:38:00Z,account access,Shopper cannot access account LC-51275.,7,False,chat,standard
TKT-01578,2025-03-09T09:31:00Z,account access,Shopper cannot access account LC-74888.,12,False,web form,vip
TKT-01558,2025-03-09T09:56:00Z,order tracking,Shopper requests tracking status for order LC-96298.,6,False,email,guest
TKT-02406,2025-03-09T12:06:00Z,refund status,Shopper cannot locate a processed refund under LC-39220.,36,False,email,guest
TKT-01911,2025-03-09T12:45:00Z,account access,Password reset requested for account LC-75364.,13,False,chat,guest
TKT-00886,2025-03-09T12:47:00Z,refund status,Refund posting timeline question references LC-21909.,37,False,phone,vip
TKT-01669,2025-03-09T13:30:00Z,account access,Password reset requested for account LC-41056.,11,False,chat,standard
TKT-02777,2025-03-09T13:38:00Z,order tracking,Shopper asks when shipment LC-28713 will arrive.,9,False,email,standard
TKT-00244,2025-03-09T14:51:00Z,order tracking,Shopper requests tracking status for order LC-79951.,11,False,chat,vip
TKT-00155,2025-03-09T15:28:00Z,account access,Shopper cannot access account LC-74703.,7,False,web form,guest
TKT-02980,2025-03-09T19:16:00Z,order tracking,Shopper asks when shipment LC-15682 will arrive.,3,False,chat,plus
TKT-00573,2025-03-09T20:04:00Z,return request,Return eligibility question references LC-27264.,26,False,phone,standard
TKT-00908,2025-03-09T20:45:00Z,account access,Account lockout reported under LC-74216.,10,False,chat,plus
TKT-01081,2025-03-09T21:35:00Z,refund status,Shopper requests refund status for LC-64494.,21,False,chat,standard
TKT-02003,2025-03-10T02:57:00Z,order tracking,Tracking link question references order LC-49392.,9,False,chat,standard
TKT-00637,2025-03-10T03:28:00Z,order tracking,Shopper requests tracking status for order LC-21563.,5,False,email,standard
TKT-02232,2025-03-10T03:45:00Z,order tracking,Tracking link question references order LC-31012.,9,False,chat,standard
TKT-00592,2025-03-10T03:51:00Z,promotion question,Shopper reports a promotion did not apply under LC-23133.,44,False,chat,standard
TKT-02047,2025-03-10T04:54:00Z,order tracking,Tracking link question references order LC-18088.,56,True,chat,standard
TKT-02385,2025-03-10T05:05:00Z,subscription change,Shopper requests a subscription change under LC-26321.,91,True,chat,plus
TKT-00170,2025-03-10T13:09:00Z,order tracking,Tracking link question references order LC-11272.,13,False,chat,standard
TKT-00174,2025-03-10T15:17:00Z,fraud review,Transaction review requires specialist approval under LC-78964.,127,True,email,vip
TKT-00695,2025-03-10T15:55:00Z,refund status,Shopper cannot locate a processed refund under LC-52874.,80,True,email,standard
TKT-02449,2025-03-10T16:31:00Z,subscription change,Shopper asks about subscription cancellation for LC-99645.,35,False,email,guest
TKT-01274,2025-03-10T18:07:00Z,refund status,Refund posting timeline question references LC-38560.,26,False,phone,vip
TKT-00541,2025-03-10T18:22:00Z,order tracking,Tracking link question references order LC-54670.,4,False,chat,plus
TKT-02218,2025-03-11T02:01:00Z,refund status,Shopper requests refund status for LC-66976.,36,False,email,plus
TKT-02650,2025-03-11T03:54:00Z,order tracking,Tracking link question references order LC-65669.,14,False,email,plus
TKT-00961,2025-03-11T04:17:00Z,order tracking,Shopper asks when shipment LC-37619 will arrive.,5,False,chat,standard
TKT-02217,2025-03-11T04:48:00Z,return request,Shopper requests a return label for LC-30224.,43,False,email,standard
TKT-02466,2025-03-11T06:25:00Z,account access,Password reset requested for account LC-11113.,11,False,chat,standard
TKT-02137,2025-03-11T07:17:00Z,order tracking,Tracking link question references order LC-51103.,10,False,chat,standard
TKT-02902,2025-03-11T08:03:00Z,promotion question,Shopper reports a promotion did not apply under LC-17816.,65,True,chat,guest
TKT-02462,2025-03-11T09:14:00Z,subscription change,Shopper asks about subscription cancellation for LC-47257.,42,True,chat,standard
TKT-01001,2025-03-11T09:57:00Z,promotion question,Shopper questions campaign terms for promotion LC-97880.,26,False,web form,plus
TKT-00988,2025-03-11T10:42:00Z,subscription change,Shopper asks about subscription cancellation for LC-12783.,42,False,phone,standard
TKT-02171,2025-03-11T11:12:00Z,return request,Shopper requests a return label for LC-55699.,23,False,chat,standard
TKT-01331,2025-03-11T11:38:00Z,order tracking,Shopper requests tracking status for order LC-86279.,14,False,chat,standard
TKT-02992,2025-03-11T16:42:00Z,order tracking,Shopper asks when shipment LC-82579 will arrive.,6,False,email,standard
TKT-02352,2025-03-11T16:59:00Z,subscription change,Subscription pause question references LC-40114.,25,False,chat,plus
TKT-01069,2025-03-11T17:01:00Z,product question,Shopper asks about product specifications for LC-61144.,54,False,web form,guest
TKT-00347,2025-03-11T17:22:00Z,promotion question,Promotion eligibility exception references LC-73352.,39,False,web form,standard
TKT-00724,2025-03-11T17:24:00Z,account access,Shopper cannot access account LC-60282.,17,False,web form,standard
TKT-00350,2025-03-11T19:07:00Z,refund status,Shopper cannot locate a processed refund under LC-88616.,17,False,email,plus
TKT-02391,2025-03-11T23:00:00Z,return request,Return eligibility question references LC-36556.,26,False,chat,guest
TKT-02973,2025-03-12T00:24:00Z,promotion question,Shopper reports a promotion did not apply under LC-78980.,34,False,web form,guest
TKT-02480,2025-03-12T01:22:00Z,order tracking,Shopper requests tracking status for order LC-94419.,8,False,chat,standard
TKT-02381,2025-03-12T03:47:00Z,return request,Shopper requests return instructions for order LC-57962.,39,False,phone,standard
TKT-02643,2025-03-12T04:39:00Z,refund status,Shopper requests refund status for LC-41408.,24,False,email,standard
TKT-02394,2025-03-12T06:15:00Z,return request,Shopper requests a return label for LC-64327.,17,False,phone,guest
TKT-00985,2025-03-12T11:04:00Z,order tracking,Shopper asks when shipment LC-72973 will arrive.,11,False,email,standard
TKT-01878,2025-03-12T20:16:00Z,product question,Shopper asks about product specifications for LC-51540.,50,False,chat,guest
TKT-01937,2025-03-12T20:16:00Z,order tracking,Tracking link question references order LC-91309.,3,False,chat,standard
TKT-02498,2025-03-13T00:19:00Z,order tracking,Tracking link question references order LC-50589.,8,False,phone,standard
TKT-01872,2025-03-13T01:49:00Z,order tracking,Tracking link question references order LC-44062.,6,False,web form,standard
TKT-01856,2025-03-13T02:55:00Z,order tracking,Shopper requests tracking status for order LC-98904.,3,False,chat,standard
TKT-00811,2025-03-13T04:43:00Z,fraud review,Shopper responds to a manual account-security review for LC-18801.,152,True,phone,guest
TKT-01897,2025-03-13T05:52:00Z,return request,Return eligibility question references LC-23289.,25,False,phone,guest
TKT-01359,2025-03-13T07:11:00Z,return request,Shopper requests return instructions for order LC-29393.,29,False,phone,standard
TKT-00475,2025-03-13T07:35:00Z,refund status,Shopper requests refund status for LC-15171.,27,False,web form,guest
TKT-00538,2025-03-13T10:23:00Z,order tracking,Tracking link question references order LC-54023.,14,False,email,guest
TKT-01989,2025-03-13T11:35:00Z,account access,Account lockout reported under LC-83233.,6,False,phone,standard
TKT-00201,2025-03-13T12:42:00Z,refund status,Shopper requests refund status for LC-26144.,31,False,chat,standard
TKT-00550,2025-03-13T13:14:00Z,order tracking,Shopper requests tracking status for order LC-14483.,7,False,chat,plus
TKT-02123,2025-03-13T14:26:00Z,return request,Return eligibility question references LC-38476.,25,False,phone,guest
TKT-00872,2025-03-13T16:16:00Z,return request,Return eligibility question references LC-47521.,49,False,web form,guest
TKT-01915,2025-03-13T16:59:00Z,refund status,Shopper requests refund status for LC-28204.,33,False,chat,plus
TKT-00685,2025-03-13T17:54:00Z,promotion question,Shopper questions campaign terms for promotion LC-48688.,49,False,email,plus
TKT-02144,2025-03-13T18:56:00Z,product question,Product compatibility question references LC-85174.,17,False,web form,guest
TKT-02194,2025-03-13T20:23:00Z,account access,Password reset requested for account LC-87505.,7,False,email,guest
TKT-00994,2025-03-13T21:35:00Z,return request,Shopper requests a return label for LC-67087.,18,False,phone,standard
TKT-02180,2025-03-13T22:12:00Z,order tracking,Shopper requests tracking status for order LC-22159.,10,False,chat,guest
TKT-00048,2025-03-14T01:28:00Z,promotion question,Promotion eligibility exception references LC-54018.,35,False,chat,plus
TKT-02310,2025-03-14T01:30:00Z,order tracking,Shopper requests tracking status for order LC-94735.,8,False,chat,guest
TKT-01996,2025-03-14T03:45:00Z,order tracking,Tracking link question references order LC-90179.,5,False,web form,guest
TKT-02053,2025-03-14T04:21:00Z,account access,Shopper cannot access account LC-82860.,18,False,chat,guest
TKT-01492,2025-03-14T04:54:00Z,return request,Shopper requests return instructions for order LC-10327.,43,False,phone,plus
TKT-01099,2025-03-14T06:14:00Z,refund status,Refund posting timeline question references LC-95457.,31,False,email,standard
TKT-00754,2025-03-14T07:03:00Z,account access,Password reset requested for account LC-98159.,4,False,web form,standard
TKT-02475,2025-03-14T07:46:00Z,promotion question,Shopper reports a promotion did not apply under LC-21436.,44,False,phone,standard
TKT-00514,2025-03-14T08:00:00Z,subscription change,Shopper asks about subscription cancellation for LC-59286.,39,False,email,standard
TKT-01881,2025-03-14T08:42:00Z,account access,Password reset requested for account LC-80383.,4,False,chat,vip
TKT-02635,2025-03-14T11:55:00Z,subscription change,Shopper asks about subscription cancellation for LC-68604.,17,False,chat,guest
TKT-02181,2025-03-14T14:13:00Z,subscription change,Subscription pause question references LC-61304.,46,False,web form,guest
TKT-01873,2025-03-14T17:54:00Z,refund status,Shopper cannot locate a processed refund under LC-59155.,69,True,email,plus
TKT-00002,2025-03-14T20:13:00Z,fraud review,Transaction review requires specialist approval under LC-72258.,144,True,phone,plus
TKT-01966,2025-03-14T21:57:00Z,promotion question,Shopper questions campaign terms for promotion LC-94067.,21,False,chat,standard
TKT-02316,2025-03-14T22:38:00Z,order tracking,Shopper requests tracking status for order LC-10184.,8,False,web form,guest
TKT-02518,2025-03-14T23:51:00Z,promotion question,Shopper reports a promotion did not apply under LC-46836.,58,True,phone,guest
TKT-02417,2025-03-15T00:50:00Z,order tracking,Shopper asks when shipment LC-26215 will arrive.,9,False,email,standard
TKT-02052,2025-03-15T01:38:00Z,order tracking,Shopper asks when shipment LC-23926 will arrive.,7,False,phone,plus
TKT-01280,2025-03-15T02:02:00Z,account access,Password reset requested for account LC-79429.,7,False,email,standard
TKT-01409,2025-03-15T03:00:00Z,promotion question,Promotion eligibility exception references LC-90158.,93,True,chat,guest
TKT-01531,2025-03-15T04:32:00Z,order tracking,Shopper requests tracking status for order LC-66368.,10,False,phone,standard
TKT-00677,2025-03-15T06:23:00Z,account access,Password reset requested for account LC-70206.,9,False,chat,guest
TKT-02823,2025-03-15T06:55:00Z,return request,Return eligibility question references LC-14809.,35,False,phone,standard
TKT-02888,2025-03-15T09:55:00Z,account access,Shopper cannot access account LC-31267.,10,False,phone,plus
TKT-00410,2025-03-15T10:39:00Z,order tracking,Shopper asks when shipment LC-10636 will arrive.,8,False,chat,plus
TKT-00780,2025-03-15T11:56:00Z,refund status,Shopper cannot locate a processed refund under LC-12554.,14,False,chat,standard
TKT-00686,2025-03-15T12:16:00Z,refund status,Refund posting timeline question references LC-67255.,19,False,phone,vip
TKT-00045,2025-03-15T12:45:00Z,account access,Shopper cannot access account LC-10645.,5,False,chat,plus
TKT-01707,2025-03-15T16:40:00Z,promotion question,Promotion eligibility exception references LC-71626.,16,False,chat,guest
TKT-00922,2025-03-15T18:12:00Z,refund status,Shopper requests refund status for LC-91090.,15,False,phone,standard
TKT-00253,2025-03-15T20:55:00Z,return request,Shopper requests return instructions for order LC-42333.,42,False,phone,standard
TKT-00111,2025-03-15T21:32:00Z,return request,Shopper requests a return label for LC-77673.,30,False,phone,standard
TKT-00095,2025-03-15T23:30:00Z,order tracking,Shopper asks when shipment LC-18436 will arrive.,8,False,chat,standard
TKT-00630,2025-03-16T06:58:00Z,order tracking,Shopper asks when shipment LC-38419 will arrive.,4,False,chat,standard
TKT-02478,2025-03-16T09:16:00Z,account access,Account lockout reported under LC-20132.,7,False,phone,plus
TKT-02362,2025-03-16T10:38:00Z,return request,Shopper requests a return label for LC-10382.,50,False,web form,standard
TKT-01005,2025-03-16T10:51:00Z,refund status,Shopper requests refund status for LC-37224.,28,False,phone,plus
TKT-01883,2025-03-16T11:15:00Z,refund status,Shopper cannot locate a processed refund under LC-81968.,27,False,chat,standard
TKT-02515,2025-03-16T14:41:00Z,refund status,Refund posting timeline question references LC-61071.,35,False,phone,standard
TKT-00879,2025-03-16T14:49:00Z,account access,Shopper cannot access account LC-36507.,17,False,chat,vip
TKT-00227,2025-03-16T15:32:00Z,promotion question,Promotion eligibility exception references LC-97280.,17,False,chat,standard
TKT-02989,2025-03-16T15:53:00Z,order tracking,Shopper asks when shipment LC-70090 will arrive.,6,False,chat,guest
TKT-02009,2025-03-16T19:05:00Z,order tracking,Shopper requests tracking status for order LC-33030.,4,False,chat,standard
TKT-02128,2025-03-16T20:32:00Z,return request,Return eligibility question references LC-22719.,100,True,email,standard
TKT-01672,2025-03-16T22:59:00Z,refund status,Refund posting timeline question references LC-22449.,22,False,chat,standard
TKT-00631,2025-03-16T23:21:00Z,order tracking,Shopper asks when shipment LC-35643 will arrive.,10,False,chat,plus
TKT-02026,2025-03-17T01:10:00Z,return request,Shopper requests a return label for LC-50924.,27,False,phone,plus
TKT-01870,2025-03-17T05:57:00Z,return request,Shopper requests a return label for LC-33358.,45,False,phone,standard
TKT-02715,2025-03-17T06:31:00Z,order tracking,Tracking link question references order LC-54147.,12,False,chat,standard
TKT-01885,2025-03-17T07:08:00Z,return request,Return eligibility question references LC-84854.,34,False,phone,guest
TKT-00776,2025-03-17T07:13:00Z,refund status,Shopper cannot locate a processed refund under LC-74727.,21,False,web form,plus
TKT-01414,2025-03-17T08:29:00Z,order tracking,Tracking link question references order LC-95477.,4,False,phone,guest
TKT-02624,2025-03-17T08:45:00Z,order tracking,Tracking link question references order LC-64721.,3,False,chat,standard
TKT-02388,2025-03-17T10:22:00Z,subscription change,Subscription pause question references LC-16709.,30,False,email,guest
TKT-01423,2025-03-17T11:18:00Z,return request,Return eligibility question references LC-67752.,43,False,phone,standard
TKT-00946,2025-03-17T13:05:00Z,refund status,Shopper cannot locate a processed refund under LC-86154.,34,False,web form,plus
TKT-00182,2025-03-17T13:08:00Z,account access,Shopper cannot access account LC-90289.,11,False,web form,plus
TKT-02159,2025-03-17T13:29:00Z,order tracking,Shopper requests tracking status for order LC-50593.,4,False,chat,guest
TKT-00599,2025-03-17T14:39:00Z,order tracking,Shopper asks when shipment LC-62069 will arrive.,34,True,web form,plus
TKT-02897,2025-03-17T15:09:00Z,account access,Account lockout reported under LC-53379.,8,False,web form,guest
TKT-00003,2025-03-17T17:15:00Z,order tracking,Tracking link question references order LC-68494.,10,False,web form,plus
TKT-01668,2025-03-17T17:21:00Z,order tracking,Tracking link question references order LC-59934.,8,False,chat,standard
TKT-02970,2025-03-17T23:53:00Z,refund status,Shopper cannot locate a processed refund under LC-94905.,36,False,web form,standard
TKT-02620,2025-03-18T00:09:00Z,return request,Shopper requests a return label for LC-19270.,34,True,phone,standard
TKT-02846,2025-03-18T01:01:00Z,product question,Shopper requests product-selection guidance under LC-85131.,48,False,chat,plus
TKT-01582,2025-03-18T01:37:00Z,order tracking,Shopper asks when shipment LC-90450 will arrive.,14,False,chat,standard
TKT-00040,2025-03-18T05:46:00Z,return request,Shopper requests a return label for LC-89140.,45,False,phone,standard
TKT-01689,2025-03-18T10:05:00Z,promotion question,Promotion eligibility exception references LC-40959.,25,False,email,standard
TKT-02915,2025-03-18T11:28:00Z,order tracking,Tracking link question references order LC-91161.,6,False,chat,guest
TKT-00735,2025-03-18T11:54:00Z,return request,Shopper requests a return label for LC-72674.,17,False,phone,standard
TKT-01679,2025-03-18T13:59:00Z,order tracking,Shopper asks when shipment LC-30818 will arrive.,6,False,email,standard
TKT-02013,2025-03-18T15:07:00Z,order tracking,Shopper requests tracking status for order LC-93277.,7,False,chat,standard
TKT-02488,2025-03-18T15:25:00Z,refund status,Shopper cannot locate a processed refund under LC-47366.,34,False,chat,vip
TKT-00338,2025-03-18T16:54:00Z,refund status,Shopper requests refund status for LC-30292.,29,False,chat,plus
TKT-00836,2025-03-18T19:12:00Z,promotion question,Shopper reports a promotion did not apply under LC-75646.,26,False,chat,standard
TKT-02408,2025-03-18T19:20:00Z,order tracking,Tracking link question references order LC-75876.,6,False,chat,plus
TKT-01484,2025-03-18T22:07:00Z,order tracking,Tracking link question references order LC-57675.,11,False,chat,vip
TKT-02546,2025-03-19T04:25:00Z,order tracking,Shopper requests tracking status for order LC-92918.,3,False,chat,plus
TKT-02542,2025-03-19T04:46:00Z,account access,Password reset requested for account LC-74843.,12,False,web form,guest
TKT-00297,2025-03-19T09:08:00Z,return request,Return eligibility question references LC-90790.,15,False,web form,standard
TKT-01683,2025-03-19T10:06:00Z,order tracking,Shopper requests tracking status for order LC-51263.,3,False,chat,plus
TKT-00224,2025-03-19T12:13:00Z,fraud review,Transaction review requires specialist approval under LC-82556.,152,True,phone,plus
TKT-00528,2025-03-19T14:45:00Z,promotion question,Shopper reports a promotion did not apply under LC-64204.,41,False,phone,guest
TKT-00160,2025-03-19T16:09:00Z,product question,Shopper requests product-selection guidance under LC-86301.,34,False,phone,guest
TKT-01129,2025-03-19T16:38:00Z,subscription change,Shopper asks about subscription cancellation for LC-57880.,16,False,phone,guest
TKT-01120,2025-03-19T16:48:00Z,return request,Shopper requests a return label for LC-27006.,66,True,phone,standard
TKT-02198,2025-03-19T16:48:00Z,account access,Account lockout reported under LC-85382.,4,False,chat,standard
TKT-02708,2025-03-19T20:41:00Z,subscription change,Shopper asks about subscription cancellation for LC-36289.,44,False,web form,standard
TKT-02739,2025-03-19T23:17:00Z,subscription change,Subscription pause question references LC-14395.,20,False,chat,standard
TKT-02955,2025-03-20T02:21:00Z,refund status,Shopper cannot locate a processed refund under LC-56451.,26,False,chat,guest
TKT-02456,2025-03-20T09:34:00Z,order tracking,Shopper requests tracking status for order LC-56502.,4,False,chat,standard
TKT-00128,2025-03-20T09:36:00Z,return request,Shopper requests return instructions for order LC-65936.,48,True,web form,guest
TKT-02014,2025-03-20T10:26:00Z,promotion question,Promotion eligibility exception references LC-53657.,34,False,phone,standard
TKT-01918,2025-03-20T14:57:00Z,order tracking,Shopper requests tracking status for order LC-83735.,10,False,chat,standard
TKT-02212,2025-03-20T17:29:00Z,return request,Shopper requests a return label for LC-77026.,22,False,web form,standard
TKT-02183,2025-03-20T18:29:00Z,return request,Shopper requests a return label for LC-18571.,31,False,email,standard
TKT-00756,2025-03-20T22:18:00Z,subscription change,Shopper asks about subscription cancellation for LC-45437.,37,False,email,guest
TKT-00916,2025-03-20T22:44:00Z,product question,Shopper asks about product specifications for LC-42998.,51,False,chat,standard
TKT-01819,2025-03-21T02:56:00Z,return request,Shopper requests a return label for LC-81285.,46,False,phone,standard
TKT-00805,2025-03-21T06:42:00Z,refund status,Shopper cannot locate a processed refund under LC-48259.,29,False,phone,vip
TKT-01548,2025-03-21T09:00:00Z,return request,Return eligibility question references LC-78955.,24,False,web form,guest
TKT-02302,2025-03-21T09:29:00Z,promotion question,Promotion eligibility exception references LC-71004.,23,False,phone,standard
TKT-00807,2025-03-21T10:31:00Z,order tracking,Shopper requests tracking status for order LC-14520.,4,False,chat,guest
TKT-02978,2025-03-21T11:25:00Z,refund status,Shopper cannot locate a processed refund under LC-72918.,20,False,phone,guest
TKT-01147,2025-03-21T13:17:00Z,promotion question,Shopper reports a promotion did not apply under LC-43325.,38,False,phone,plus
TKT-00361,2025-03-21T14:47:00Z,fraud review,High-risk order review references LC-45012 and requires human handling.,187,True,email,standard
TKT-01581,2025-03-21T16:01:00Z,order tracking,Shopper asks when shipment LC-89649 will arrive.,10,False,email,guest
TKT-02358,2025-03-21T17:01:00Z,return request,Shopper requests a return label for LC-17840.,46,False,phone,guest
TKT-02589,2025-03-21T19:00:00Z,order tracking,Shopper requests tracking status for order LC-11210.,14,False,chat,plus
TKT-02610,2025-03-21T21:46:00Z,return request,Shopper requests return instructions for order LC-31598.,38,False,phone,standard
TKT-01140,2025-03-22T01:01:00Z,return request,Return eligibility question references LC-11432.,21,False,phone,standard
TKT-01512,2025-03-22T01:26:00Z,return request,Shopper requests a return label for LC-20307.,49,False,chat,plus
TKT-02971,2025-03-22T01:29:00Z,return request,Return eligibility question references LC-31710.,61,True,chat,standard
TKT-00419,2025-03-22T03:18:00Z,account access,Password reset requested for account LC-83908.,7,False,phone,guest
TKT-00175,2025-03-22T03:58:00Z,return request,Shopper requests return instructions for order LC-79943.,25,False,phone,plus
TKT-00976,2025-03-22T04:03:00Z,refund status,Shopper requests refund status for LC-10740.,28,False,email,plus
TKT-02168,2025-03-22T09:00:00Z,refund status,Shopper cannot locate a processed refund under LC-88977.,23,False,phone,guest
TKT-02659,2025-03-22T09:32:00Z,order tracking,Shopper requests tracking status for order LC-53776.,13,False,chat,plus
TKT-01846,2025-03-22T12:39:00Z,account access,Password reset requested for account LC-92145.,15,False,chat,standard
TKT-00080,2025-03-22T15:28:00Z,order tracking,Shopper asks when shipment LC-36725 will arrive.,12,False,phone,plus
TKT-02679,2025-03-22T15:31:00Z,order tracking,Shopper requests tracking status for order LC-67428.,11,False,phone,guest
TKT-00140,2025-03-22T15:45:00Z,return request,Shopper requests return instructions for order LC-48034.,37,False,web form,guest
TKT-00516,2025-03-22T15:56:00Z,return request,Shopper requests a return label for LC-17983.,28,False,phone,guest
TKT-01551,2025-03-22T18:27:00Z,order tracking,Shopper requests tracking status for order LC-22685.,8,False,email,vip
TKT-02672,2025-03-22T19:01:00Z,account access,Account lockout reported under LC-11540.,5,False,chat,standard
TKT-02691,2025-03-22T21:11:00Z,product question,Shopper asks about product specifications for LC-64980.,52,False,chat,standard
TKT-02533,2025-03-22T21:15:00Z,order tracking,Shopper asks when shipment LC-66635 will arrive.,6,False,chat,guest
TKT-01036,2025-03-22T23:42:00Z,subscription change,Shopper asks about subscription cancellation for LC-99913.,39,False,web form,plus
TKT-00721,2025-03-22T23:59:00Z,promotion question,Promotion eligibility exception references LC-65318.,33,False,web form,standard
TKT-00992,2025-03-23T00:52:00Z,account access,Account lockout reported under LC-52064.,8,False,web form,guest
TKT-00520,2025-03-23T02:08:00Z,subscription change,Shopper asks about subscription cancellation for LC-26828.,41,False,phone,vip
TKT-01121,2025-03-23T09:44:00Z,subscription change,Shopper asks about subscription cancellation for LC-31750.,32,False,email,standard
TKT-02314,2025-03-23T10:19:00Z,order tracking,Shopper asks when shipment LC-62764 will arrive.,8,False,chat,standard
TKT-01696,2025-03-23T10:33:00Z,return request,Shopper requests a return label for LC-22445.,38,False,phone,standard
TKT-00529,2025-03-23T10:52:00Z,promotion question,Shopper questions campaign terms for promotion LC-75639.,51,False,phone,guest
TKT-01726,2025-03-23T11:49:00Z,promotion question,Shopper questions campaign terms for promotion LC-56248.,53,False,phone,standard
TKT-02581,2025-03-23T13:54:00Z,subscription change,Subscription pause question references LC-27225.,15,False,chat,plus
TKT-02359,2025-03-23T14:03:00Z,product question,Product compatibility question references LC-75802.,59,False,phone,standard
TKT-02891,2025-03-23T14:44:00Z,return request,Shopper requests a return label for LC-62899.,18,False,phone,guest
TKT-01991,2025-03-23T15:59:00Z,order tracking,Shopper requests tracking status for order LC-35475.,9,False,chat,guest
TKT-01285,2025-03-23T17:14:00Z,order tracking,Shopper requests tracking status for order LC-86163.,13,False,web form,standard
TKT-01177,2025-03-23T23:44:00Z,order tracking,Tracking link question references order LC-60393.,13,False,email,standard
TKT-00484,2025-03-24T01:16:00Z,fraud review,High-risk order review references LC-40166 and requires human handling.,150,True,phone,standard
TKT-01716,2025-03-24T01:35:00Z,order tracking,Shopper requests tracking status for order LC-14437.,9,False,chat,guest
TKT-01295,2025-03-24T02:04:00Z,refund status,Refund posting timeline question references LC-76363.,17,False,chat,plus
TKT-01157,2025-03-24T04:23:00Z,order tracking,Tracking link question references order LC-57271.,3,False,email,standard
TKT-02965,2025-03-24T07:31:00Z,account access,Password reset requested for account LC-12389.,14,False,web form,standard
TKT-01338,2025-03-24T10:01:00Z,subscription change,Shopper requests a subscription change under LC-41015.,35,False,phone,guest
TKT-02428,2025-03-24T10:20:00Z,order tracking,Shopper requests tracking status for order LC-30481.,12,False,email,plus
TKT-01132,2025-03-24T13:03:00Z,refund status,Shopper requests refund status for LC-81614.,18,False,email,standard
TKT-00892,2025-03-24T14:13:00Z,product question,Shopper asks about product specifications for LC-11853.,29,False,phone,standard
TKT-01309,2025-03-24T14:32:00Z,refund status,Shopper cannot locate a processed refund under LC-50330.,37,False,chat,standard
TKT-00570,2025-03-24T14:39:00Z,order tracking,Shopper asks when shipment LC-14825 will arrive.,8,False,phone,standard
TKT-01995,2025-03-24T15:10:00Z,promotion question,Shopper questions campaign terms for promotion LC-42768.,54,False,email,plus
TKT-02495,2025-03-24T15:50:00Z,order tracking,Tracking link question references order LC-44836.,12,False,chat,standard
TKT-02556,2025-03-24T17:53:00Z,product question,Shopper requests product-selection guidance under LC-81853.,51,False,chat,standard
TKT-01677,2025-03-24T18:27:00Z,product question,Shopper asks about product specifications for LC-88273.,59,False,chat,standard
TKT-02802,2025-03-24T18:35:00Z,order tracking,Shopper requests tracking status for order LC-77508.,14,False,web form,guest
TKT-00417,2025-03-24T20:19:00Z,fraud review,High-risk order review references LC-21330 and requires human handling.,182,True,phone,standard
TKT-02034,2025-03-25T00:03:00Z,account access,Account lockout reported under LC-24872.,16,False,chat,guest
TKT-02016,2025-03-25T00:47:00Z,order tracking,Tracking link question references order LC-68897.,13,False,email,standard
TKT-00669,2025-03-25T00:58:00Z,fraud review,High-risk order review references LC-95377 and requires human handling.,233,True,phone,standard
TKT-00127,2025-03-25T03:28:00Z,product question,Product compatibility question references LC-48758.,19,False,chat,standard
TKT-02289,2025-03-25T03:55:00Z,fraud review,Transaction review requires specialist approval under LC-47861.,136,True,email,plus
TKT-02876,2025-03-25T05:39:00Z,return request,Return eligibility question references LC-47625.,19,False,phone,standard
TKT-01688,2025-03-25T07:46:00Z,order tracking,Tracking link question references order LC-70887.,3,False,chat,standard
TKT-02695,2025-03-25T09:59:00Z,order tracking,Tracking link question references order LC-74939.,14,False,chat,guest
TKT-00197,2025-03-25T11:11:00Z,order tracking,Tracking link question references order LC-29432.,7,False,chat,guest
TKT-02834,2025-03-25T16:11:00Z,product question,Shopper asks about product specifications for LC-28774.,57,False,web form,standard
TKT-02700,2025-03-25T16:25:00Z,account access,Account lockout reported under LC-43223.,7,False,email,standard
TKT-00016,2025-03-25T18:00:00Z,order tracking,Shopper requests tracking status for order LC-87764.,5,False,phone,plus
TKT-01916,2025-03-25T21:33:00Z,account access,Password reset requested for account LC-57037.,12,False,email,guest
TKT-02082,2025-03-26T03:21:00Z,subscription change,Shopper requests a subscription change under LC-73763.,45,False,web form,standard
TKT-02531,2025-03-26T03:50:00Z,order tracking,Shopper requests tracking status for order LC-64727.,7,False,email,plus
TKT-01209,2025-03-26T05:23:00Z,account access,Account lockout reported under LC-10055.,17,False,email,standard
TKT-00136,2025-03-26T09:14:00Z,return request,Shopper requests return instructions for order LC-92486.,34,False,email,guest
TKT-01980,2025-03-26T10:04:00Z,account access,Password reset requested for account LC-14052.,4,False,chat,plus
TKT-00073,2025-03-26T10:38:00Z,return request,Shopper requests a return label for LC-60553.,22,False,chat,vip
TKT-02293,2025-03-26T11:42:00Z,return request,Return eligibility question references LC-81526.,45,False,chat,guest
TKT-02281,2025-03-26T12:33:00Z,refund status,Refund posting timeline question references LC-90090.,36,False,phone,standard
TKT-01743,2025-03-26T14:56:00Z,promotion question,Shopper reports a promotion did not apply under LC-17435.,55,False,web form,vip
TKT-02678,2025-03-26T16:10:00Z,refund status,Refund posting timeline question references LC-70417.,22,False,phone,plus
TKT-00509,2025-03-26T19:05:00Z,return request,Shopper requests a return label for LC-75046.,44,False,phone,guest
TKT-02746,2025-03-26T19:36:00Z,order tracking,Shopper asks when shipment LC-93965 will arrive.,6,False,email,vip
TKT-02119,2025-03-26T22:34:00Z,refund status,Shopper requests refund status for LC-18121.,17,False,phone,guest
TKT-02077,2025-03-26T23:21:00Z,order tracking,Shopper requests tracking status for order LC-20371.,9,False,email,guest
TKT-02526,2025-03-26T23:39:00Z,refund status,Refund posting timeline question references LC-30097.,14,False,chat,standard
TKT-02854,2025-03-27T05:05:00Z,subscription change,Shopper requests a subscription change under LC-92382.,47,False,phone,standard
TKT-01590,2025-03-27T05:31:00Z,account access,Shopper cannot access account LC-30058.,17,False,web form,guest
TKT-02922,2025-03-27T05:48:00Z,subscription change,Shopper requests a subscription change under LC-65443.,23,False,phone,guest
TKT-02670,2025-03-27T07:06:00Z,return request,Return eligibility question references LC-32955.,41,False,email,standard
TKT-00641,2025-03-27T08:59:00Z,refund status,Shopper requests refund status for LC-78635.,17,False,chat,vip
TKT-00284,2025-03-27T10:27:00Z,product question,Shopper asks about product specifications for LC-33706.,59,False,web form,plus
TKT-01195,2025-03-27T12:05:00Z,order tracking,Shopper asks when shipment LC-30348 will arrive.,13,False,chat,vip
TKT-00845,2025-03-27T13:12:00Z,refund status,Refund posting timeline question references LC-25219.,38,False,chat,guest
TKT-00623,2025-03-27T14:16:00Z,order tracking,Shopper requests tracking status for order LC-88243.,6,False,phone,standard
TKT-02155,2025-03-27T14:55:00Z,account access,Password reset requested for account LC-68698.,4,False,phone,guest
TKT-02574,2025-03-27T15:40:00Z,refund status,Shopper requests refund status for LC-16645.,24,False,phone,guest
TKT-00442,2025-03-27T16:31:00Z,subscription change,Subscription pause question references LC-98882.,23,False,chat,standard
TKT-01902,2025-03-27T16:48:00Z,order tracking,Tracking link question references order LC-41417.,14,False,chat,standard
TKT-01695,2025-03-27T17:47:00Z,product question,Shopper asks about product specifications for LC-39156.,60,False,chat,plus
TKT-02162,2025-03-27T20:21:00Z,return request,Shopper requests a return label for LC-97995.,47,False,email,standard
TKT-02588,2025-03-28T00:45:00Z,refund status,Refund posting timeline question references LC-61492.,37,False,email,guest
TKT-01103,2025-03-28T06:54:00Z,return request,Return eligibility question references LC-30869.,16,False,email,plus
TKT-02311,2025-03-28T07:10:00Z,promotion question,Shopper questions campaign terms for promotion LC-30473.,32,False,email,plus
TKT-01720,2025-03-28T08:23:00Z,product question,Shopper asks about product specifications for LC-26877.,25,False,web form,plus
TKT-02118,2025-03-28T08:58:00Z,refund status,Shopper cannot locate a processed refund under LC-69838.,31,False,phone,standard
TKT-00343,2025-03-28T10:33:00Z,order tracking,Shopper asks when shipment LC-86047 will arrive.,13,False,chat,plus
TKT-02327,2025-03-28T10:33:00Z,account access,Password reset requested for account LC-82651.,6,False,web form,standard
TKT-00123,2025-03-28T12:06:00Z,refund status,Shopper requests refund status for LC-54208.,15,False,chat,standard
TKT-00761,2025-03-28T14:36:00Z,account access,Password reset requested for account LC-55274.,17,False,chat,guest
TKT-01670,2025-03-28T18:45:00Z,return request,Shopper requests a return label for LC-14192.,25,False,email,standard
TKT-02530,2025-03-28T19:22:00Z,return request,Return eligibility question references LC-11104.,58,True,email,guest
TKT-02584,2025-03-28T20:06:00Z,product question,Shopper asks about product specifications for LC-64397.,47,False,web form,standard
TKT-02206,2025-03-28T21:25:00Z,refund status,Shopper cannot locate a processed refund under LC-37785.,21,False,chat,standard
TKT-01855,2025-03-28T23:50:00Z,order tracking,Shopper requests tracking status for order LC-61166.,6,False,chat,plus
TKT-00920,2025-03-29T00:57:00Z,refund status,Shopper cannot locate a processed refund under LC-41044.,72,True,phone,guest
TKT-01806,2025-03-29T01:39:00Z,return request,Shopper requests a return label for LC-68127.,48,False,phone,plus
TKT-02997,2025-03-29T04:13:00Z,order tracking,Shopper requests tracking status for order LC-77237.,12,False,chat,standard
TKT-02131,2025-03-29T07:13:00Z,refund status,Shopper cannot locate a processed refund under LC-34689.,23,False,chat,standard
TKT-02569,2025-03-29T08:42:00Z,return request,Shopper requests return instructions for order LC-21813.,18,False,chat,standard
TKT-02049,2025-03-29T08:43:00Z,return request,Shopper requests return instructions for order LC-89793.,17,False,phone,guest
TKT-00091,2025-03-29T08:54:00Z,refund status,Shopper requests refund status for LC-52832.,33,False,phone,vip
TKT-01293,2025-03-29T09:36:00Z,order tracking,Tracking link question references order LC-86867.,4,False,email,plus
TKT-02072,2025-03-29T12:56:00Z,order tracking,Shopper asks when shipment LC-38919 will arrive.,10,False,chat,standard
TKT-01491,2025-03-29T13:09:00Z,return request,Return eligibility question references LC-62396.,30,False,phone,plus
TKT-01167,2025-03-29T14:08:00Z,promotion question,Shopper reports a promotion did not apply under LC-46993.,54,False,web form,standard
TKT-01393,2025-03-29T15:00:00Z,account access,Shopper cannot access account LC-65511.,6,False,email,guest
TKT-01383,2025-03-29T15:30:00Z,order tracking,Tracking link question references order LC-87339.,12,False,chat,standard
TKT-00519,2025-03-29T21:48:00Z,refund status,Shopper cannot locate a processed refund under LC-68083.,25,False,chat,standard
TKT-00809,2025-03-29T23:18:00Z,order tracking,Tracking link question references order LC-89408.,4,False,chat,vip
TKT-00900,2025-03-30T02:25:00Z,order tracking,Shopper requests tracking status for order LC-87880.,3,False,chat,plus
TKT-00919,2025-03-30T03:52:00Z,product question,Product compatibility question references LC-56618.,39,False,chat,plus
TKT-00320,2025-03-30T04:52:00Z,return request,Return eligibility question references LC-96011.,28,False,phone,plus
TKT-02947,2025-03-30T05:03:00Z,order tracking,Shopper asks when shipment LC-43696 will arrive.,6,False,phone,standard
TKT-02981,2025-03-30T06:14:00Z,account access,Password reset requested for account LC-46805.,37,True,web form,standard
TKT-02129,2025-03-30T11:36:00Z,return request,Return eligibility question references LC-91994.,16,False,phone,standard
TKT-01843,2025-03-30T12:18:00Z,return request,Shopper requests return instructions for order LC-20066.,18,False,phone,standard
TKT-00850,2025-03-30T12:47:00Z,return request,Return eligibility question references LC-63542.,29,False,web form,guest
TKT-02996,2025-03-30T13:08:00Z,order tracking,Shopper requests tracking status for order LC-18768.,11,False,chat,guest
TKT-01719,2025-03-30T14:47:00Z,refund status,Refund posting timeline question references LC-76637.,16,False,chat,standard
TKT-01763,2025-03-30T14:56:00Z,promotion question,Promotion eligibility exception references LC-23635.,55,False,phone,standard
TKT-00991,2025-03-30T15:09:00Z,product question,Shopper requests product-selection guidance under LC-72972.,15,False,phone,standard
TKT-01062,2025-03-30T15:23:00Z,product question,Product compatibility question references LC-96527.,19,False,web form,guest
TKT-01561,2025-03-30T16:15:00Z,fraud review,Transaction review requires specialist approval under LC-90382.,195,True,web form,guest
TKT-01325,2025-03-30T16:25:00Z,refund status,Shopper requests refund status for LC-14437.,37,False,phone,standard
TKT-02403,2025-03-30T18:01:00Z,subscription change,Shopper asks about subscription cancellation for LC-40871.,32,False,email,standard
TKT-02862,2025-03-30T18:55:00Z,promotion question,Shopper questions campaign terms for promotion LC-70460.,22,False,email,standard
TKT-02821,2025-03-30T20:33:00Z,fraud review,Shopper responds to a manual account-security review for LC-30276.,178,True,phone,vip
TKT-01151,2025-03-30T23:43:00Z,return request,Shopper requests a return label for LC-79689.,42,False,phone,standard
TKT-02681,2025-03-31T02:23:00Z,promotion question,Shopper questions campaign terms for promotion LC-90649.,97,True,chat,vip
TKT-00591,2025-03-31T03:30:00Z,order tracking,Shopper requests tracking status for order LC-15093.,10,False,chat,standard
TKT-01971,2025-03-31T03:37:00Z,order tracking,Shopper requests tracking status for order LC-87441.,10,False,email,standard
TKT-02919,2025-03-31T04:35:00Z,promotion question,Promotion eligibility exception references LC-31464.,37,False,chat,standard
TKT-02474,2025-03-31T05:53:00Z,fraud review,Shopper responds to a manual account-security review for LC-38723.,199,True,email,plus
TKT-00625,2025-03-31T08:54:00Z,account access,Account lockout reported under LC-14270.,14,False,web form,standard
TKT-02878,2025-03-31T09:45:00Z,return request,Shopper requests return instructions for order LC-36888.,30,False,phone,plus
TKT-00940,2025-03-31T12:29:00Z,return request,Return eligibility question references LC-86715.,77,True,phone,standard
TKT-00219,2025-03-31T14:46:00Z,order tracking,Shopper requests tracking status for order LC-94116.,3,False,chat,plus
TKT-00202,2025-03-31T15:28:00Z,promotion question,Shopper questions campaign terms for promotion LC-86385.,12,False,phone,plus
TKT-02770,2025-03-31T20:27:00Z,product question,Shopper asks about product specifications for LC-72474.,61,False,phone,guest
TKT-01985,2025-03-31T21:31:00Z,return request,Shopper requests return instructions for order LC-41630.,40,False,email,plus
TKT-01968,2025-03-31T21:59:00Z,product question,Shopper asks about product specifications for LC-58191.,30,False,phone,plus
TKT-02554,2025-04-01T01:25:00Z,order tracking,Tracking link question references order LC-43864.,11,False,chat,standard
TKT-02116,2025-04-01T01:29:00Z,promotion question,Shopper questions campaign terms for promotion LC-36231.,52,False,chat,standard
TKT-01569,2025-04-01T02:27:00Z,order tracking,Tracking link question references order LC-50068.,12,False,email,plus
TKT-00152,2025-04-01T03:54:00Z,account access,Password reset requested for account LC-18697.,15,False,phone,plus
TKT-01958,2025-04-01T05:20:00Z,subscription change,Shopper asks about subscription cancellation for LC-53334.,23,False,phone,standard
TKT-02625,2025-04-01T05:20:00Z,account access,Shopper cannot access account LC-12915.,12,False,chat,guest
TKT-00371,2025-04-01T09:42:00Z,refund status,Shopper cannot locate a processed refund under LC-20099.,32,False,phone,standard
TKT-01284,2025-04-01T10:08:00Z,order tracking,Shopper requests tracking status for order LC-98153.,3,False,email,standard
TKT-01586,2025-04-01T11:39:00Z,subscription change,Shopper asks about subscription cancellation for LC-89493.,19,False,chat,vip
TKT-01637,2025-04-01T13:27:00Z,promotion question,Promotion eligibility exception references LC-37756.,53,True,chat,standard
TKT-00158,2025-04-01T19:01:00Z,account access,Password reset requested for account LC-54012.,6,False,chat,plus
TKT-02060,2025-04-01T19:08:00Z,account access,Shopper cannot access account LC-98678.,8,False,chat,standard
TKT-00511,2025-04-01T20:01:00Z,order tracking,Shopper asks when shipment LC-84103 will arrive.,13,False,phone,guest
TKT-02887,2025-04-02T03:35:00Z,return request,Return eligibility question references LC-19894.,51,True,email,standard
TKT-02286,2025-04-02T04:26:00Z,account access,Shopper cannot access account LC-77222.,17,False,email,vip
TKT-00218,2025-04-02T05:41:00Z,order tracking,Tracking link question references order LC-22786.,5,False,email,guest
TKT-02440,2025-04-02T06:26:00Z,return request,Return eligibility question references LC-60271.,34,False,phone,guest
TKT-02061,2025-04-02T07:38:00Z,product question,Shopper requests product-selection guidance under LC-84457.,32,False,email,standard
TKT-02580,2025-04-02T08:31:00Z,return request,Shopper requests a return label for LC-26036.,27,False,phone,plus
TKT-01749,2025-04-02T09:27:00Z,subscription change,Subscription pause question references LC-10747.,43,False,phone,plus
TKT-01080,2025-04-02T11:13:00Z,order tracking,Shopper requests tracking status for order LC-43223.,10,False,phone,plus
TKT-02901,2025-04-02T11:14:00Z,account access,Shopper cannot access account LC-13567.,15,False,chat,standard
TKT-01744,2025-04-02T11:53:00Z,order tracking,Shopper asks when shipment LC-54976 will arrive.,11,False,chat,guest
TKT-02611,2025-04-02T14:46:00Z,account access,Shopper cannot access account LC-73936.,18,False,chat,guest
TKT-02041,2025-04-02T17:10:00Z,order tracking,Shopper requests tracking status for order LC-90274.,11,False,chat,guest
TKT-00903,2025-04-02T17:32:00Z,account access,Account lockout reported under LC-44083.,14,False,web form,guest
TKT-00544,2025-04-02T17:41:00Z,refund status,Shopper cannot locate a processed refund under LC-13468.,22,False,chat,plus
TKT-00790,2025-04-02T17:53:00Z,refund status,Shopper cannot locate a processed refund under LC-74298.,16,False,chat,standard
TKT-02934,2025-04-02T18:17:00Z,return request,Shopper requests return instructions for order LC-93463.,50,False,email,standard
TKT-00827,2025-04-02T18:51:00Z,promotion question,Shopper reports a promotion did not apply under LC-29827.,52,False,chat,standard
TKT-01136,2025-04-02T21:46:00Z,return request,Shopper requests return instructions for order LC-84806.,41,False,phone,guest
TKT-01294,2025-04-02T22:11:00Z,account access,Password reset requested for account LC-50414.,6,False,email,standard
TKT-00351,2025-04-02T22:24:00Z,subscription change,Shopper requests a subscription change under LC-64962.,34,False,web form,guest
TKT-01613,2025-04-02T22:40:00Z,order tracking,Shopper requests tracking status for order LC-93916.,5,False,email,plus
TKT-02441,2025-04-03T00:13:00Z,return request,Return eligibility question references LC-24176.,32,False,chat,standard
TKT-02147,2025-04-03T03:17:00Z,order tracking,Shopper asks when shipment LC-45223 will arrive.,8,False,chat,standard
TKT-01131,2025-04-03T04:16:00Z,order tracking,Shopper requests tracking status for order LC-76945.,5,False,phone,standard
TKT-00821,2025-04-03T04:19:00Z,fraud review,High-risk order review references LC-82709 and requires human handling.,119,True,phone,vip
TKT-00454,2025-04-03T04:27:00Z,account access,Password reset requested for account LC-98923.,43,True,chat,guest
TKT-00527,2025-04-03T07:20:00Z,refund status,Refund posting timeline question references LC-95510.,38,False,chat,standard
TKT-00005,2025-04-03T09:58:00Z,account access,Shopper cannot access account LC-14544.,11,False,web form,plus
TKT-01723,2025-04-03T12:55:00Z,promotion question,Shopper reports a promotion did not apply under LC-85688.,20,False,phone,plus
TKT-01198,2025-04-03T16:11:00Z,account access,Shopper cannot access account LC-46827.,9,False,chat,guest
TKT-00444,2025-04-03T17:10:00Z,order tracking,Tracking link question references order LC-19985.,5,False,email,guest
TKT-01138,2025-04-03T20:12:00Z,order tracking,Shopper asks when shipment LC-99346 will arrive.,12,False,chat,standard
TKT-02153,2025-04-03T20:45:00Z,order tracking,Shopper requests tracking status for order LC-85625.,4,False,chat,guest
TKT-00198,2025-04-04T01:38:00Z,promotion question,Shopper questions campaign terms for promotion LC-33593.,22,False,chat,vip
TKT-02883,2025-04-04T02:45:00Z,refund status,Shopper requests refund status for LC-22112.,26,False,web form,guest
TKT-01125,2025-04-04T03:12:00Z,return request,Shopper requests return instructions for order LC-33343.,18,False,phone,guest
TKT-00937,2025-04-04T03:51:00Z,fraud review,Transaction review requires specialist approval under LC-77722.,155,True,phone,standard
TKT-00135,2025-04-04T04:54:00Z,promotion question,Shopper reports a promotion did not apply under LC-50189.,31,False,web form,guest
TKT-00818,2025-04-04T05:42:00Z,refund status,Shopper cannot locate a processed refund under LC-65594.,18,False,web form,vip
TKT-00370,2025-04-04T11:41:00Z,subscription change,Subscription pause question references LC-34327.,44,False,web form,plus
TKT-02233,2025-04-04T13:19:00Z,return request,Shopper requests return instructions for order LC-96688.,47,False,email,standard
TKT-01857,2025-04-04T13:47:00Z,product question,Shopper requests product-selection guidance under LC-58724.,40,False,chat,guest
TKT-02778,2025-04-04T14:04:00Z,return request,Return eligibility question references LC-20851.,24,False,web form,guest
TKT-02551,2025-04-04T14:39:00Z,refund status,Shopper requests refund status for LC-42602.,23,False,phone,plus
TKT-00861,2025-04-04T16:44:00Z,product question,Shopper requests product-selection guidance under LC-83705.,26,False,chat,plus
TKT-02457,2025-04-04T18:21:00Z,fraud review,High-risk order review references LC-46812 and requires human handling.,110,False,phone,standard
TKT-00443,2025-04-04T19:01:00Z,return request,Shopper requests return instructions for order LC-82404.,37,False,phone,standard
TKT-00324,2025-04-05T00:34:00Z,order tracking,Shopper requests tracking status for order LC-23912.,9,False,chat,standard
TKT-01714,2025-04-05T01:16:00Z,return request,Shopper requests return instructions for order LC-71806.,38,False,email,standard
TKT-02722,2025-04-05T04:28:00Z,order tracking,Shopper asks when shipment LC-63898 will arrive.,14,False,chat,standard
TKT-02880,2025-04-05T04:46:00Z,return request,Return eligibility question references LC-66315.,77,True,email,guest
TKT-00597,2025-04-05T09:36:00Z,refund status,Shopper requests refund status for LC-86025.,23,False,phone,guest
TKT-02467,2025-04-05T11:39:00Z,return request,Shopper requests a return label for LC-91278.,52,True,chat,guest
TKT-01173,2025-04-05T12:04:00Z,order tracking,Tracking link question references order LC-57233.,6,False,web form,standard
TKT-01225,2025-04-05T14:15:00Z,account access,Account lockout reported under LC-83619.,9,False,web form,plus
TKT-01034,2025-04-05T15:21:00Z,account access,Password reset requested for account LC-20721.,8,False,chat,standard
TKT-00406,2025-04-05T18:39:00Z,refund status,Refund posting timeline question references LC-25837.,12,False,chat,standard
TKT-02238,2025-04-05T18:59:00Z,order tracking,Shopper requests tracking status for order LC-33806.,6,False,chat,guest
TKT-02251,2025-04-05T21:04:00Z,return request,Return eligibility question references LC-50485.,20,False,phone,standard
TKT-02051,2025-04-06T01:45:00Z,order tracking,Shopper asks when shipment LC-54190 will arrive.,14,False,phone,guest
TKT-02784,2025-04-06T02:20:00Z,order tracking,Shopper requests tracking status for order LC-22400.,7,False,chat,plus
TKT-01813,2025-04-06T03:43:00Z,return request,Return eligibility question references LC-24782.,35,False,web form,standard
TKT-02469,2025-04-06T07:44:00Z,refund status,Refund posting timeline question references LC-36165.,37,False,phone,guest
TKT-00670,2025-04-06T08:14:00Z,promotion question,Shopper reports a promotion did not apply under LC-45300.,16,False,chat,plus
TKT-00998,2025-04-06T08:30:00Z,account access,Account lockout reported under LC-35947.,15,False,chat,standard
TKT-01482,2025-04-06T09:07:00Z,order tracking,Shopper asks when shipment LC-14948 will arrive.,5,False,chat,standard
TKT-01039,2025-04-06T10:12:00Z,refund status,Shopper requests refund status for LC-70118.,29,False,phone,plus
TKT-00357,2025-04-06T10:43:00Z,order tracking,Tracking link question references order LC-87093.,14,False,email,standard
TKT-00261,2025-04-06T11:50:00Z,order tracking,Shopper asks when shipment LC-72060 will arrive.,3,False,email,vip
TKT-00240,2025-04-06T12:06:00Z,return request,Shopper requests a return label for LC-51324.,45,False,email,vip
TKT-02486,2025-04-06T12:57:00Z,return request,Shopper requests return instructions for order LC-82984.,33,False,phone,standard
TKT-01917,2025-04-06T13:10:00Z,account access,Account lockout reported under LC-95501.,14,False,chat,standard
TKT-01584,2025-04-06T13:19:00Z,order tracking,Shopper requests tracking status for order LC-63177.,11,False,chat,plus
TKT-02766,2025-04-06T14:07:00Z,order tracking,Shopper requests tracking status for order LC-74638.,10,False,chat,standard
TKT-01801,2025-04-06T14:35:00Z,order tracking,Shopper requests tracking status for order LC-77636.,11,False,chat,guest
TKT-00682,2025-04-06T14:40:00Z,return request,Shopper requests a return label for LC-42151.,47,False,phone,guest
TKT-02794,2025-04-06T16:23:00Z,account access,Account lockout reported under LC-66860.,7,False,chat,plus
TKT-00833,2025-04-06T16:40:00Z,fraud review,Shopper responds to a manual account-security review for LC-95868.,109,False,phone,plus
TKT-01156,2025-04-06T18:06:00Z,subscription change,Shopper asks about subscription cancellation for LC-25794.,31,False,web form,guest
TKT-01701,2025-04-06T18:34:00Z,order tracking,Tracking link question references order LC-98398.,9,False,chat,standard
TKT-01196,2025-04-06T19:06:00Z,order tracking,Shopper requests tracking status for order LC-45943.,3,False,web form,standard
TKT-00107,2025-04-06T19:48:00Z,return request,Return eligibility question references LC-83903.,20,False,chat,vip
TKT-01644,2025-04-06T19:56:00Z,account access,Shopper cannot access account LC-50058.,8,False,chat,vip
TKT-02675,2025-04-06T20:37:00Z,refund status,Refund posting timeline question references LC-84162.,27,False,email,standard
TKT-01448,2025-04-06T21:04:00Z,fraud review,High-risk order review references LC-44264 and requires human handling.,147,True,email,standard
TKT-02692,2025-04-06T23:10:00Z,return request,Shopper requests a return label for LC-37096.,56,True,phone,standard
TKT-00193,2025-04-06T23:48:00Z,order tracking,Shopper requests tracking status for order LC-40107.,11,False,chat,standard
TKT-02250,2025-04-07T00:42:00Z,promotion question,Shopper questions campaign terms for promotion LC-20334.,14,False,chat,vip
TKT-01352,2025-04-07T01:18:00Z,fraud review,High-risk order review references LC-68276 and requires human handling.,153,True,phone,plus
TKT-00751,2025-04-07T02:34:00Z,return request,Shopper requests return instructions for order LC-40702.,41,False,web form,standard
TKT-02386,2025-04-07T03:19:00Z,refund status,Shopper requests refund status for LC-83920.,38,False,email,guest
TKT-00769,2025-04-07T03:39:00Z,fraud review,Transaction review requires specialist approval under LC-90798.,165,True,email,plus
TKT-01288,2025-04-07T06:20:00Z,account access,Account lockout reported under LC-68985.,24,True,chat,standard
TKT-02451,2025-04-07T08:41:00Z,return request,Return eligibility question references LC-14120.,50,False,phone,standard
TKT-02092,2025-04-07T09:38:00Z,subscription change,Shopper asks about subscription cancellation for LC-83766.,44,False,chat,standard
TKT-02502,2025-04-07T14:09:00Z,subscription change,Subscription pause question references LC-42371.,41,True,email,standard
TKT-01400,2025-04-07T15:24:00Z,order tracking,Shopper asks when shipment LC-56308 will arrive.,4,False,chat,vip
TKT-01398,2025-04-07T16:26:00Z,refund status,Shopper cannot locate a processed refund under LC-76320.,24,False,email,plus
TKT-02496,2025-04-07T18:15:00Z,return request,Return eligibility question references LC-65384.,44,False,phone,standard
TKT-00112,2025-04-07T23:00:00Z,refund status,Refund posting timeline question references LC-48925.,17,False,email,guest
TKT-02816,2025-04-07T23:35:00Z,order tracking,Tracking link question references order LC-34401.,14,False,chat,standard
TKT-00877,2025-04-07T23:36:00Z,subscription change,Subscription pause question references LC-49807.,28,False,chat,standard
TKT-01041,2025-04-08T02:01:00Z,return request,Shopper requests a return label for LC-11296.,73,True,email,guest
TKT-01237,2025-04-08T02:19:00Z,account access,Shopper cannot access account LC-88847.,18,False,phone,standard
TKT-00234,2025-04-08T05:05:00Z,order tracking,Tracking link question references order LC-34500.,14,False,chat,plus
TKT-02714,2025-04-08T05:11:00Z,order tracking,Shopper asks when shipment LC-88667 will arrive.,7,False,web form,standard
TKT-00941,2025-04-08T08:30:00Z,subscription change,Shopper requests a subscription change under LC-42883.,23,False,web form,guest
TKT-01058,2025-04-08T08:32:00Z,fraud review,High-risk order review references LC-22608 and requires human handling.,97,False,email,standard
TKT-00151,2025-04-08T09:15:00Z,return request,Shopper requests a return label for LC-57437.,29,False,phone,standard
TKT-00918,2025-04-08T09:35:00Z,order tracking,Shopper requests tracking status for order LC-17272.,12,False,chat,vip
TKT-00488,2025-04-08T10:24:00Z,promotion question,Shopper reports a promotion did not apply under LC-28084.,20,False,chat,plus
TKT-02126,2025-04-08T11:30:00Z,return request,Return eligibility question references LC-21315.,50,False,web form,vip
TKT-02438,2025-04-08T13:28:00Z,product question,Product compatibility question references LC-44009.,63,False,chat,plus
TKT-02084,2025-04-08T16:24:00Z,refund status,Shopper requests refund status for LC-36889.,76,True,phone,standard
TKT-00290,2025-04-08T18:44:00Z,order tracking,Tracking link question references order LC-24190.,13,False,email,guest
TKT-00840,2025-04-08T20:04:00Z,refund status,Shopper cannot locate a processed refund under LC-29604.,30,False,phone,standard
TKT-00989,2025-04-08T22:11:00Z,refund status,Refund posting timeline question references LC-53619.,15,False,chat,vip
TKT-02759,2025-04-08T23:23:00Z,return request,Shopper requests a return label for LC-22457.,40,False,web form,guest
TKT-02450,2025-04-09T00:19:00Z,order tracking,Shopper asks when shipment LC-30074 will arrive.,8,False,phone,guest
TKT-01941,2025-04-09T03:07:00Z,account access,Shopper cannot access account LC-86837.,5,False,chat,standard
TKT-01170,2025-04-09T04:32:00Z,fraud review,High-risk order review references LC-51827 and requires human handling.,191,True,email,standard
TKT-01594,2025-04-09T05:01:00Z,refund status,Shopper cannot locate a processed refund under LC-59347.,89,True,chat,standard
TKT-02824,2025-04-09T06:22:00Z,order tracking,Shopper asks when shipment LC-80059 will arrive.,14,False,chat,guest
TKT-01779,2025-04-09T07:33:00Z,order tracking,Shopper asks when shipment LC-49196 will arrive.,5,False,chat,standard
TKT-01841,2025-04-09T08:06:00Z,order tracking,Shopper requests tracking status for order LC-82493.,14,False,chat,guest
TKT-00740,2025-04-09T09:06:00Z,return request,Shopper requests return instructions for order LC-13819.,34,False,phone,standard
TKT-02974,2025-04-09T12:00:00Z,order tracking,Shopper asks when shipment LC-47994 will arrive.,11,False,chat,guest
TKT-02175,2025-04-09T13:13:00Z,return request,Shopper requests a return label for LC-47656.,31,False,phone,guest
TKT-01572,2025-04-09T15:05:00Z,account access,Account lockout reported under LC-93822.,17,False,web form,standard
TKT-01592,2025-04-09T15:34:00Z,product question,Shopper requests product-selection guidance under LC-37984.,55,False,chat,standard
TKT-00523,2025-04-09T15:39:00Z,order tracking,Tracking link question references order LC-69440.,4,False,web form,guest
TKT-01627,2025-04-09T18:38:00Z,refund status,Shopper requests refund status for LC-54150.,20,False,chat,guest
TKT-00928,2025-04-09T20:19:00Z,account access,Account lockout reported under LC-44256.,9,False,chat,standard
TKT-00718,2025-04-09T21:22:00Z,order tracking,Tracking link question references order LC-79168.,13,False,chat,vip
TKT-00022,2025-04-09T23:25:00Z,promotion question,Promotion eligibility exception references LC-97763.,47,False,phone,plus
TKT-02676,2025-04-10T00:02:00Z,product question,Shopper asks about product specifications for LC-17820.,46,False,chat,plus
TKT-02966,2025-04-10T00:27:00Z,refund status,Shopper requests refund status for LC-73173.,31,False,chat,standard
TKT-02278,2025-04-10T02:59:00Z,refund status,Shopper requests refund status for LC-79140.,30,False,chat,standard
TKT-01969,2025-04-10T03:39:00Z,return request,Shopper requests a return label for LC-84471.,18,False,phone,plus
TKT-01642,2025-04-10T03:47:00Z,order tracking,Tracking link question references order LC-93566.,6,False,phone,standard
TKT-01128,2025-04-10T04:48:00Z,promotion question,Shopper reports a promotion did not apply under LC-88042.,42,False,chat,vip
TKT-01965,2025-04-10T05:42:00Z,order tracking,Shopper asks when shipment LC-15163 will arrive.,6,False,chat,guest
TKT-02445,2025-04-10T05:56:00Z,refund status,Shopper requests refund status for LC-77981.,18,False,chat,standard
TKT-00524,2025-04-10T06:24:00Z,order tracking,Shopper asks when shipment LC-49693 will arrive.,7,False,chat,standard
TKT-00770,2025-04-10T12:39:00Z,subscription change,Shopper asks about subscription cancellation for LC-11633.,22,False,chat,guest
TKT-00657,2025-04-10T15:06:00Z,refund status,Shopper cannot locate a processed refund under LC-99278.,38,False,web form,guest
TKT-01994,2025-04-10T17:48:00Z,product question,Shopper requests product-selection guidance under LC-70712.,50,False,phone,standard
TKT-02390,2025-04-10T18:39:00Z,order tracking,Tracking link question references order LC-86460.,9,False,chat,standard
TKT-02407,2025-04-10T18:43:00Z,order tracking,Shopper requests tracking status for order LC-63917.,3,False,email,standard
TKT-00814,2025-04-10T18:53:00Z,order tracking,Shopper requests tracking status for order LC-61418.,4,False,chat,standard
TKT-02920,2025-04-10T19:01:00Z,return request,Return eligibility question references LC-59098.,34,False,web form,guest
TKT-02380,2025-04-10T19:29:00Z,order tracking,Shopper asks when shipment LC-61491 will arrive.,13,False,phone,plus
TKT-01956,2025-04-10T20:20:00Z,promotion question,Promotion eligibility exception references LC-93935.,38,False,web form,standard
TKT-00707,2025-04-10T23:11:00Z,refund status,Shopper cannot locate a processed refund under LC-76130.,38,False,chat,guest
TKT-00558,2025-04-11T02:18:00Z,account access,Password reset requested for account LC-84605.,5,False,chat,standard
TKT-02753,2025-04-11T02:55:00Z,promotion question,Shopper reports a promotion did not apply under LC-53381.,39,False,email,standard
TKT-02402,2025-04-11T07:27:00Z,return request,Return eligibility question references LC-11962.,26,False,chat,vip
TKT-02025,2025-04-11T08:18:00Z,product question,Product compatibility question references LC-66571.,59,False,web form,guest
TKT-02662,2025-04-11T09:57:00Z,return request,Shopper requests return instructions for order LC-95014.,18,False,phone,standard
TKT-00506,2025-04-11T10:23:00Z,account access,Account lockout reported under LC-74122.,17,False,web form,plus
TKT-01253,2025-04-11T11:15:00Z,promotion question,Shopper reports a promotion did not apply under LC-39665.,48,False,chat,standard
TKT-01624,2025-04-11T12:21:00Z,refund status,Shopper cannot locate a processed refund under LC-91511.,15,False,email,guest
TKT-00470,2025-04-11T12:44:00Z,return request,Shopper requests a return label for LC-24576.,48,False,phone,standard
TKT-00322,2025-04-11T12:50:00Z,order tracking,Tracking link question references order LC-89167.,54,True,email,standard
TKT-00603,2025-04-11T13:05:00Z,refund status,Refund posting timeline question references LC-25250.,12,False,web form,plus
TKT-00667,2025-04-11T14:34:00Z,account access,Password reset requested for account LC-59002.,8,False,email,standard
TKT-02320,2025-04-11T14:59:00Z,promotion question,Shopper reports a promotion did not apply under LC-12189.,18,False,phone,guest
TKT-00954,2025-04-11T15:57:00Z,order tracking,Tracking link question references order LC-17784.,11,False,web form,guest
TKT-00575,2025-04-11T18:39:00Z,promotion question,Shopper questions campaign terms for promotion LC-54829.,43,False,chat,standard
TKT-00408,2025-04-11T19:08:00Z,order tracking,Shopper asks when shipment LC-79563 will arrive.,8,False,web form,guest
TKT-00062,2025-04-11T19:46:00Z,fraud review,Shopper responds to a manual account-security review for LC-31574.,203,True,phone,plus
TKT-02234,2025-04-11T20:27:00Z,refund status,Shopper cannot locate a processed refund under LC-31367.,16,False,email,standard
TKT-00507,2025-04-11T20:32:00Z,refund status,Refund posting timeline question references LC-49038.,28,False,phone,guest
TKT-00057,2025-04-12T00:07:00Z,order tracking,Tracking link question references order LC-11178.,3,False,chat,standard
TKT-02191,2025-04-12T03:29:00Z,product question,Product compatibility question references LC-53021.,33,False,chat,standard
TKT-02852,2025-04-12T06:35:00Z,order tracking,Shopper asks when shipment LC-96870 will arrive.,13,False,web form,guest
TKT-00411,2025-04-12T07:35:00Z,order tracking,Shopper asks when shipment LC-35617 will arrive.,12,False,web form,standard
TKT-00188,2025-04-12T08:29:00Z,order tracking,Shopper asks when shipment LC-12669 will arrive.,9,False,web form,standard
TKT-01542,2025-04-12T08:44:00Z,refund status,Refund posting timeline question references LC-57840.,19,False,web form,vip
TKT-01213,2025-04-12T09:01:00Z,order tracking,Shopper asks when shipment LC-77519 will arrive.,12,False,email,guest
TKT-00223,2025-04-12T09:13:00Z,order tracking,Shopper asks when shipment LC-59099 will arrive.,11,False,chat,plus
TKT-01348,2025-04-12T09:20:00Z,order tracking,Tracking link question references order LC-55300.,10,False,email,guest
TKT-01306,2025-04-12T11:02:00Z,account access,Shopper cannot access account LC-72521.,9,False,phone,vip
TKT-02140,2025-04-12T12:19:00Z,account access,Password reset requested for account LC-28965.,18,False,chat,guest
TKT-00644,2025-04-12T13:09:00Z,refund status,Refund posting timeline question references LC-66911.,26,False,web form,standard
TKT-00094,2025-04-12T14:21:00Z,order tracking,Shopper requests tracking status for order LC-76305.,11,False,chat,guest
TKT-01517,2025-04-12T14:22:00Z,account access,Account lockout reported under LC-98395.,39,True,web form,standard
TKT-00281,2025-04-12T15:50:00Z,order tracking,Shopper asks when shipment LC-56652 will arrive.,4,False,chat,standard
TKT-01882,2025-04-12T18:19:00Z,refund status,Shopper requests refund status for LC-74923.,14,False,chat,standard
TKT-02779,2025-04-12T19:46:00Z,return request,Shopper requests return instructions for order LC-73376.,16,False,phone,standard
TKT-00030,2025-04-12T21:09:00Z,product question,Product compatibility question references LC-97641.,65,False,chat,standard
TKT-00296,2025-04-12T22:12:00Z,refund status,Shopper cannot locate a processed refund under LC-28022.,66,True,chat,standard
TKT-02727,2025-04-13T00:03:00Z,promotion question,Shopper reports a promotion did not apply under LC-13776.,13,False,chat,guest
TKT-02507,2025-04-13T03:02:00Z,return request,Shopper requests a return label for LC-89179.,25,False,phone,plus
TKT-02459,2025-04-13T03:53:00Z,refund status,Shopper requests refund status for LC-92900.,34,False,phone,standard
TKT-02754,2025-04-13T04:42:00Z,account access,Account lockout reported under LC-62092.,44,True,web form,plus
TKT-02266,2025-04-13T07:07:00Z,order tracking,Tracking link question references order LC-28644.,6,False,chat,standard
TKT-01027,2025-04-13T08:37:00Z,refund status,Refund posting timeline question references LC-87320.,18,False,phone,plus
TKT-02684,2025-04-13T12:29:00Z,return request,Shopper requests return instructions for order LC-13509.,17,False,chat,standard
TKT-00835,2025-04-13T14:52:00Z,order tracking,Tracking link question references order LC-18698.,4,False,chat,standard
TKT-01904,2025-04-13T17:28:00Z,order tracking,Shopper requests tracking status for order LC-82828.,5,False,web form,guest
TKT-02524,2025-04-13T18:02:00Z,product question,Shopper asks about product specifications for LC-70257.,20,False,chat,standard
TKT-02867,2025-04-13T19:22:00Z,refund status,Refund posting timeline question references LC-14135.,33,False,email,guest
TKT-01013,2025-04-13T20:50:00Z,order tracking,Tracking link question references order LC-67992.,10,False,chat,plus
TKT-01737,2025-04-13T20:59:00Z,promotion question,Promotion eligibility exception references LC-41384.,40,False,web form,standard
TKT-01459,2025-04-13T23:42:00Z,product question,Shopper requests product-selection guidance under LC-92682.,43,False,chat,guest
TKT-01990,2025-04-14T00:25:00Z,order tracking,Tracking link question references order LC-79618.,13,False,phone,standard
TKT-01112,2025-04-14T01:30:00Z,order tracking,Shopper requests tracking status for order LC-67665.,12,False,chat,standard
TKT-00924,2025-04-14T03:15:00Z,return request,Shopper requests return instructions for order LC-27322.,22,False,phone,standard
TKT-02798,2025-04-14T06:10:00Z,account access,Account lockout reported under LC-54465.,12,False,chat,guest
TKT-01023,2025-04-14T06:34:00Z,promotion question,Shopper questions campaign terms for promotion LC-92916.,38,False,chat,standard
TKT-02239,2025-04-14T07:08:00Z,order tracking,Shopper asks when shipment LC-24302 will arrive.,5,False,phone,guest
TKT-01422,2025-04-14T07:23:00Z,order tracking,Shopper requests tracking status for order LC-61148.,11,False,email,vip
TKT-00153,2025-04-14T08:47:00Z,return request,Shopper requests a return label for LC-61463.,19,False,web form,vip
TKT-02197,2025-04-14T10:57:00Z,subscription change,Shopper requests a subscription change under LC-55728.,33,False,chat,standard
TKT-00235,2025-04-14T14:47:00Z,promotion question,Shopper reports a promotion did not apply under LC-98997.,18,False,chat,plus
TKT-01523,2025-04-14T14:55:00Z,order tracking,Tracking link question references order LC-24654.,12,False,web form,standard
TKT-01860,2025-04-14T17:12:00Z,order tracking,Shopper requests tracking status for order LC-92564.,14,False,chat,standard
TKT-02062,2025-04-14T17:57:00Z,product question,Shopper requests product-selection guidance under LC-60813.,85,True,chat,standard
TKT-00147,2025-04-14T22:45:00Z,order tracking,Shopper asks when shipment LC-16290 will arrive.,14,False,chat,guest
TKT-02874,2025-04-14T23:43:00Z,return request,Return eligibility question references LC-90139.,48,False,email,standard
TKT-02382,2025-04-14T23:55:00Z,return request,Return eligibility question references LC-76013.,96,True,email,standard
TKT-02099,2025-04-15T02:25:00Z,refund status,Shopper cannot locate a processed refund under LC-41514.,37,False,email,standard
TKT-02174,2025-04-15T02:42:00Z,refund status,Refund posting timeline question references LC-77638.,13,False,web form,standard
TKT-00183,2025-04-15T03:55:00Z,return request,Shopper requests return instructions for order LC-19370.,28,False,phone,guest
TKT-00065,2025-04-15T04:56:00Z,promotion question,Shopper questions campaign terms for promotion LC-51635.,24,False,email,plus
TKT-01049,2025-04-15T06:37:00Z,refund status,Refund posting timeline question references LC-70598.,77,True,chat,guest
TKT-01075,2025-04-15T08:08:00Z,subscription change,Shopper asks about subscription cancellation for LC-32766.,28,False,phone,guest
TKT-02630,2025-04-15T08:14:00Z,promotion question,Promotion eligibility exception references LC-68976.,26,False,phone,guest
TKT-00601,2025-04-15T09:12:00Z,return request,Return eligibility question references LC-23842.,35,False,chat,standard
TKT-01252,2025-04-15T16:11:00Z,promotion question,Shopper questions campaign terms for promotion LC-70487.,65,True,email,guest
TKT-01227,2025-04-15T19:03:00Z,promotion question,Promotion eligibility exception references LC-75446.,26,False,email,standard
TKT-01408,2025-04-15T20:44:00Z,account access,Account lockout reported under LC-67740.,14,False,chat,plus
TKT-00302,2025-04-15T21:08:00Z,order tracking,Tracking link question references order LC-41752.,10,False,chat,standard
TKT-01470,2025-04-15T21:33:00Z,product question,Shopper requests product-selection guidance under LC-77045.,42,False,phone,standard
TKT-00972,2025-04-15T23:24:00Z,refund status,Shopper requests refund status for LC-10347.,21,False,chat,standard
TKT-01312,2025-04-15T23:50:00Z,order tracking,Shopper asks when shipment LC-59379 will arrive.,3,False,chat,guest
TKT-02492,2025-04-16T00:19:00Z,refund status,Shopper cannot locate a processed refund under LC-54547.,72,True,web form,standard
TKT-01207,2025-04-16T00:36:00Z,promotion question,Shopper questions campaign terms for promotion LC-15995.,42,False,email,guest
TKT-00629,2025-04-16T03:57:00Z,account access,Password reset requested for account LC-84737.,8,False,web form,guest
TKT-00834,2025-04-16T07:30:00Z,refund status,Refund posting timeline question references LC-32343.,24,False,email,plus
TKT-00161,2025-04-16T08:16:00Z,return request,Return eligibility question references LC-85193.,17,False,email,plus
TKT-02529,2025-04-16T08:27:00Z,product question,Product compatibility question references LC-47323.,30,False,chat,guest
TKT-02367,2025-04-16T12:21:00Z,return request,Shopper requests return instructions for order LC-67920.,41,False,phone,guest
TKT-01898,2025-04-16T12:50:00Z,fraud review,Shopper responds to a manual account-security review for LC-89099.,112,True,chat,guest
TKT-02161,2025-04-16T12:52:00Z,return request,Return eligibility question references LC-93145.,26,False,phone,standard
TKT-00061,2025-04-16T16:07:00Z,order tracking,Shopper asks when shipment LC-25360 will arrive.,4,False,email,guest
TKT-01652,2025-04-16T16:15:00Z,order tracking,Shopper asks when shipment LC-65604 will arrive.,13,False,phone,standard
TKT-01728,2025-04-16T16:28:00Z,promotion question,Shopper reports a promotion did not apply under LC-29334.,17,False,chat,plus
TKT-01045,2025-04-16T17:06:00Z,account access,Password reset requested for account LC-41153.,10,False,chat,plus
TKT-00581,2025-04-16T21:16:00Z,promotion question,Shopper questions campaign terms for promotion LC-14000.,55,False,email,standard
TKT-01673,2025-04-16T22:10:00Z,promotion question,Shopper questions campaign terms for promotion LC-24147.,21,False,chat,plus
TKT-00079,2025-04-16T22:13:00Z,account access,Password reset requested for account LC-79799.,15,False,phone,guest
TKT-00110,2025-04-17T00:58:00Z,account access,Account lockout reported under LC-85512.,16,False,email,standard
TKT-00430,2025-04-17T01:03:00Z,refund status,Shopper cannot locate a processed refund under LC-73006.,14,False,email,standard
TKT-02799,2025-04-17T02:11:00Z,return request,Shopper requests return instructions for order LC-89803.,20,False,web form,vip
TKT-02336,2025-04-17T04:17:00Z,refund status,Shopper cannot locate a processed refund under LC-97136.,14,False,web form,standard
TKT-02907,2025-04-17T04:59:00Z,account access,Password reset requested for account LC-95329.,11,False,chat,plus
TKT-00431,2025-04-17T09:11:00Z,order tracking,Shopper requests tracking status for order LC-94971.,11,False,web form,standard
TKT-01847,2025-04-17T09:18:00Z,account access,Shopper cannot access account LC-29147.,17,False,chat,guest
TKT-02841,2025-04-17T09:29:00Z,order tracking,Tracking link question references order LC-35492.,14,False,email,vip
TKT-02024,2025-04-17T10:32:00Z,order tracking,Tracking link question references order LC-29801.,5,False,chat,guest
TKT-00486,2025-04-17T10:48:00Z,order tracking,Tracking link question references order LC-94108.,9,False,chat,standard
TKT-02831,2025-04-17T15:30:00Z,order tracking,Tracking link question references order LC-42417.,10,False,web form,plus
TKT-00085,2025-04-17T16:47:00Z,refund status,Shopper cannot locate a processed refund under LC-43599.,26,False,chat,plus
TKT-01889,2025-04-17T18:11:00Z,refund status,Refund posting timeline question references LC-77380.,33,False,email,standard
TKT-02103,2025-04-17T18:20:00Z,return request,Shopper requests a return label for LC-18459.,37,False,chat,standard
TKT-01900,2025-04-17T18:51:00Z,subscription change,Shopper requests a subscription change under LC-16871.,16,False,phone,standard
TKT-01606,2025-04-17T18:53:00Z,product question,Shopper asks about product specifications for LC-68800.,36,True,web form,plus
TKT-01216,2025-04-17T19:02:00Z,promotion question,Promotion eligibility exception references LC-50191.,76,True,email,guest
TKT-01339,2025-04-17T21:54:00Z,return request,Shopper requests a return label for LC-17692.,26,False,phone,guest
TKT-01535,2025-04-17T22:33:00Z,return request,Shopper requests return instructions for order LC-82589.,23,False,phone,guest
TKT-02578,2025-04-18T00:07:00Z,promotion question,Promotion eligibility exception references LC-15730.,50,False,email,standard
TKT-00865,2025-04-18T00:57:00Z,product question,Product compatibility question references LC-49738.,59,False,phone,guest
TKT-00007,2025-04-18T02:08:00Z,order tracking,Shopper requests tracking status for order LC-25080.,3,False,chat,standard
TKT-01773,2025-04-18T06:49:00Z,return request,Shopper requests a return label for LC-67986.,38,False,phone,plus
TKT-01436,2025-04-18T06:59:00Z,order tracking,Tracking link question references order LC-15738.,54,True,chat,guest
TKT-01600,2025-04-18T07:19:00Z,return request,Return eligibility question references LC-22321.,41,False,phone,vip
TKT-02801,2025-04-18T08:36:00Z,return request,Shopper requests return instructions for order LC-33210.,23,False,email,standard
TKT-00564,2025-04-18T13:22:00Z,order tracking,Shopper asks when shipment LC-70045 will arrive.,12,False,chat,standard
TKT-02949,2025-04-18T14:59:00Z,refund status,Refund posting timeline question references LC-75943.,15,False,phone,plus
TKT-01650,2025-04-18T15:12:00Z,refund status,Shopper requests refund status for LC-67941.,37,False,email,plus
TKT-01379,2025-04-18T15:29:00Z,return request,Shopper requests return instructions for order LC-94453.,32,False,web form,guest
TKT-00438,2025-04-18T15:34:00Z,order tracking,Tracking link question references order LC-29122.,5,False,chat,standard
TKT-00268,2025-04-18T17:03:00Z,order tracking,Shopper requests tracking status for order LC-14100.,8,False,web form,standard
TKT-01328,2025-04-18T17:06:00Z,return request,Return eligibility question references LC-43404.,28,False,phone,standard
TKT-01351,2025-04-18T17:16:00Z,product question,Shopper asks about product specifications for LC-66543.,43,False,chat,guest
TKT-01150,2025-04-18T17:29:00Z,return request,Shopper requests a return label for LC-74314.,42,False,chat,guest
TKT-00036,2025-04-18T18:29:00Z,promotion question,Shopper questions campaign terms for promotion LC-80848.,19,False,email,vip
TKT-02618,2025-04-18T18:34:00Z,refund status,Shopper cannot locate a processed refund under LC-29837.,28,False,email,plus
TKT-00210,2025-04-18T20:24:00Z,account access,Shopper cannot access account LC-11127.,4,False,chat,guest
TKT-01394,2025-04-18T23:48:00Z,return request,Return eligibility question references LC-45732.,48,False,web form,standard
TKT-00948,2025-04-19T00:29:00Z,refund status,Shopper requests refund status for LC-59244.,28,False,chat,guest
TKT-01152,2025-04-19T00:37:00Z,return request,Shopper requests a return label for LC-81950.,19,False,web form,plus
TKT-01585,2025-04-19T01:01:00Z,refund status,Shopper requests refund status for LC-69170.,30,False,email,vip
TKT-02409,2025-04-19T04:48:00Z,account access,Password reset requested for account LC-97394.,14,False,phone,guest
TKT-02133,2025-04-19T05:07:00Z,refund status,Shopper cannot locate a processed refund under LC-32544.,34,False,phone,standard
TKT-00743,2025-04-19T06:33:00Z,account access,Shopper cannot access account LC-13632.,12,False,chat,guest
TKT-00316,2025-04-19T07:22:00Z,product question,Product compatibility question references LC-94225.,43,False,chat,plus
TKT-00294,2025-04-19T08:30:00Z,refund status,Shopper cannot locate a processed refund under LC-65146.,14,False,email,standard
TKT-02328,2025-04-19T09:33:00Z,account access,Account lockout reported under LC-42218.,9,False,email,standard
TKT-02093,2025-04-19T13:27:00Z,account access,Shopper cannot access account LC-61993.,17,False,chat,plus
TKT-02539,2025-04-19T14:01:00Z,refund status,Shopper cannot locate a processed refund under LC-45425.,17,False,chat,standard
TKT-02718,2025-04-19T15:41:00Z,refund status,Shopper cannot locate a processed refund under LC-31131.,13,False,phone,standard
TKT-02274,2025-04-19T17:40:00Z,order tracking,Shopper requests tracking status for order LC-14143.,6,False,web form,standard
TKT-00047,2025-04-19T20:38:00Z,account access,Password reset requested for account LC-43403.,7,False,chat,guest
TKT-01064,2025-04-19T20:40:00Z,account access,Shopper cannot access account LC-11261.,15,False,chat,standard
TKT-00806,2025-04-19T22:05:00Z,order tracking,Tracking link question references order LC-62153.,6,False,chat,standard
TKT-00372,2025-04-19T22:29:00Z,fraud review,High-risk order review references LC-85366 and requires human handling.,117,True,web form,standard
TKT-02586,2025-04-19T23:17:00Z,account access,Shopper cannot access account LC-92529.,13,False,chat,standard
TKT-02068,2025-04-19T23:33:00Z,return request,Shopper requests a return label for LC-66657.,75,True,email,plus
TKT-02442,2025-04-20T00:36:00Z,refund status,Shopper requests refund status for LC-27749.,13,False,phone,standard
TKT-02748,2025-04-20T01:28:00Z,order tracking,Tracking link question references order LC-12944.,3,False,web form,standard
TKT-00510,2025-04-20T02:12:00Z,product question,Shopper requests product-selection guidance under LC-36771.,63,False,phone,plus
TKT-01363,2025-04-20T08:54:00Z,order tracking,Shopper asks when shipment LC-78936 will arrive.,13,False,phone,standard
TKT-01646,2025-04-20T09:38:00Z,promotion question,Shopper questions campaign terms for promotion LC-30076.,17,False,web form,plus
TKT-01912,2025-04-20T11:13:00Z,order tracking,Shopper asks when shipment LC-41048 will arrive.,9,False,chat,plus
TKT-02687,2025-04-20T12:46:00Z,refund status,Shopper requests refund status for LC-76810.,28,False,phone,vip
TKT-02864,2025-04-20T12:54:00Z,subscription change,Shopper asks about subscription cancellation for LC-48962.,27,False,web form,plus
TKT-02190,2025-04-20T14:20:00Z,order tracking,Shopper asks when shipment LC-12971 will arrive.,7,False,chat,standard
TKT-01168,2025-04-20T16:48:00Z,order tracking,Shopper asks when shipment LC-73058 will arrive.,7,False,chat,plus
TKT-01122,2025-04-20T17:13:00Z,return request,Return eligibility question references LC-99349.,21,False,phone,guest
TKT-00732,2025-04-20T18:07:00Z,return request,Shopper requests return instructions for order LC-26360.,77,True,phone,guest
TKT-00087,2025-04-20T19:01:00Z,order tracking,Shopper asks when shipment LC-17727 will arrive.,5,False,chat,guest
TKT-00374,2025-04-20T19:33:00Z,return request,Shopper requests a return label for LC-35282.,38,False,phone,vip
TKT-00802,2025-04-20T22:32:00Z,fraud review,Transaction review requires specialist approval under LC-72564.,177,True,phone,guest
TKT-01035,2025-04-20T22:46:00Z,refund status,Shopper cannot locate a processed refund under LC-72184.,22,False,phone,plus
TKT-02230,2025-04-21T00:44:00Z,order tracking,Shopper asks when shipment LC-44458 will arrive.,5,False,chat,plus
TKT-00671,2025-04-21T01:33:00Z,order tracking,Tracking link question references order LC-11853.,8,False,chat,guest
TKT-02214,2025-04-21T02:21:00Z,refund status,Refund posting timeline question references LC-14015.,17,False,phone,plus
TKT-01021,2025-04-21T04:36:00Z,order tracking,Shopper requests tracking status for order LC-50074.,3,False,chat,standard
TKT-02211,2025-04-21T08:20:00Z,refund status,Shopper requests refund status for LC-22999.,26,False,chat,standard
TKT-02351,2025-04-21T08:35:00Z,promotion question,Shopper questions campaign terms for promotion LC-69062.,34,False,chat,standard
TKT-00132,2025-04-21T08:41:00Z,return request,Shopper requests a return label for LC-40822.,72,True,chat,plus
TKT-02369,2025-04-21T09:43:00Z,refund status,Shopper requests refund status for LC-35488.,21,False,web form,plus
TKT-00901,2025-04-21T10:33:00Z,refund status,Refund posting timeline question references LC-58898.,35,False,email,plus
TKT-01469,2025-04-21T10:33:00Z,fraud review,Transaction review requires specialist approval under LC-94299.,124,True,email,plus
TKT-01249,2025-04-21T11:25:00Z,account access,Shopper cannot access account LC-54365.,11,False,chat,standard
TKT-01134,2025-04-21T11:39:00Z,refund status,Shopper requests refund status for LC-58717.,25,False,chat,standard
TKT-02741,2025-04-21T12:19:00Z,account access,Password reset requested for account LC-14567.,4,False,chat,standard
TKT-02142,2025-04-21T14:21:00Z,return request,Shopper requests return instructions for order LC-91237.,23,False,phone,plus
TKT-02443,2025-04-21T14:56:00Z,subscription change,Shopper asks about subscription cancellation for LC-96249.,44,False,web form,plus
TKT-00033,2025-04-21T18:40:00Z,order tracking,Shopper asks when shipment LC-50949 will arrive.,10,False,email,standard
TKT-02268,2025-04-21T20:13:00Z,order tracking,Shopper requests tracking status for order LC-38877.,9,False,web form,standard
TKT-02914,2025-04-21T20:44:00Z,return request,Shopper requests return instructions for order LC-96648.,46,False,chat,standard
TKT-02859,2025-04-22T01:08:00Z,order tracking,Shopper requests tracking status for order LC-53743.,7,False,chat,plus
TKT-00279,2025-04-22T01:55:00Z,return request,Shopper requests a return label for LC-14504.,25,False,email,standard
TKT-01759,2025-04-22T01:59:00Z,refund status,Shopper cannot locate a processed refund under LC-69449.,28,False,phone,standard
TKT-00311,2025-04-22T04:49:00Z,product question,Shopper requests product-selection guidance under LC-82989.,17,False,chat,guest
TKT-01387,2025-04-22T04:57:00Z,order tracking,Tracking link question references order LC-62958.,13,False,chat,standard
TKT-00826,2025-04-22T05:41:00Z,order tracking,Shopper asks when shipment LC-44866 will arrive.,13,False,chat,guest
TKT-01343,2025-04-22T07:09:00Z,order tracking,Shopper asks when shipment LC-75591 will arrive.,9,False,chat,guest
TKT-01999,2025-04-22T08:42:00Z,refund status,Refund posting timeline question references LC-16595.,33,False,email,standard
TKT-00067,2025-04-22T08:53:00Z,order tracking,Shopper requests tracking status for order LC-70216.,3,False,chat,plus
TKT-02078,2025-04-22T09:09:00Z,order tracking,Shopper requests tracking status for order LC-92712.,13,False,chat,standard
TKT-00159,2025-04-22T09:28:00Z,refund status,Shopper cannot locate a processed refund under LC-73767.,35,False,email,guest
TKT-00032,2025-04-22T09:29:00Z,refund status,Refund posting timeline question references LC-65940.,18,False,email,guest
TKT-02215,2025-04-22T11:19:00Z,return request,Return eligibility question references LC-59175.,15,False,email,standard
TKT-01096,2025-04-22T12:34:00Z,subscription change,Shopper requests a subscription change under LC-71877.,23,False,email,standard
TKT-02263,2025-04-22T13:42:00Z,product question,Product compatibility question references LC-93080.,16,False,chat,plus
TKT-00072,2025-04-22T17:53:00Z,return request,Shopper requests a return label for LC-42309.,93,True,web form,guest
TKT-01024,2025-04-22T20:29:00Z,product question,Shopper requests product-selection guidance under LC-78488.,19,False,chat,standard
TKT-01664,2025-04-22T20:37:00Z,promotion question,Shopper questions campaign terms for promotion LC-19268.,93,True,chat,standard
TKT-00263,2025-04-22T20:58:00Z,return request,Shopper requests a return label for LC-19394.,15,False,phone,vip
TKT-00812,2025-04-22T21:56:00Z,order tracking,Tracking link question references order LC-29448.,13,False,web form,guest
TKT-00362,2025-04-22T22:02:00Z,refund status,Shopper requests refund status for LC-28663.,34,False,phone,standard
TKT-00665,2025-04-22T22:31:00Z,return request,Shopper requests a return label for LC-16640.,83,True,phone,guest
TKT-02661,2025-04-22T22:37:00Z,refund status,Refund posting timeline question references LC-44549.,18,False,phone,standard
TKT-00273,2025-04-23T01:45:00Z,account access,Account lockout reported under LC-70947.,12,False,web form,standard
TKT-01215,2025-04-23T08:58:00Z,return request,Shopper requests return instructions for order LC-83437.,31,False,email,plus
TKT-02516,2025-04-23T09:26:00Z,order tracking,Shopper requests tracking status for order LC-52761.,3,False,chat,guest
TKT-01697,2025-04-23T11:05:00Z,order tracking,Shopper requests tracking status for order LC-47540.,12,False,chat,guest
TKT-01455,2025-04-23T13:45:00Z,promotion question,Shopper questions campaign terms for promotion LC-83270.,30,False,phone,plus
TKT-01208,2025-04-23T15:17:00Z,refund status,Shopper requests refund status for LC-89084.,32,False,chat,guest
TKT-00137,2025-04-23T15:34:00Z,order tracking,Tracking link question references order LC-75556.,13,False,chat,guest
TKT-00636,2025-04-23T16:09:00Z,account access,Account lockout reported under LC-12491.,6,False,chat,standard
TKT-00109,2025-04-23T17:05:00Z,account access,Shopper cannot access account LC-12866.,4,False,chat,plus
TKT-00897,2025-04-23T17:17:00Z,return request,Shopper requests return instructions for order LC-50959.,43,False,email,vip
TKT-00710,2025-04-23T18:30:00Z,order tracking,Shopper requests tracking status for order LC-49776.,14,False,chat,guest
TKT-01593,2025-04-23T20:39:00Z,refund status,Refund posting timeline question references LC-51234.,28,False,phone,standard
TKT-01402,2025-04-23T22:07:00Z,return request,Shopper requests return instructions for order LC-37786.,46,False,phone,plus
TKT-02444,2025-04-24T01:55:00Z,return request,Return eligibility question references LC-91455.,31,False,chat,standard
TKT-01751,2025-04-24T01:58:00Z,promotion question,Shopper questions campaign terms for promotion LC-74963.,13,False,email,standard
TKT-00230,2025-04-24T03:01:00Z,order tracking,Tracking link question references order LC-18271.,10,False,web form,standard
TKT-01178,2025-04-24T04:35:00Z,return request,Shopper requests a return label for LC-24154.,15,False,chat,standard
TKT-00774,2025-04-24T05:43:00Z,order tracking,Shopper asks when shipment LC-79120 will arrive.,14,False,phone,plus
TKT-02448,2025-04-24T07:33:00Z,return request,Shopper requests a return label for LC-93485.,24,False,chat,standard
TKT-02523,2025-04-24T08:19:00Z,subscription change,Shopper asks about subscription cancellation for LC-92522.,27,False,chat,guest
TKT-01399,2025-04-24T11:32:00Z,return request,Return eligibility question references LC-29738.,48,False,phone,guest
TKT-00251,2025-04-24T11:56:00Z,account access,Shopper cannot access account LC-70913.,4,False,web form,guest
TKT-00622,2025-04-24T13:41:00Z,refund status,Shopper requests refund status for LC-64555.,17,False,web form,vip
TKT-00163,2025-04-24T14:01:00Z,subscription change,Subscription pause question references LC-68679.,34,False,web form,guest
TKT-01419,2025-04-24T14:28:00Z,refund status,Refund posting timeline question references LC-79803.,18,False,email,standard
TKT-02042,2025-04-24T15:06:00Z,return request,Return eligibility question references LC-20873.,19,False,phone,standard
TKT-00215,2025-04-24T15:15:00Z,promotion question,Shopper questions campaign terms for promotion LC-73733.,21,False,phone,vip
TKT-02028,2025-04-24T15:32:00Z,refund status,Shopper requests refund status for LC-64273.,30,False,chat,guest
TKT-02340,2025-04-24T16:43:00Z,return request,Return eligibility question references LC-62531.,45,False,phone,standard
TKT-01463,2025-04-24T19:24:00Z,order tracking,Shopper asks when shipment LC-83626 will arrive.,6,False,chat,standard
TKT-02389,2025-04-24T19:25:00Z,order tracking,Shopper requests tracking status for order LC-25392.,6,False,chat,guest
TKT-02500,2025-04-24T21:38:00Z,promotion question,Shopper questions campaign terms for promotion LC-35531.,45,False,web form,guest
TKT-01595,2025-04-24T21:47:00Z,account access,Shopper cannot access account LC-86412.,8,False,web form,guest
TKT-01764,2025-04-24T22:07:00Z,account access,Account lockout reported under LC-82954.,12,False,chat,vip
TKT-00489,2025-04-24T22:50:00Z,account access,Password reset requested for account LC-32302.,54,True,web form,plus
TKT-01553,2025-04-24T23:27:00Z,account access,Shopper cannot access account LC-68562.,14,False,chat,standard
TKT-02884,2025-04-25T01:56:00Z,order tracking,Tracking link question references order LC-19297.,9,False,chat,plus
TKT-00727,2025-04-25T01:57:00Z,order tracking,Shopper requests tracking status for order LC-50862.,3,False,email,standard
TKT-02252,2025-04-25T01:57:00Z,return request,Shopper requests a return label for LC-65164.,85,True,phone,plus
TKT-02182,2025-04-25T08:01:00Z,return request,Shopper requests a return label for LC-99297.,60,True,email,vip
TKT-00028,2025-04-25T08:09:00Z,return request,Shopper requests a return label for LC-82307.,79,True,web form,standard
TKT-02792,2025-04-25T08:29:00Z,return request,Shopper requests return instructions for order LC-31630.,85,True,chat,standard
TKT-00676,2025-04-25T09:57:00Z,refund status,Shopper requests refund status for LC-80237.,20,False,web form,standard
TKT-02107,2025-04-25T10:24:00Z,return request,Shopper requests return instructions for order LC-68363.,17,False,chat,standard
TKT-00930,2025-04-25T10:56:00Z,promotion question,Shopper questions campaign terms for promotion LC-47803.,48,False,web form,guest
TKT-01611,2025-04-25T11:16:00Z,product question,Product compatibility question references LC-87454.,37,False,phone,standard
TKT-02057,2025-04-25T16:13:00Z,refund status,Shopper requests refund status for LC-37344.,20,False,web form,plus
TKT-00655,2025-04-25T16:37:00Z,account access,Account lockout reported under LC-68287.,13,False,chat,standard
TKT-02205,2025-04-25T18:57:00Z,refund status,Shopper cannot locate a processed refund under LC-33679.,25,False,phone,standard
TKT-01292,2025-04-25T19:34:00Z,product question,Shopper asks about product specifications for LC-50829.,34,False,chat,guest
TKT-00995,2025-04-25T20:04:00Z,account access,Password reset requested for account LC-97033.,12,False,web form,guest
TKT-00500,2025-04-26T00:59:00Z,fraud review,High-risk order review references LC-61172 and requires human handling.,87,False,email,standard
TKT-02511,2025-04-26T03:14:00Z,order tracking,Tracking link question references order LC-34366.,10,False,chat,guest
TKT-00779,2025-04-26T03:47:00Z,account access,Account lockout reported under LC-14465.,18,False,web form,standard
TKT-00723,2025-04-26T06:51:00Z,refund status,Shopper requests refund status for LC-66307.,15,False,chat,plus
TKT-02785,2025-04-26T07:03:00Z,product question,Product compatibility question references LC-31313.,75,True,chat,standard
TKT-01589,2025-04-26T07:28:00Z,order tracking,Tracking link question references order LC-49245.,12,False,email,standard
TKT-00139,2025-04-26T09:21:00Z,order tracking,Shopper requests tracking status for order LC-35957.,10,False,email,plus
TKT-02270,2025-04-26T11:12:00Z,order tracking,Tracking link question references order LC-86279.,6,False,web form,plus
TKT-00775,2025-04-26T12:37:00Z,return request,Return eligibility question references LC-69072.,47,False,email,plus
TKT-02548,2025-04-26T12:40:00Z,refund status,Shopper requests refund status for LC-80259.,38,False,phone,plus
TKT-00585,2025-04-26T13:23:00Z,order tracking,Shopper asks when shipment LC-66145 will arrive.,9,False,email,standard
TKT-02334,2025-04-26T13:36:00Z,order tracking,Tracking link question references order LC-84881.,3,False,chat,guest
TKT-02734,2025-04-26T15:21:00Z,fraud review,High-risk order review references LC-82481 and requires human handling.,133,True,email,guest
TKT-00763,2025-04-26T15:30:00Z,account access,Shopper cannot access account LC-83517.,8,False,chat,standard
TKT-02849,2025-04-26T20:43:00Z,promotion question,Shopper reports a promotion did not apply under LC-75631.,25,False,email,guest
TKT-01360,2025-04-26T21:34:00Z,order tracking,Tracking link question references order LC-24851.,6,False,web form,standard
TKT-01108,2025-04-26T21:52:00Z,product question,Product compatibility question references LC-98160.,36,False,web form,plus
TKT-00496,2025-04-26T23:19:00Z,return request,Shopper requests return instructions for order LC-39539.,68,True,email,standard
TKT-01785,2025-04-26T23:39:00Z,promotion question,Promotion eligibility exception references LC-57929.,17,False,chat,guest
TKT-00953,2025-04-27T01:27:00Z,order tracking,Shopper asks when shipment LC-75826 will arrive.,9,False,chat,guest
TKT-00771,2025-04-27T02:09:00Z,account access,Account lockout reported under LC-25417.,17,False,chat,guest
TKT-01101,2025-04-27T03:06:00Z,order tracking,Shopper requests tracking status for order LC-14140.,9,False,chat,vip
TKT-01560,2025-04-27T06:12:00Z,product question,Product compatibility question references LC-65730.,33,False,web form,standard
TKT-01264,2025-04-27T06:14:00Z,return request,Shopper requests a return label for LC-34411.,38,False,phone,guest
TKT-00192,2025-04-27T07:04:00Z,fraud review,Shopper responds to a manual account-security review for LC-56398.,149,True,phone,standard
TKT-01347,2025-04-27T07:13:00Z,refund status,Shopper cannot locate a processed refund under LC-30220.,28,False,chat,guest
TKT-00832,2025-04-27T08:16:00Z,return request,Return eligibility question references LC-66428.,92,True,web form,standard
TKT-02879,2025-04-27T12:48:00Z,return request,Shopper requests a return label for LC-53855.,27,False,phone,plus
TKT-01574,2025-04-27T13:06:00Z,refund status,Refund posting timeline question references LC-14363.,19,False,chat,guest
TKT-02503,2025-04-27T14:26:00Z,fraud review,High-risk order review references LC-81190 and requires human handling.,137,True,phone,guest
TKT-01820,2025-04-27T14:37:00Z,promotion question,Shopper reports a promotion did not apply under LC-71920.,56,True,phone,vip
TKT-00204,2025-04-27T16:56:00Z,promotion question,Shopper reports a promotion did not apply under LC-51675.,13,False,web form,standard
TKT-02427,2025-04-27T18:06:00Z,return request,Return eligibility question references LC-12701.,43,False,phone,standard
TKT-02954,2025-04-27T18:28:00Z,account access,Account lockout reported under LC-48137.,7,False,chat,guest
TKT-01638,2025-04-27T18:55:00Z,promotion question,Shopper questions campaign terms for promotion LC-12004.,54,False,email,standard
TKT-02050,2025-04-27T19:40:00Z,order tracking,Shopper requests tracking status for order LC-31096.,4,False,chat,standard
TKT-00844,2025-04-27T19:54:00Z,account access,Shopper cannot access account LC-85174.,18,False,web form,vip
TKT-02990,2025-04-27T22:26:00Z,order tracking,Tracking link question references order LC-17622.,12,False,chat,standard
TKT-00554,2025-04-27T23:15:00Z,product question,Shopper requests product-selection guidance under LC-58039.,16,False,web form,plus
TKT-00403,2025-04-27T23:20:00Z,subscription change,Shopper requests a subscription change under LC-73254.,41,False,web form,plus
TKT-02508,2025-04-27T23:35:00Z,return request,Return eligibility question references LC-89780.,38,False,email,standard
TKT-01778,2025-04-28T07:31:00Z,order tracking,Tracking link question references order LC-54943.,10,False,email,guest
TKT-02671,2025-04-28T09:22:00Z,account access,Account lockout reported under LC-93845.,7,False,web form,guest
TKT-01004,2025-04-28T09:43:00Z,refund status,Refund posting timeline question references LC-51647.,26,False,email,standard
TKT-00804,2025-04-28T09:54:00Z,account access,Account lockout reported under LC-53460.,6,False,email,standard
TKT-02948,2025-04-28T11:39:00Z,refund status,Shopper requests refund status for LC-40115.,29,False,chat,standard
TKT-02329,2025-04-28T12:57:00Z,refund status,Shopper requests refund status for LC-75881.,73,True,email,standard
TKT-02882,2025-04-28T15:39:00Z,refund status,Shopper cannot locate a processed refund under LC-31587.,18,False,chat,guest
TKT-01386,2025-04-28T16:26:00Z,order tracking,Shopper requests tracking status for order LC-65170.,7,False,chat,vip
TKT-00199,2025-04-28T17:56:00Z,account access,Password reset requested for account LC-50265.,13,False,web form,plus
TKT-01271,2025-04-28T21:53:00Z,fraud review,High-risk order review references LC-90575 and requires human handling.,184,True,web form,guest
TKT-00340,2025-04-28T22:39:00Z,return request,Shopper requests return instructions for order LC-90739.,39,False,email,standard
TKT-01210,2025-04-28T23:54:00Z,product question,Shopper requests product-selection guidance under LC-19876.,47,False,web form,guest
TKT-00890,2025-04-28T23:57:00Z,refund status,Shopper requests refund status for LC-79719.,14,False,chat,plus
TKT-02830,2025-04-29T01:05:00Z,order tracking,Tracking link question references order LC-24091.,60,True,email,standard
TKT-01894,2025-04-29T01:30:00Z,account access,Account lockout reported under LC-31718.,5,False,email,standard
TKT-01838,2025-04-29T03:06:00Z,order tracking,Shopper asks when shipment LC-96915 will arrive.,14,False,chat,plus
TKT-01059,2025-04-29T04:28:00Z,order tracking,Shopper requests tracking status for order LC-77245.,14,False,chat,plus
TKT-01318,2025-04-29T05:36:00Z,account access,Password reset requested for account LC-42479.,9,False,chat,plus
TKT-01456,2025-04-29T06:27:00Z,refund status,Shopper requests refund status for LC-99114.,23,False,chat,guest
TKT-01674,2025-04-29T07:05:00Z,order tracking,Tracking link question references order LC-37248.,11,False,email,vip
TKT-00964,2025-04-29T08:20:00Z,refund status,Refund posting timeline question references LC-31574.,16,False,phone,vip
TKT-02652,2025-04-29T10:26:00Z,refund status,Refund posting timeline question references LC-76858.,58,True,email,guest
TKT-02797,2025-04-29T11:04:00Z,return request,Shopper requests a return label for LC-98308.,25,False,phone,standard
TKT-02665,2025-04-29T11:37:00Z,refund status,Shopper cannot locate a processed refund under LC-14124.,20,False,chat,guest
TKT-02705,2025-04-29T12:13:00Z,return request,Shopper requests return instructions for order LC-94572.,50,True,phone,plus
TKT-00758,2025-04-29T12:16:00Z,order tracking,Tracking link question references order LC-30675.,7,False,web form,standard
TKT-00973,2025-04-29T13:00:00Z,return request,Shopper requests a return label for LC-70654.,23,False,phone,plus
TKT-02863,2025-04-29T13:13:00Z,return request,Return eligibility question references LC-51293.,24,False,email,guest
TKT-02285,2025-04-29T15:31:00Z,refund status,Shopper cannot locate a processed refund under LC-40795.,36,False,email,plus
TKT-00768,2025-04-29T17:27:00Z,fraud review,Transaction review requires specialist approval under LC-38599.,203,True,phone,plus
TKT-01700,2025-04-29T17:53:00Z,refund status,Shopper requests refund status for LC-47046.,34,False,chat,standard
TKT-01536,2025-04-30T01:09:00Z,account access,Shopper cannot access account LC-27386.,8,False,web form,plus
TKT-00741,2025-04-30T01:58:00Z,return request,Return eligibility question references LC-38526.,35,False,phone,standard
TKT-02429,2025-04-30T05:03:00Z,refund status,Shopper cannot locate a processed refund under LC-90804.,44,True,phone,guest
TKT-02244,2025-04-30T07:02:00Z,subscription change,Shopper asks about subscription cancellation for LC-82124.,36,False,web form,standard
TKT-02951,2025-04-30T07:59:00Z,return request,Shopper requests return instructions for order LC-36341.,61,True,chat,guest
TKT-00525,2025-04-30T09:20:00Z,account access,Password reset requested for account LC-51823.,46,True,chat,guest
TKT-01445,2025-04-30T10:25:00Z,return request,Return eligibility question references LC-88323.,46,False,phone,plus
TKT-01432,2025-04-30T11:59:00Z,fraud review,Transaction review requires specialist approval under LC-40060.,184,True,phone,standard
TKT-00959,2025-04-30T13:04:00Z,refund status,Shopper cannot locate a processed refund under LC-77692.,21,False,chat,standard
TKT-00088,2025-04-30T13:07:00Z,refund status,Refund posting timeline question references LC-17768.,23,False,chat,guest
TKT-02605,2025-04-30T18:52:00Z,subscription change,Subscription pause question references LC-96557.,45,False,phone,plus
TKT-00788,2025-04-30T21:59:00Z,return request,Shopper requests return instructions for order LC-82776.,16,False,email,standard
TKT-01388,2025-05-01T00:31:00Z,account access,Password reset requested for account LC-46570.,17,False,phone,standard
TKT-01711,2025-05-01T00:42:00Z,order tracking,Shopper requests tracking status for order LC-78934.,8,False,phone,standard
TKT-02392,2025-05-01T01:59:00Z,promotion question,Shopper reports a promotion did not apply under LC-21677.,39,False,email,vip
TKT-00054,2025-05-01T02:00:00Z,fraud review,Transaction review requires specialist approval under LC-35536.,165,False,phone,standard
TKT-02011,2025-05-01T02:44:00Z,refund status,Shopper requests refund status for LC-19493.,50,True,phone,guest
TKT-01527,2025-05-01T04:07:00Z,order tracking,Shopper asks when shipment LC-29893 will arrive.,14,False,email,guest
TKT-01979,2025-05-01T04:34:00Z,account access,Shopper cannot access account LC-45328.,11,False,chat,vip
TKT-01481,2025-05-01T04:51:00Z,order tracking,Shopper requests tracking status for order LC-11498.,7,False,email,standard
TKT-00899,2025-05-01T11:25:00Z,fraud review,High-risk order review references LC-17379 and requires human handling.,172,True,phone,standard
TKT-00547,2025-05-01T11:54:00Z,product question,Product compatibility question references LC-79497.,73,True,chat,guest
TKT-00303,2025-05-01T13:32:00Z,return request,Shopper requests a return label for LC-71787.,33,False,chat,guest
TKT-01489,2025-05-01T13:56:00Z,subscription change,Shopper requests a subscription change under LC-34236.,15,False,chat,guest
TKT-01145,2025-05-01T15:59:00Z,product question,Shopper requests product-selection guidance under LC-44244.,52,False,phone,standard
TKT-00750,2025-05-01T17:43:00Z,order tracking,Shopper asks when shipment LC-19099 will arrive.,7,False,chat,guest
TKT-02201,2025-05-01T18:17:00Z,order tracking,Shopper asks when shipment LC-35556 will arrive.,8,False,chat,standard
TKT-00390,2025-05-01T22:04:00Z,subscription change,Shopper requests a subscription change under LC-34796.,37,False,chat,standard
TKT-01607,2025-05-02T00:37:00Z,order tracking,Shopper asks when shipment LC-42714 will arrive.,11,False,chat,plus
TKT-00455,2025-05-02T04:51:00Z,order tracking,Shopper asks when shipment LC-58600 will arrive.,6,False,chat,guest
TKT-01224,2025-05-02T06:45:00Z,fraud review,Shopper responds to a manual account-security review for LC-59691.,183,True,phone,standard
TKT-02941,2025-05-02T07:13:00Z,subscription change,Shopper asks about subscription cancellation for LC-12774.,40,False,email,vip
TKT-00252,2025-05-02T07:33:00Z,fraud review,Transaction review requires specialist approval under LC-73618.,117,True,phone,vip
TKT-00683,2025-05-02T15:12:00Z,subscription change,Shopper asks about subscription cancellation for LC-79641.,36,False,chat,guest
TKT-01796,2025-05-02T16:38:00Z,order tracking,Shopper asks when shipment LC-67270 will arrive.,3,False,phone,standard
TKT-02177,2025-05-02T17:02:00Z,order tracking,Shopper requests tracking status for order LC-27282.,12,False,chat,guest
TKT-00134,2025-05-02T18:06:00Z,return request,Shopper requests a return label for LC-56036.,39,False,phone,plus
TKT-01287,2025-05-02T18:11:00Z,account access,Shopper cannot access account LC-75339.,7,False,web form,plus
TKT-00226,2025-05-02T21:47:00Z,product question,Shopper requests product-selection guidance under LC-14307.,31,False,web form,standard
TKT-01539,2025-05-02T22:12:00Z,promotion question,Promotion eligibility exception references LC-82288.,31,False,web form,guest
TKT-00939,2025-05-02T23:12:00Z,order tracking,Shopper requests tracking status for order LC-69062.,10,False,chat,plus
TKT-02534,2025-05-02T23:53:00Z,product question,Shopper requests product-selection guidance under LC-96391.,58,False,chat,guest
TKT-00435,2025-05-03T01:34:00Z,return request,Shopper requests return instructions for order LC-30026.,49,False,email,plus
TKT-02869,2025-05-03T01:42:00Z,account access,Password reset requested for account LC-46075.,14,False,phone,guest
TKT-01579,2025-05-03T03:09:00Z,promotion question,Promotion eligibility exception references LC-67799.,96,True,phone,standard
TKT-00241,2025-05-03T03:12:00Z,account access,Shopper cannot access account LC-38725.,18,False,phone,standard
TKT-01236,2025-05-03T05:44:00Z,account access,Shopper cannot access account LC-23678.,15,False,web form,standard
TKT-00730,2025-05-03T07:23:00Z,account access,Password reset requested for account LC-43244.,10,False,email,guest
TKT-01042,2025-05-03T11:20:00Z,promotion question,Shopper questions campaign terms for promotion LC-63574.,21,False,web form,plus
TKT-01954,2025-05-03T12:09:00Z,refund status,Refund posting timeline question references LC-37853.,18,False,chat,standard
TKT-02873,2025-05-03T12:24:00Z,account access,Shopper cannot access account LC-86138.,18,False,web form,vip
TKT-00387,2025-05-03T13:01:00Z,product question,Product compatibility question references LC-18185.,15,False,email,guest
TKT-00704,2025-05-03T14:34:00Z,account access,Password reset requested for account LC-95315.,9,False,phone,standard
TKT-01821,2025-05-03T15:35:00Z,fraud review,Shopper responds to a manual account-security review for LC-42117.,130,True,phone,plus
TKT-00943,2025-05-03T16:55:00Z,refund status,Shopper requests refund status for LC-88693.,21,False,email,standard
TKT-02765,2025-05-03T17:32:00Z,fraud review,Shopper responds to a manual account-security review for LC-17604.,185,True,phone,standard
TKT-00398,2025-05-03T20:31:00Z,refund status,Shopper requests refund status for LC-86456.,91,True,chat,standard
TKT-00209,2025-05-03T20:57:00Z,refund status,Shopper cannot locate a processed refund under LC-51352.,37,False,email,plus
TKT-01392,2025-05-03T23:39:00Z,product question,Product compatibility question references LC-91258.,62,False,chat,standard
TKT-00424,2025-05-04T00:50:00Z,order tracking,Shopper asks when shipment LC-23077 will arrive.,12,False,chat,plus
TKT-00753,2025-05-04T00:51:00Z,refund status,Shopper requests refund status for LC-98069.,19,False,phone,guest
TKT-01622,2025-05-04T00:58:00Z,return request,Shopper requests a return label for LC-67900.,41,False,phone,standard
TKT-02889,2025-05-04T01:53:00Z,order tracking,Shopper requests tracking status for order LC-73357.,7,False,email,plus
TKT-02031,2025-05-04T04:02:00Z,subscription change,Shopper asks about subscription cancellation for LC-97089.,15,False,chat,standard
TKT-02339,2025-05-04T07:34:00Z,promotion question,Shopper questions campaign terms for promotion LC-59022.,26,False,email,plus
TKT-00415,2025-05-04T10:18:00Z,order tracking,Shopper asks when shipment LC-56624 will arrive.,11,False,chat,plus
TKT-01200,2025-05-04T10:35:00Z,return request,Return eligibility question references LC-10425.,44,False,phone,standard
TKT-01567,2025-05-04T11:49:00Z,account access,Account lockout reported under LC-55298.,17,False,web form,guest
TKT-01111,2025-05-04T14:45:00Z,order tracking,Shopper asks when shipment LC-39769 will arrive.,12,False,chat,guest
TKT-02814,2025-05-04T14:55:00Z,order tracking,Shopper requests tracking status for order LC-64084.,8,False,email,guest
TKT-01653,2025-05-04T15:29:00Z,subscription change,Shopper asks about subscription cancellation for LC-82136.,47,False,chat,guest
TKT-00055,2025-05-04T16:08:00Z,account access,Account lockout reported under LC-49401.,6,False,web form,standard
TKT-03000,2025-05-04T18:06:00Z,refund status,Shopper requests refund status for LC-22506.,28,False,phone,standard
TKT-01497,2025-05-04T18:49:00Z,refund status,Shopper cannot locate a processed refund under LC-39539.,35,False,phone,standard
TKT-00968,2025-05-04T22:33:00Z,order tracking,Shopper asks when shipment LC-60856 will arrive.,10,False,email,vip
TKT-00286,2025-05-05T04:17:00Z,account access,Password reset requested for account LC-12522.,13,False,chat,standard
TKT-01681,2025-05-05T10:55:00Z,account access,Password reset requested for account LC-53976.,14,False,phone,guest
TKT-01369,2025-05-05T11:21:00Z,order tracking,Shopper asks when shipment LC-59077 will arrive.,12,False,chat,guest
TKT-00582,2025-05-05T15:13:00Z,order tracking,Tracking link question references order LC-83675.,11,False,chat,standard
TKT-00639,2025-05-05T16:57:00Z,return request,Shopper requests return instructions for order LC-74380.,61,True,web form,guest
TKT-02594,2025-05-05T18:49:00Z,subscription change,Shopper asks about subscription cancellation for LC-30260.,18,False,web form,standard
TKT-01616,2025-05-05T19:00:00Z,order tracking,Shopper requests tracking status for order LC-63855.,4,False,phone,plus
TKT-02761,2025-05-05T21:04:00Z,subscription change,Shopper asks about subscription cancellation for LC-26065.,74,True,chat,standard
TKT-00974,2025-05-05T22:36:00Z,return request,Shopper requests a return label for LC-73018.,36,False,chat,vip
TKT-00034,2025-05-06T01:00:00Z,return request,Return eligibility question references LC-80776.,25,False,chat,standard
TKT-01464,2025-05-06T01:02:00Z,return request,Shopper requests a return label for LC-10886.,24,False,chat,standard
TKT-00787,2025-05-06T02:31:00Z,order tracking,Shopper asks when shipment LC-15419 will arrive.,73,True,chat,guest
TKT-02333,2025-05-06T02:38:00Z,account access,Account lockout reported under LC-64879.,22,True,web form,guest
TKT-02639,2025-05-06T02:49:00Z,return request,Shopper requests return instructions for order LC-58405.,45,False,web form,standard
TKT-01255,2025-05-06T03:36:00Z,promotion question,Promotion eligibility exception references LC-16239.,61,True,chat,guest
TKT-02945,2025-05-06T04:21:00Z,account access,Password reset requested for account LC-46275.,5,False,chat,guest
TKT-02059,2025-05-06T09:25:00Z,fraud review,Shopper responds to a manual account-security review for LC-19456.,208,True,phone,plus
TKT-02592,2025-05-06T11:53:00Z,return request,Return eligibility question references LC-96554.,16,False,email,guest
TKT-01508,2025-05-06T12:05:00Z,subscription change,Shopper requests a subscription change under LC-38889.,72,True,chat,vip
TKT-00491,2025-05-06T12:38:00Z,order tracking,Shopper asks when shipment LC-29954 will arrive.,6,False,web form,standard
TKT-00077,2025-05-06T13:47:00Z,product question,Shopper requests product-selection guidance under LC-50319.,18,False,phone,standard
TKT-00401,2025-05-06T15:38:00Z,refund status,Refund posting timeline question references LC-99413.,21,False,chat,plus
TKT-02493,2025-05-06T16:42:00Z,order tracking,Tracking link question references order LC-95545.,13,False,web form,standard
TKT-00464,2025-05-06T17:35:00Z,order tracking,Tracking link question references order LC-21726.,5,False,chat,standard
TKT-01281,2025-05-06T22:28:00Z,order tracking,Shopper asks when shipment LC-59549 will arrive.,7,False,web form,guest
TKT-00971,2025-05-07T00:45:00Z,subscription change,Shopper asks about subscription cancellation for LC-52653.,26,False,email,standard
TKT-02764,2025-05-07T01:46:00Z,subscription change,Subscription pause question references LC-13958.,45,False,chat,standard
TKT-00173,2025-05-07T02:57:00Z,refund status,Shopper cannot locate a processed refund under LC-21627.,37,False,phone,plus
TKT-00975,2025-05-07T04:48:00Z,return request,Shopper requests a return label for LC-63498.,70,True,email,plus
TKT-00984,2025-05-07T05:12:00Z,subscription change,Subscription pause question references LC-22730.,46,False,phone,guest
TKT-00035,2025-05-07T08:40:00Z,promotion question,Shopper questions campaign terms for promotion LC-85438.,22,False,chat,guest
TKT-01385,2025-05-07T11:29:00Z,order tracking,Tracking link question references order LC-19941.,10,False,chat,standard
TKT-01614,2025-05-07T12:06:00Z,order tracking,Shopper asks when shipment LC-31971 will arrive.,13,False,web form,guest
TKT-00660,2025-05-07T14:13:00Z,product question,Product compatibility question references LC-30049.,34,False,phone,guest
TKT-00169,2025-05-07T14:14:00Z,return request,Shopper requests a return label for LC-54241.,25,False,phone,guest
TKT-00212,2025-05-07T14:18:00Z,order tracking,Tracking link question references order LC-15498.,3,False,web form,guest
TKT-02365,2025-05-07T14:45:00Z,fraud review,Transaction review requires specialist approval under LC-98714.,179,True,phone,standard
TKT-01248,2025-05-07T18:45:00Z,order tracking,Shopper asks when shipment LC-43890 will arrive.,8,False,chat,vip
TKT-01322,2025-05-07T20:42:00Z,promotion question,Shopper questions campaign terms for promotion LC-62846.,55,True,phone,plus
TKT-01554,2025-05-07T21:49:00Z,order tracking,Tracking link question references order LC-49466.,11,False,chat,plus
TKT-00853,2025-05-07T23:01:00Z,refund status,Shopper requests refund status for LC-75408.,29,False,email,guest
TKT-01250,2025-05-07T23:33:00Z,refund status,Shopper cannot locate a processed refund under LC-26735.,27,False,phone,vip
TKT-00405,2025-05-08T00:54:00Z,return request,Shopper requests return instructions for order LC-73573.,38,False,email,vip
TKT-00117,2025-05-08T02:34:00Z,order tracking,Shopper requests tracking status for order LC-43746.,14,False,email,plus
TKT-02347,2025-05-08T03:25:00Z,account access,Password reset requested for account LC-36014.,8,False,email,standard
TKT-02740,2025-05-08T04:01:00Z,account access,Account lockout reported under LC-69044.,4,False,phone,standard
TKT-02106,2025-05-08T07:32:00Z,account access,Password reset requested for account LC-57453.,15,False,web form,guest
TKT-02628,2025-05-08T07:37:00Z,order tracking,Shopper requests tracking status for order LC-81308.,9,False,email,standard
TKT-02165,2025-05-08T07:52:00Z,refund status,Shopper requests refund status for LC-52206.,26,False,chat,standard
TKT-00650,2025-05-08T08:49:00Z,order tracking,Shopper asks when shipment LC-40512 will arrive.,8,False,chat,standard
TKT-02808,2025-05-08T10:17:00Z,refund status,Shopper cannot locate a processed refund under LC-49547.,23,False,email,guest
TKT-01340,2025-05-08T11:01:00Z,order tracking,Tracking link question references order LC-39296.,12,False,chat,guest
TKT-00400,2025-05-08T11:38:00Z,order tracking,Tracking link question references order LC-20028.,10,False,chat,plus
TKT-00013,2025-05-08T11:57:00Z,promotion question,Promotion eligibility exception references LC-66121.,37,False,email,plus
TKT-01748,2025-05-08T12:16:00Z,return request,Return eligibility question references LC-85451.,53,True,phone,guest
TKT-01261,2025-05-08T15:05:00Z,order tracking,Tracking link question references order LC-71512.,4,False,email,plus
TKT-00822,2025-05-08T17:53:00Z,refund status,Shopper cannot locate a processed refund under LC-80693.,16,False,web form,standard
TKT-00813,2025-05-08T19:19:00Z,account access,Account lockout reported under LC-67377.,13,False,email,guest
TKT-02756,2025-05-08T19:30:00Z,refund status,Refund posting timeline question references LC-56777.,27,False,web form,vip
TKT-00664,2025-05-08T20:53:00Z,promotion question,Promotion eligibility exception references LC-80590.,28,False,phone,plus
TKT-01557,2025-05-08T22:28:00Z,order tracking,Shopper requests tracking status for order LC-49502.,3,False,chat,standard
TKT-01629,2025-05-08T23:47:00Z,fraud review,Shopper responds to a manual account-security review for LC-34789.,156,True,phone,vip
TKT-00299,2025-05-09T01:36:00Z,refund status,Shopper cannot locate a processed refund under LC-31309.,30,False,chat,standard
TKT-02235,2025-05-09T02:06:00Z,return request,Return eligibility question references LC-43816.,33,False,chat,guest
TKT-00772,2025-05-09T03:59:00Z,return request,Shopper requests a return label for LC-85059.,22,False,chat,standard
TKT-00678,2025-05-09T04:02:00Z,refund status,Shopper requests refund status for LC-84079.,20,False,chat,plus
TKT-01435,2025-05-09T04:37:00Z,refund status,Shopper requests refund status for LC-96174.,22,False,email,guest
TKT-02704,2025-05-09T05:16:00Z,promotion question,Shopper questions campaign terms for promotion LC-33257.,26,False,chat,standard
TKT-01630,2025-05-09T08:09:00Z,account access,Password reset requested for account LC-30083.,12,False,chat,plus
TKT-01377,2025-05-09T09:37:00Z,product question,Shopper requests product-selection guidance under LC-51236.,49,False,web form,standard
TKT-00643,2025-05-09T10:10:00Z,refund status,Shopper cannot locate a processed refund under LC-70649.,24,False,phone,standard
TKT-00815,2025-05-09T10:27:00Z,order tracking,Shopper asks when shipment LC-58026 will arrive.,13,False,chat,standard
TKT-02768,2025-05-09T11:19:00Z,account access,Account lockout reported under LC-14816.,15,False,chat,guest
TKT-02641,2025-05-09T20:50:00Z,order tracking,Shopper requests tracking status for order LC-25776.,13,False,email,plus
TKT-02726,2025-05-10T01:18:00Z,account access,Shopper cannot access account LC-76614.,5,False,chat,standard
TKT-00194,2025-05-10T02:35:00Z,product question,Shopper asks about product specifications for LC-56445.,24,False,phone,standard
TKT-02124,2025-05-10T03:33:00Z,fraud review,Transaction review requires specialist approval under LC-37957.,136,False,phone,plus
TKT-02166,2025-05-10T03:35:00Z,account access,Password reset requested for account LC-89136.,15,False,chat,standard
TKT-02631,2025-05-10T03:50:00Z,product question,Shopper asks about product specifications for LC-41657.,19,False,chat,standard
TKT-00437,2025-05-10T06:18:00Z,order tracking,Shopper asks when shipment LC-81711 will arrive.,12,False,web form,guest
TKT-00404,2025-05-10T11:00:00Z,promotion question,Promotion eligibility exception references LC-19515.,48,True,email,standard
TKT-00394,2025-05-10T14:31:00Z,refund status,Refund posting timeline question references LC-21999.,26,False,chat,standard
TKT-00648,2025-05-10T15:52:00Z,refund status,Shopper cannot locate a processed refund under LC-44712.,17,False,chat,standard
TKT-00839,2025-05-10T18:26:00Z,return request,Shopper requests a return label for LC-84510.,49,False,phone,plus
TKT-00862,2025-05-10T21:06:00Z,subscription change,Subscription pause question references LC-56743.,29,False,phone,guest
TKT-00448,2025-05-10T21:21:00Z,refund status,Shopper requests refund status for LC-78918.,27,False,chat,standard
TKT-02976,2025-05-10T23:57:00Z,order tracking,Shopper asks when shipment LC-17666 will arrive.,9,False,phone,standard
TKT-01661,2025-05-11T00:02:00Z,return request,Shopper requests return instructions for order LC-27199.,41,False,email,vip
TKT-00064,2025-05-11T02:06:00Z,order tracking,Shopper requests tracking status for order LC-33334.,9,False,chat,guest
TKT-02987,2025-05-11T02:10:00Z,order tracking,Tracking link question references order LC-52653.,3,False,email,guest
TKT-02087,2025-05-11T02:34:00Z,return request,Shopper requests return instructions for order LC-55365.,28,False,phone,guest
TKT-00293,2025-05-11T02:55:00Z,return request,Return eligibility question references LC-62260.,76,True,phone,guest
TKT-02097,2025-05-11T04:59:00Z,return request,Return eligibility question references LC-24511.,42,False,chat,guest
TKT-00328,2025-05-11T06:26:00Z,fraud review,High-risk order review references LC-10821 and requires human handling.,116,True,phone,guest
TKT-01986,2025-05-11T07:27:00Z,refund status,Shopper cannot locate a processed refund under LC-79717.,24,False,chat,plus
TKT-01193,2025-05-11T07:30:00Z,order tracking,Shopper asks when shipment LC-86434 will arrive.,11,False,phone,guest
TKT-01842,2025-05-11T07:31:00Z,return request,Shopper requests a return label for LC-27735.,22,False,web form,guest
TKT-02424,2025-05-11T09:49:00Z,return request,Shopper requests a return label for LC-60977.,46,False,phone,standard
TKT-00518,2025-05-11T10:46:00Z,return request,Shopper requests a return label for LC-45045.,50,False,email,guest
TKT-00023,2025-05-11T11:57:00Z,subscription change,Shopper requests a subscription change under LC-55436.,36,False,email,guest
TKT-00911,2025-05-11T11:59:00Z,account access,Shopper cannot access account LC-17657.,5,False,email,standard
TKT-01790,2025-05-11T12:05:00Z,return request,Shopper requests return instructions for order LC-83282.,31,False,email,standard
TKT-00063,2025-05-11T12:12:00Z,order tracking,Shopper requests tracking status for order LC-91188.,14,False,chat,plus
TKT-00089,2025-05-11T12:40:00Z,refund status,Refund posting timeline question references LC-17087.,18,False,phone,standard
TKT-00414,2025-05-11T12:48:00Z,order tracking,Tracking link question references order LC-60367.,3,False,phone,standard
TKT-01367,2025-05-11T13:26:00Z,account access,Password reset requested for account LC-41634.,17,False,chat,guest
TKT-01169,2025-05-11T13:48:00Z,account access,Shopper cannot access account LC-51754.,9,False,web form,plus
TKT-02396,2025-05-11T14:45:00Z,order tracking,Tracking link question references order LC-89409.,7,False,chat,guest
TKT-00722,2025-05-11T15:34:00Z,account access,Account lockout reported under LC-56379.,11,False,chat,plus
TKT-00883,2025-05-11T15:57:00Z,order tracking,Shopper requests tracking status for order LC-15461.,10,False,chat,standard
TKT-02698,2025-05-11T16:35:00Z,return request,Shopper requests return instructions for order LC-83696.,24,False,phone,standard
TKT-01311,2025-05-11T16:47:00Z,return request,Return eligibility question references LC-23390.,49,False,phone,standard
TKT-00986,2025-05-11T17:12:00Z,product question,Shopper asks about product specifications for LC-61503.,40,False,chat,standard
TKT-00481,2025-05-11T19:29:00Z,order tracking,Tracking link question references order LC-53406.,11,False,chat,vip
TKT-02796,2025-05-11T21:39:00Z,account access,Shopper cannot access account LC-13900.,16,False,chat,plus
TKT-01951,2025-05-12T00:48:00Z,order tracking,Shopper requests tracking status for order LC-60898.,6,False,chat,standard
TKT-00460,2025-05-12T01:54:00Z,order tracking,Shopper requests tracking status for order LC-30920.,12,False,chat,standard
TKT-00794,2025-05-12T02:13:00Z,product question,Shopper requests product-selection guidance under LC-63626.,37,False,chat,plus
TKT-01599,2025-05-12T02:54:00Z,account access,Password reset requested for account LC-66027.,13,False,web form,guest
TKT-00549,2025-05-12T04:34:00Z,refund status,Refund posting timeline question references LC-59926.,20,False,chat,standard
TKT-02476,2025-05-12T04:40:00Z,order tracking,Shopper requests tracking status for order LC-76404.,65,True,chat,guest
TKT-01988,2025-05-12T08:47:00Z,promotion question,Shopper questions campaign terms for promotion LC-40235.,45,True,chat,standard
TKT-00702,2025-05-12T12:21:00Z,return request,Shopper requests return instructions for order LC-74371.,47,False,phone,standard
TKT-02485,2025-05-12T12:30:00Z,account access,Shopper cannot access account LC-45462.,14,False,chat,plus
TKT-02030,2025-05-12T14:13:00Z,order tracking,Tracking link question references order LC-31066.,10,False,chat,standard
TKT-01893,2025-05-12T14:38:00Z,return request,Return eligibility question references LC-25744.,28,False,phone,guest
TKT-00250,2025-05-12T14:48:00Z,return request,Shopper requests a return label for LC-46371.,36,False,email,standard
TKT-02828,2025-05-12T17:46:00Z,order tracking,Tracking link question references order LC-82085.,3,False,chat,guest
TKT-02482,2025-05-12T20:46:00Z,return request,Shopper requests a return label for LC-93151.,20,False,phone,standard
TKT-00765,2025-05-12T23:26:00Z,promotion question,Promotion eligibility exception references LC-55215.,27,False,chat,standard
TKT-02277,2025-05-12T23:34:00Z,account access,Account lockout reported under LC-74987.,15,False,chat,plus
TKT-00881,2025-05-13T03:16:00Z,order tracking,Tracking link question references order LC-94094.,13,False,chat,standard
TKT-02149,2025-05-13T03:59:00Z,order tracking,Tracking link question references order LC-30735.,7,False,chat,plus
TKT-02527,2025-05-13T04:29:00Z,order tracking,Shopper asks when shipment LC-99501 will arrive.,14,False,phone,standard
TKT-02240,2025-05-13T07:18:00Z,account access,Account lockout reported under LC-56207.,12,False,chat,standard
TKT-01804,2025-05-13T07:45:00Z,order tracking,Shopper requests tracking status for order LC-83230.,68,True,chat,standard
TKT-00477,2025-05-13T08:26:00Z,return request,Shopper requests return instructions for order LC-40947.,35,True,phone,plus
TKT-00396,2025-05-13T09:07:00Z,promotion question,Shopper questions campaign terms for promotion LC-16656.,49,False,web form,vip
TKT-00884,2025-05-13T09:19:00Z,order tracking,Tracking link question references order LC-81617.,10,False,chat,standard
TKT-01879,2025-05-13T13:06:00Z,order tracking,Shopper asks when shipment LC-71939 will arrive.,3,False,chat,standard
TKT-01784,2025-05-13T13:34:00Z,promotion question,Promotion eligibility exception references LC-35905.,44,False,chat,standard
TKT-00466,2025-05-13T14:02:00Z,refund status,Refund posting timeline question references LC-76660.,68,True,web form,standard
TKT-02317,2025-05-13T14:23:00Z,refund status,Refund posting timeline question references LC-84030.,17,False,chat,guest
TKT-02188,2025-05-13T15:17:00Z,order tracking,Shopper requests tracking status for order LC-22310.,3,False,chat,standard
TKT-00876,2025-05-13T15:32:00Z,refund status,Shopper requests refund status for LC-96889.,27,False,chat,guest
TKT-01114,2025-05-13T16:21:00Z,return request,Shopper requests a return label for LC-29908.,49,False,email,standard
TKT-01475,2025-05-13T16:42:00Z,fraud review,High-risk order review references LC-53248 and requires human handling.,146,True,email,guest
TKT-00402,2025-05-13T20:06:00Z,order tracking,Shopper asks when shipment LC-65346 will arrive.,12,False,email,plus
TKT-02703,2025-05-13T20:07:00Z,product question,Shopper asks about product specifications for LC-43067.,62,False,chat,plus
TKT-02822,2025-05-14T00:16:00Z,return request,Shopper requests a return label for LC-17776.,44,False,chat,guest
TKT-02046,2025-05-14T01:29:00Z,refund status,Shopper requests refund status for LC-96046.,14,False,phone,guest
TKT-02160,2025-05-14T05:52:00Z,product question,Shopper requests product-selection guidance under LC-58692.,21,False,chat,standard
TKT-02689,2025-05-14T05:56:00Z,order tracking,Tracking link question references order LC-52974.,8,False,chat,guest
TKT-02437,2025-05-14T08:54:00Z,return request,Shopper requests return instructions for order LC-87935.,50,False,phone,guest
TKT-01863,2025-05-14T11:24:00Z,order tracking,Shopper requests tracking status for order LC-48089.,10,False,email,guest
TKT-01434,2025-05-14T13:37:00Z,return request,Shopper requests a return label for LC-99246.,29,False,phone,standard
TKT-01977,2025-05-14T15:07:00Z,order tracking,Shopper asks when shipment LC-41638 will arrive.,14,False,phone,plus
TKT-00963,2025-05-14T16:17:00Z,subscription change,Shopper requests a subscription change under LC-49195.,49,True,chat,guest
TKT-01465,2025-05-14T16:36:00Z,order tracking,Tracking link question references order LC-32775.,14,False,email,standard
TKT-00846,2025-05-14T18:44:00Z,order tracking,Shopper asks when shipment LC-63759 will arrive.,4,False,email,standard
TKT-02372,2025-05-14T21:27:00Z,return request,Shopper requests return instructions for order LC-78939.,29,False,email,standard
TKT-00579,2025-05-14T23:02:00Z,account access,Account lockout reported under LC-31108.,7,False,web form,standard
TKT-00277,2025-05-14T23:53:00Z,order tracking,Tracking link question references order LC-99892.,10,False,chat,standard
TKT-00596,2025-05-15T01:32:00Z,order tracking,Shopper asks when shipment LC-88924 will arrive.,9,False,email,standard
TKT-00081,2025-05-15T01:43:00Z,return request,Shopper requests a return label for LC-65926.,20,False,web form,plus
TKT-00931,2025-05-15T02:23:00Z,order tracking,Shopper asks when shipment LC-56820 will arrive.,11,False,email,plus
TKT-02649,2025-05-15T07:28:00Z,return request,Return eligibility question references LC-80049.,24,False,phone,guest
TKT-02536,2025-05-15T08:28:00Z,return request,Shopper requests a return label for LC-19790.,86,True,phone,plus
TKT-00355,2025-05-15T08:47:00Z,refund status,Refund posting timeline question references LC-46953.,20,False,phone,standard
TKT-00705,2025-05-15T09:22:00Z,return request,Shopper requests a return label for LC-98007.,42,False,email,guest
TKT-01767,2025-05-15T13:35:00Z,subscription change,Subscription pause question references LC-73492.,43,False,chat,standard
TKT-02298,2025-05-15T15:54:00Z,product question,Shopper requests product-selection guidance under LC-15724.,41,False,chat,standard
TKT-01474,2025-05-15T16:11:00Z,refund status,Shopper requests refund status for LC-42031.,23,False,chat,plus
TKT-02021,2025-05-15T17:32:00Z,refund status,Refund posting timeline question references LC-32379.,24,False,phone,standard
TKT-02604,2025-05-15T17:57:00Z,return request,Return eligibility question references LC-21482.,16,False,web form,standard
TKT-00745,2025-05-15T18:25:00Z,fraud review,High-risk order review references LC-13324 and requires human handling.,120,True,phone,standard
TKT-01910,2025-05-15T21:45:00Z,promotion question,Shopper reports a promotion did not apply under LC-11660.,43,False,web form,vip
TKT-01515,2025-05-16T00:24:00Z,product question,Shopper requests product-selection guidance under LC-37928.,91,True,chat,vip
TKT-01499,2025-05-16T02:48:00Z,return request,Shopper requests return instructions for order LC-35419.,33,False,phone,guest
TKT-02204,2025-05-16T04:10:00Z,order tracking,Tracking link question references order LC-83205.,7,False,chat,standard
TKT-02742,2025-05-16T05:57:00Z,fraud review,Transaction review requires specialist approval under LC-91473.,113,True,email,standard
TKT-02458,2025-05-16T06:10:00Z,account access,Password reset requested for account LC-68089.,13,False,chat,guest
TKT-02178,2025-05-16T07:38:00Z,order tracking,Tracking link question references order LC-34550.,13,False,web form,standard
TKT-00713,2025-05-16T08:20:00Z,order tracking,Shopper requests tracking status for order LC-79041.,14,False,chat,standard
TKT-01710,2025-05-16T08:39:00Z,order tracking,Tracking link question references order LC-31110.,13,False,chat,plus
TKT-01020,2025-05-16T11:17:00Z,return request,Shopper requests a return label for LC-39884.,28,False,email,plus
TKT-00318,2025-05-16T12:10:00Z,refund status,Refund posting timeline question references LC-25725.,12,False,chat,standard
TKT-02701,2025-05-16T12:14:00Z,return request,Shopper requests return instructions for order LC-96707.,28,False,phone,standard
TKT-00292,2025-05-16T13:15:00Z,subscription change,Shopper requests a subscription change under LC-74210.,68,True,email,guest
TKT-00838,2025-05-16T16:28:00Z,order tracking,Shopper requests tracking status for order LC-97299.,3,False,web form,standard
TKT-01037,2025-05-16T17:25:00Z,return request,Return eligibility question references LC-33545.,25,False,phone,vip
TKT-00632,2025-05-16T17:29:00Z,refund status,Shopper cannot locate a processed refund under LC-44240.,12,False,web form,plus
TKT-00425,2025-05-16T22:25:00Z,account access,Account lockout reported under LC-44604.,4,False,email,plus
TKT-00378,2025-05-17T00:13:00Z,product question,Product compatibility question references LC-73345.,63,False,chat,standard
TKT-01428,2025-05-17T00:36:00Z,order tracking,Shopper asks when shipment LC-59542 will arrive.,7,False,chat,plus
TKT-00336,2025-05-17T01:12:00Z,refund status,Shopper cannot locate a processed refund under LC-48803.,30,False,chat,guest
TKT-02709,2025-05-17T01:37:00Z,account access,Account lockout reported under LC-50776.,4,False,chat,guest
TKT-00339,2025-05-17T02:53:00Z,return request,Return eligibility question references LC-61441.,24,False,chat,guest
TKT-02400,2025-05-17T06:50:00Z,promotion question,Shopper questions campaign terms for promotion LC-72572.,37,False,phone,guest
TKT-00083,2025-05-17T09:32:00Z,refund status,Refund posting timeline question references LC-97204.,35,False,chat,standard
TKT-00841,2025-05-17T16:42:00Z,order tracking,Shopper requests tracking status for order LC-93913.,4,False,chat,standard
TKT-00349,2025-05-17T18:25:00Z,fraud review,Transaction review requires specialist approval under LC-28253.,164,False,phone,guest
TKT-00607,2025-05-17T18:51:00Z,order tracking,Shopper requests tracking status for order LC-76970.,6,False,chat,plus
TKT-02089,2025-05-17T19:37:00Z,order tracking,Shopper requests tracking status for order LC-94080.,8,False,web form,guest
TKT-02112,2025-05-17T19:46:00Z,refund status,Shopper requests refund status for LC-23743.,15,False,web form,plus
TKT-00248,2025-05-17T20:02:00Z,account access,Shopper cannot access account LC-20131.,13,False,phone,guest
TKT-02561,2025-05-17T23:22:00Z,order tracking,Tracking link question references order LC-40512.,7,False,email,standard
TKT-00222,2025-05-18T00:25:00Z,refund status,Refund posting timeline question references LC-78065.,38,False,email,standard
TKT-02309,2025-05-18T02:13:00Z,account access,Shopper cannot access account LC-86529.,15,False,web form,standard
TKT-02967,2025-05-18T02:24:00Z,order tracking,Shopper requests tracking status for order LC-92765.,13,False,email,standard
TKT-00852,2025-05-18T07:21:00Z,order tracking,Shopper requests tracking status for order LC-28243.,12,False,chat,standard
TKT-02383,2025-05-18T09:07:00Z,refund status,Shopper requests refund status for LC-60502.,18,False,email,standard
TKT-01341,2025-05-18T11:47:00Z,product question,Shopper asks about product specifications for LC-37701.,46,False,email,standard
TKT-01675,2025-05-18T13:46:00Z,order tracking,Shopper asks when shipment LC-58674 will arrive.,9,False,web form,standard
TKT-00688,2025-05-18T15:08:00Z,return request,Shopper requests return instructions for order LC-25682.,47,False,phone,vip
TKT-02308,2025-05-18T15:53:00Z,order tracking,Shopper asks when shipment LC-38509 will arrive.,9,False,email,standard
TKT-00052,2025-05-18T16:32:00Z,account access,Password reset requested for account LC-64497.,13,False,web form,standard
TKT-01308,2025-05-18T19:07:00Z,return request,Return eligibility question references LC-74957.,48,False,email,plus
TKT-00245,2025-05-18T21:03:00Z,order tracking,Shopper requests tracking status for order LC-17951.,5,False,email,guest
TKT-02487,2025-05-18T21:20:00Z,subscription change,Subscription pause question references LC-32729.,30,False,chat,standard
TKT-02036,2025-05-18T21:58:00Z,return request,Shopper requests a return label for LC-11294.,55,True,phone,guest
TKT-00492,2025-05-18T22:14:00Z,promotion question,Shopper reports a promotion did not apply under LC-27386.,46,False,chat,vip
TKT-01718,2025-05-19T02:37:00Z,product question,Shopper requests product-selection guidance under LC-23423.,17,False,chat,guest
TKT-02434,2025-05-19T03:06:00Z,return request,Shopper requests a return label for LC-24791.,25,False,web form,standard
TKT-00275,2025-05-19T03:15:00Z,order tracking,Shopper asks when shipment LC-62843 will arrive.,33,True,phone,standard
TKT-02926,2025-05-19T03:56:00Z,promotion question,Shopper questions campaign terms for promotion LC-64629.,47,False,email,plus
TKT-02067,2025-05-19T05:25:00Z,account access,Account lockout reported under LC-20370.,4,False,phone,standard
TKT-01502,2025-05-19T06:14:00Z,order tracking,Shopper requests tracking status for order LC-37543.,7,False,email,guest
TKT-00115,2025-05-19T08:22:00Z,refund status,Shopper requests refund status for LC-82173.,37,False,email,standard
TKT-02640,2025-05-19T14:40:00Z,product question,Shopper requests product-selection guidance under LC-81997.,15,False,chat,guest
TKT-02757,2025-05-19T14:48:00Z,order tracking,Tracking link question references order LC-10492.,6,False,email,standard
TKT-01704,2025-05-19T15:38:00Z,subscription change,Shopper requests a subscription change under LC-70581.,25,False,chat,guest
TKT-01186,2025-05-19T15:58:00Z,order tracking,Shopper requests tracking status for order LC-12246.,4,False,chat,guest
TKT-00957,2025-05-19T16:08:00Z,refund status,Refund posting timeline question references LC-43757.,32,False,chat,standard
TKT-00673,2025-05-19T19:49:00Z,product question,Product compatibility question references LC-33141.,48,False,email,plus
TKT-02773,2025-05-19T21:51:00Z,return request,Return eligibility question references LC-92996.,47,False,phone,standard
TKT-00867,2025-05-19T23:35:00Z,return request,Shopper requests a return label for LC-25438.,42,False,phone,guest
TKT-01641,2025-05-20T00:30:00Z,refund status,Refund posting timeline question references LC-60006.,70,True,phone,standard
TKT-02135,2025-05-20T00:51:00Z,return request,Return eligibility question references LC-54993.,44,True,email,guest
TKT-00441,2025-05-20T01:01:00Z,subscription change,Shopper requests a subscription change under LC-43943.,49,False,email,standard
TKT-00461,2025-05-20T02:21:00Z,order tracking,Shopper requests tracking status for order LC-35897.,14,False,chat,standard
TKT-02837,2025-05-20T02:46:00Z,refund status,Refund posting timeline question references LC-71294.,32,False,chat,standard
TKT-02037,2025-05-20T03:09:00Z,refund status,Shopper requests refund status for LC-68386.,19,False,phone,plus
TKT-01259,2025-05-20T05:18:00Z,order tracking,Shopper requests tracking status for order LC-75887.,12,False,email,guest
TKT-02903,2025-05-20T06:07:00Z,account access,Shopper cannot access account LC-90614.,17,False,chat,guest
TKT-00262,2025-05-20T09:21:00Z,return request,Shopper requests a return label for LC-96266.,28,False,phone,guest
TKT-01755,2025-05-20T09:37:00Z,subscription change,Shopper requests a subscription change under LC-24321.,46,False,chat,standard
TKT-02575,2025-05-20T11:41:00Z,account access,Shopper cannot access account LC-40271.,4,False,web form,standard
TKT-02109,2025-05-20T14:44:00Z,account access,Account lockout reported under LC-37166.,10,False,web form,plus
TKT-00331,2025-05-20T15:40:00Z,subscription change,Subscription pause question references LC-11702.,48,False,email,standard
TKT-02117,2025-05-20T17:26:00Z,return request,Return eligibility question references LC-97665.,35,False,phone,plus
TKT-01934,2025-05-20T18:33:00Z,account access,Shopper cannot access account LC-56366.,18,False,chat,plus
TKT-02291,2025-05-20T21:09:00Z,order tracking,Tracking link question references order LC-55256.,9,False,web form,standard
TKT-00981,2025-05-20T22:20:00Z,fraud review,High-risk order review references LC-15547 and requires human handling.,123,False,phone,plus
TKT-00482,2025-05-20T22:52:00Z,order tracking,Shopper asks when shipment LC-55610 will arrive.,5,False,email,standard
TKT-00513,2025-05-21T00:19:00Z,order tracking,Shopper asks when shipment LC-49376 will arrive.,9,False,chat,standard
TKT-01164,2025-05-21T00:30:00Z,subscription change,Subscription pause question references LC-94298.,32,False,email,standard
TKT-00709,2025-05-21T02:47:00Z,refund status,Shopper requests refund status for LC-49194.,21,False,chat,standard
TKT-02453,2025-05-21T03:05:00Z,return request,Shopper requests a return label for LC-14926.,40,False,web form,standard
TKT-00545,2025-05-21T05:03:00Z,promotion question,Promotion eligibility exception references LC-47267.,50,False,phone,standard
TKT-00099,2025-05-21T05:34:00Z,order tracking,Shopper asks when shipment LC-22013 will arrive.,9,False,email,standard
TKT-00932,2025-05-21T06:45:00Z,return request,Shopper requests a return label for LC-87868.,48,False,phone,standard
TKT-02788,2025-05-21T06:52:00Z,promotion question,Shopper questions campaign terms for promotion LC-61833.,12,False,chat,vip
TKT-01479,2025-05-21T08:30:00Z,order tracking,Tracking link question references order LC-24481.,12,False,email,guest
TKT-02875,2025-05-21T09:13:00Z,return request,Shopper requests return instructions for order LC-75378.,35,False,phone,plus
TKT-01936,2025-05-21T09:24:00Z,return request,Shopper requests return instructions for order LC-24890.,28,False,web form,standard
TKT-00129,2025-05-21T09:35:00Z,account access,Password reset requested for account LC-22410.,5,False,web form,guest
TKT-01403,2025-05-21T10:15:00Z,promotion question,Shopper reports a promotion did not apply under LC-73991.,50,False,chat,plus
TKT-02677,2025-05-21T11:31:00Z,order tracking,Tracking link question references order LC-36692.,4,False,web form,standard
TKT-01583,2025-05-21T12:57:00Z,refund status,Shopper requests refund status for LC-65291.,27,False,web form,plus
TKT-02603,2025-05-21T14:24:00Z,account access,Password reset requested for account LC-96969.,9,False,chat,guest
TKT-01126,2025-05-21T16:56:00Z,subscription change,Subscription pause question references LC-75453.,41,False,chat,standard
TKT-02513,2025-05-21T17:45:00Z,return request,Shopper requests a return label for LC-50740.,49,False,phone,guest
TKT-01972,2025-05-21T18:37:00Z,account access,Password reset requested for account LC-37815.,53,True,chat,guest
TKT-02066,2025-05-21T20:46:00Z,fraud review,Transaction review requires specialist approval under LC-17513.,168,True,phone,vip
TKT-02012,2025-05-21T21:41:00Z,return request,Return eligibility question references LC-23991.,28,False,phone,plus
TKT-01300,2025-05-21T22:19:00Z,promotion question,Promotion eligibility exception references LC-47020.,55,False,phone,standard
TKT-02273,2025-05-21T23:29:00Z,refund status,Shopper requests refund status for LC-13321.,18,False,chat,standard
TKT-02868,2025-05-22T05:47:00Z,subscription change,Subscription pause question references LC-20306.,85,True,chat,plus
TKT-00728,2025-05-22T06:51:00Z,refund status,Shopper requests refund status for LC-52745.,20,False,phone,plus
TKT-01056,2025-05-22T07:52:00Z,account access,Shopper cannot access account LC-58761.,14,False,chat,standard
TKT-01667,2025-05-22T08:17:00Z,return request,Shopper requests a return label for LC-25076.,48,True,phone,standard
TKT-01708,2025-05-22T09:27:00Z,refund status,Refund posting timeline question references LC-10761.,16,False,web form,plus
TKT-00912,2025-05-22T12:53:00Z,order tracking,Shopper requests tracking status for order LC-58715.,4,False,email,standard
TKT-00359,2025-05-22T14:02:00Z,promotion question,Shopper questions campaign terms for promotion LC-30903.,35,False,phone,plus
TKT-00075,2025-05-22T14:40:00Z,order tracking,Shopper requests tracking status for order LC-76819.,8,False,chat,guest
TKT-01511,2025-05-22T14:40:00Z,return request,Shopper requests a return label for LC-53636.,70,True,phone,vip
TKT-02048,2025-05-22T15:29:00Z,subscription change,Shopper asks about subscription cancellation for LC-81434.,25,False,chat,standard
TKT-02393,2025-05-22T15:48:00Z,order tracking,Shopper requests tracking status for order LC-25104.,6,False,chat,standard
TKT-00799,2025-05-22T15:50:00Z,account access,Account lockout reported under LC-63549.,8,False,chat,standard
TKT-01327,2025-05-22T16:45:00Z,account access,Password reset requested for account LC-34487.,4,False,web form,plus
TKT-02908,2025-05-22T16:59:00Z,order tracking,Tracking link question references order LC-89707.,4,False,chat,standard
TKT-02114,2025-05-22T19:09:00Z,return request,Shopper requests a return label for LC-40537.,95,True,phone,plus
TKT-02416,2025-05-22T19:36:00Z,order tracking,Tracking link question references order LC-18740.,9,False,chat,standard
TKT-01565,2025-05-22T20:16:00Z,promotion question,Shopper questions campaign terms for promotion LC-83120.,17,False,email,standard
TKT-00189,2025-05-22T20:57:00Z,return request,Shopper requests return instructions for order LC-54233.,46,False,chat,plus
TKT-00589,2025-05-22T23:22:00Z,account access,Account lockout reported under LC-51746.,14,False,chat,guest
TKT-00024,2025-05-23T01:12:00Z,return request,Return eligibility question references LC-45947.,21,False,phone,standard
TKT-02733,2025-05-23T04:25:00Z,account access,Password reset requested for account LC-55570.,18,False,chat,standard
TKT-01923,2025-05-23T05:12:00Z,product question,Shopper asks about product specifications for LC-81741.,52,False,web form,guest
TKT-01084,2025-05-23T07:41:00Z,order tracking,Tracking link question references order LC-17451.,14,False,chat,vip
TKT-00449,2025-05-23T08:03:00Z,refund status,Refund posting timeline question references LC-42010.,23,False,chat,plus
TKT-01466,2025-05-23T10:17:00Z,order tracking,Tracking link question references order LC-61941.,9,False,email,plus
TKT-00285,2025-05-23T11:56:00Z,subscription change,Shopper requests a subscription change under LC-13903.,18,False,chat,standard
TKT-02959,2025-05-23T12:01:00Z,return request,Shopper requests return instructions for order LC-84115.,47,False,phone,guest
TKT-01976,2025-05-23T16:27:00Z,order tracking,Tracking link question references order LC-60619.,11,False,email,guest
TKT-01187,2025-05-23T21:27:00Z,subscription change,Shopper requests a subscription change under LC-16695.,29,False,phone,standard
TKT-01232,2025-05-23T22:09:00Z,order tracking,Shopper requests tracking status for order LC-50201.,71,True,web form,plus
TKT-02241,2025-05-23T22:30:00Z,refund status,Refund posting timeline question references LC-96816.,21,False,web form,vip
TKT-01356,2025-05-23T23:22:00Z,account access,Account lockout reported under LC-19763.,11,False,web form,standard
TKT-00256,2025-05-24T01:31:00Z,return request,Shopper requests return instructions for order LC-62757.,32,False,email,standard
TKT-02720,2025-05-24T04:56:00Z,order tracking,Shopper asks when shipment LC-55971 will arrive.,4,False,chat,standard
TKT-01149,2025-05-24T06:03:00Z,product question,Shopper requests product-selection guidance under LC-39862.,111,True,phone,guest
TKT-01953,2025-05-24T06:29:00Z,subscription change,Shopper asks about subscription cancellation for LC-69591.,30,False,web form,plus
TKT-00366,2025-05-24T13:13:00Z,promotion question,Shopper questions campaign terms for promotion LC-25422.,49,False,phone,standard
TKT-00803,2025-05-24T14:26:00Z,order tracking,Shopper asks when shipment LC-65935 will arrive.,8,False,chat,standard
TKT-02608,2025-05-24T16:15:00Z,order tracking,Tracking link question references order LC-35317.,6,False,web form,vip
TKT-00499,2025-05-24T18:13:00Z,return request,Shopper requests return instructions for order LC-96571.,86,True,email,guest
TKT-01895,2025-05-24T19:07:00Z,order tracking,Shopper asks when shipment LC-51768 will arrive.,12,False,chat,standard
TKT-02463,2025-05-24T20:05:00Z,product question,Shopper asks about product specifications for LC-48222.,27,False,chat,standard
TKT-02360,2025-05-24T22:49:00Z,account access,Account lockout reported under LC-49159.,9,False,chat,guest
TKT-02094,2025-05-24T23:52:00Z,order tracking,Tracking link question references order LC-82448.,3,False,phone,standard
TKT-02932,2025-05-25T00:43:00Z,promotion question,Shopper questions campaign terms for promotion LC-39251.,13,False,phone,standard
TKT-02763,2025-05-25T03:47:00Z,order tracking,Tracking link question references order LC-41016.,6,False,chat,vip
TKT-01948,2025-05-25T04:39:00Z,order tracking,Shopper asks when shipment LC-23419 will arrive.,3,False,email,standard
TKT-01223,2025-05-25T04:58:00Z,order tracking,Shopper requests tracking status for order LC-29939.,10,False,chat,standard
TKT-01596,2025-05-25T05:59:00Z,promotion question,Promotion eligibility exception references LC-80128.,71,True,chat,plus
TKT-02224,2025-05-25T07:57:00Z,return request,Return eligibility question references LC-36921.,43,False,phone,standard
TKT-00391,2025-05-25T11:26:00Z,subscription change,Shopper asks about subscription cancellation for LC-17548.,37,False,email,standard
TKT-00389,2025-05-25T12:33:00Z,return request,Shopper requests return instructions for order LC-24703.,37,False,email,plus
TKT-02637,2025-05-25T17:35:00Z,order tracking,Shopper requests tracking status for order LC-78889.,12,False,phone,guest
TKT-01494,2025-05-25T19:17:00Z,account access,Shopper cannot access account LC-40813.,16,False,web form,guest
TKT-01830,2025-05-25T19:43:00Z,account access,Account lockout reported under LC-52889.,15,False,chat,guest
TKT-00934,2025-05-25T21:13:00Z,order tracking,Shopper asks when shipment LC-84216 will arrive.,6,False,chat,guest
TKT-00238,2025-05-25T23:40:00Z,refund status,Shopper requests refund status for LC-18141.,17,False,chat,plus
TKT-02200,2025-05-26T00:21:00Z,return request,Shopper requests a return label for LC-17865.,19,False,phone,standard
TKT-02890,2025-05-26T06:15:00Z,product question,Shopper requests product-selection guidance under LC-19027.,27,False,email,standard
TKT-01727,2025-05-26T06:17:00Z,order tracking,Shopper asks when shipment LC-65320 will arrive.,10,False,chat,standard
TKT-00382,2025-05-26T08:27:00Z,order tracking,Shopper asks when shipment LC-30023 will arrive.,3,False,web form,plus
TKT-01477,2025-05-26T08:27:00Z,refund status,Shopper requests refund status for LC-24602.,20,False,email,plus
TKT-01552,2025-05-26T08:27:00Z,product question,Product compatibility question references LC-29998.,43,False,chat,vip
TKT-00103,2025-05-26T11:57:00Z,return request,Shopper requests a return label for LC-63837.,35,False,email,guest
TKT-00459,2025-05-26T12:10:00Z,return request,Shopper requests return instructions for order LC-19850.,47,False,web form,plus
TKT-00307,2025-05-26T13:33:00Z,order tracking,Shopper asks when shipment LC-71604 will arrive.,11,False,chat,guest
TKT-01575,2025-05-26T14:01:00Z,subscription change,Shopper asks about subscription cancellation for LC-81964.,38,False,phone,plus
TKT-00993,2025-05-26T15:02:00Z,subscription change,Subscription pause question references LC-39981.,31,False,phone,standard
TKT-00283,2025-05-26T15:16:00Z,promotion question,Shopper reports a promotion did not apply under LC-37823.,27,False,phone,standard
TKT-00098,2025-05-26T16:11:00Z,refund status,Shopper requests refund status for LC-15892.,18,False,chat,standard
TKT-02673,2025-05-26T16:32:00Z,subscription change,Subscription pause question references LC-41274.,22,False,email,guest
TKT-01449,2025-05-26T18:48:00Z,fraud review,Transaction review requires specialist approval under LC-70932.,142,True,web form,standard
TKT-02170,2025-05-26T20:14:00Z,promotion question,Shopper reports a promotion did not apply under LC-74653.,26,False,phone,guest
TKT-02412,2025-05-27T00:23:00Z,order tracking,Shopper asks when shipment LC-93636 will arrive.,9,False,email,standard
TKT-02307,2025-05-27T00:41:00Z,order tracking,Shopper asks when shipment LC-10714 will arrive.,3,False,chat,guest
TKT-01829,2025-05-27T02:17:00Z,return request,Shopper requests a return label for LC-79804.,35,False,phone,standard
TKT-01060,2025-05-27T03:05:00Z,return request,Shopper requests return instructions for order LC-30461.,19,False,phone,guest
TKT-02299,2025-05-27T03:07:00Z,return request,Shopper requests return instructions for order LC-86964.,19,False,chat,standard
TKT-01823,2025-05-27T03:22:00Z,refund status,Shopper requests refund status for LC-55430.,22,False,email,guest
TKT-01291,2025-05-27T04:31:00Z,return request,Shopper requests a return label for LC-32783.,15,False,phone,guest
TKT-02840,2025-05-27T05:24:00Z,order tracking,Shopper asks when shipment LC-87706 will arrive.,3,False,email,guest
TKT-00796,2025-05-27T06:03:00Z,refund status,Shopper requests refund status for LC-86953.,81,True,email,plus
TKT-01808,2025-05-27T06:46:00Z,order tracking,Shopper asks when shipment LC-31781 will arrive.,9,False,chat,plus
TKT-00399,2025-05-27T06:55:00Z,order tracking,Tracking link question references order LC-66561.,3,False,chat,guest
TKT-01875,2025-05-27T07:23:00Z,promotion question,Promotion eligibility exception references LC-38804.,12,False,chat,standard
TKT-02737,2025-05-27T10:01:00Z,order tracking,Tracking link question references order LC-97141.,13,False,chat,guest
TKT-00970,2025-05-27T12:09:00Z,return request,Shopper requests a return label for LC-57831.,22,False,email,guest
TKT-02405,2025-05-27T12:34:00Z,product question,Product compatibility question references LC-40785.,55,False,web form,guest
TKT-02125,2025-05-27T14:49:00Z,subscription change,Subscription pause question references LC-47353.,15,False,phone,standard
TKT-01421,2025-05-27T15:09:00Z,order tracking,Shopper requests tracking status for order LC-34748.,11,False,email,standard
TKT-01498,2025-05-27T17:29:00Z,product question,Product compatibility question references LC-59642.,50,False,chat,standard
TKT-01302,2025-05-27T18:07:00Z,return request,Return eligibility question references LC-26815.,47,False,phone,guest
TKT-01246,2025-05-27T20:01:00Z,order tracking,Shopper asks when shipment LC-33297 will arrive.,4,False,web form,guest
TKT-01384,2025-05-27T22:44:00Z,refund status,Refund posting timeline question references LC-92579.,36,False,chat,guest
TKT-02590,2025-05-27T22:49:00Z,order tracking,Shopper asks when shipment LC-71740 will arrive.,9,False,chat,plus
TKT-02490,2025-05-27T23:10:00Z,return request,Shopper requests a return label for LC-99574.,20,False,email,guest
TKT-01503,2025-05-27T23:36:00Z,account access,Account lockout reported under LC-67864.,13,False,email,plus
TKT-00485,2025-05-28T02:49:00Z,refund status,Shopper cannot locate a processed refund under LC-80595.,29,False,chat,plus
TKT-01580,2025-05-28T03:29:00Z,return request,Shopper requests a return label for LC-88623.,58,True,chat,standard
TKT-00046,2025-05-28T03:32:00Z,account access,Account lockout reported under LC-53305.,18,False,email,standard
TKT-01158,2025-05-28T04:21:00Z,account access,Account lockout reported under LC-81661.,8,False,chat,standard
TKT-02800,2025-05-28T05:02:00Z,order tracking,Tracking link question references order LC-10701.,9,False,chat,standard
TKT-00711,2025-05-28T09:39:00Z,order tracking,Shopper requests tracking status for order LC-43813.,8,False,chat,standard
TKT-01540,2025-05-28T10:58:00Z,order tracking,Shopper requests tracking status for order LC-24343.,5,False,phone,vip
TKT-00483,2025-05-28T12:00:00Z,order tracking,Tracking link question references order LC-92889.,6,False,chat,guest
TKT-02961,2025-05-28T15:24:00Z,return request,Shopper requests return instructions for order LC-64494.,37,False,web form,guest
TKT-00216,2025-05-28T16:14:00Z,order tracking,Tracking link question references order LC-45570.,14,False,chat,guest
TKT-00606,2025-05-28T17:15:00Z,order tracking,Shopper requests tracking status for order LC-50825.,10,False,chat,standard
TKT-02567,2025-05-28T23:55:00Z,account access,Account lockout reported under LC-40443.,5,False,chat,standard
TKT-01615,2025-05-29T03:58:00Z,subscription change,Shopper requests a subscription change under LC-37536.,78,True,email,standard
TKT-02076,2025-05-29T04:22:00Z,refund status,Refund posting timeline question references LC-30652.,15,False,chat,guest
TKT-01317,2025-05-29T06:23:00Z,account access,Account lockout reported under LC-89470.,9,False,web form,standard
TKT-00719,2025-05-29T10:02:00Z,refund status,Refund posting timeline question references LC-26357.,17,False,chat,standard
TKT-01665,2025-05-29T10:53:00Z,promotion question,Shopper reports a promotion did not apply under LC-68998.,25,False,chat,standard
TKT-01279,2025-05-29T12:15:00Z,return request,Return eligibility question references LC-72125.,39,False,web form,guest
TKT-00536,2025-05-29T18:01:00Z,promotion question,Shopper reports a promotion did not apply under LC-21129.,33,False,email,guest
TKT-01534,2025-05-29T21:08:00Z,refund status,Shopper requests refund status for LC-30446.,25,False,chat,standard
TKT-01818,2025-05-29T21:40:00Z,order tracking,Shopper requests tracking status for order LC-17254.,12,False,phone,guest
TKT-02811,2025-05-29T22:12:00Z,promotion question,Shopper questions campaign terms for promotion LC-31518.,83,True,web form,guest
TKT-02924,2025-05-30T00:42:00Z,order tracking,Shopper requests tracking status for order LC-81166.,14,False,email,standard
TKT-01245,2025-05-30T02:37:00Z,refund status,Shopper cannot locate a processed refund under LC-70725.,21,False,email,standard
TKT-00786,2025-05-30T05:54:00Z,subscription change,Shopper requests a subscription change under LC-35611.,32,False,web form,guest
TKT-01537,2025-05-30T09:23:00Z,refund status,Refund posting timeline question references LC-46979.,30,False,phone,standard
TKT-01076,2025-05-30T11:13:00Z,refund status,Shopper requests refund status for LC-78753.,32,False,phone,guest
TKT-01927,2025-05-30T13:04:00Z,order tracking,Shopper asks when shipment LC-52299 will arrive.,7,False,email,guest
TKT-02395,2025-05-31T02:36:00Z,order tracking,Shopper requests tracking status for order LC-61168.,7,False,chat,guest
TKT-01660,2025-05-31T04:06:00Z,return request,Shopper requests a return label for LC-97437.,42,False,email,standard
TKT-02379,2025-05-31T04:17:00Z,return request,Shopper requests a return label for LC-52591.,25,False,phone,standard
TKT-01046,2025-05-31T06:25:00Z,order tracking,Tracking link question references order LC-43442.,7,False,chat,standard
TKT-02065,2025-05-31T08:16:00Z,account access,Password reset requested for account LC-38271.,18,False,web form,standard
TKT-00418,2025-05-31T09:49:00Z,refund status,Refund posting timeline question references LC-37219.,33,False,chat,standard
TKT-02468,2025-05-31T10:00:00Z,refund status,Refund posting timeline question references LC-11039.,30,False,phone,standard
TKT-00503,2025-05-31T11:28:00Z,promotion question,Shopper questions campaign terms for promotion LC-61730.,70,True,chat,standard
TKT-01747,2025-05-31T11:43:00Z,order tracking,Shopper requests tracking status for order LC-68901.,11,False,chat,standard
TKT-02994,2025-05-31T12:35:00Z,order tracking,Shopper asks when shipment LC-67220 will arrive.,13,False,email,guest
TKT-01864,2025-05-31T13:01:00Z,product question,Product compatibility question references LC-40631.,21,False,phone,plus
TKT-00010,2025-05-31T15:52:00Z,order tracking,Shopper requests tracking status for order LC-88231.,7,False,chat,plus
TKT-00557,2025-05-31T17:37:00Z,account access,Shopper cannot access account LC-95419.,8,False,phone,standard
TKT-00960,2025-05-31T17:54:00Z,order tracking,Tracking link question references order LC-25917.,8,False,chat,standard
TKT-01982,2025-05-31T19:11:00Z,account access,Account lockout reported under LC-42555.,4,False,email,standard
TKT-00221,2025-05-31T21:28:00Z,order tracking,Shopper asks when shipment LC-29447 will arrive.,3,False,email,vip
TKT-00469,2025-05-31T21:54:00Z,product question,Shopper asks about product specifications for LC-51026.,56,False,chat,guest
TKT-02413,2025-05-31T22:05:00Z,fraud review,High-risk order review references LC-52936 and requires human handling.,146,True,email,guest
TKT-01485,2025-05-31T22:43:00Z,order tracking,Shopper requests tracking status for order LC-24035.,6,False,chat,standard
TKT-01353,2025-05-31T23:21:00Z,order tracking,Tracking link question references order LC-85392.,9,False,chat,plus
TKT-01355,2025-05-31T23:53:00Z,fraud review,Shopper responds to a manual account-security review for LC-32546.,193,True,web form,plus
TKT-02045,2025-06-01T01:24:00Z,account access,Account lockout reported under LC-87234.,58,True,email,guest
TKT-00004,2025-06-01T01:53:00Z,order tracking,Shopper asks when shipment LC-41043 will arrive.,12,False,chat,guest
TKT-02719,2025-06-01T02:03:00Z,refund status,Shopper requests refund status for LC-42449.,31,False,phone,standard
TKT-01550,2025-06-01T03:55:00Z,order tracking,Shopper asks when shipment LC-44866 will arrive.,8,False,chat,guest
TKT-01783,2025-06-01T04:25:00Z,order tracking,Tracking link question references order LC-82814.,11,False,chat,vip
TKT-02324,2025-06-01T04:52:00Z,refund status,Shopper requests refund status for LC-74821.,22,False,email,guest
TKT-01602,2025-06-01T04:58:00Z,product question,Shopper asks about product specifications for LC-23163.,37,False,chat,plus
TKT-00508,2025-06-01T08:48:00Z,order tracking,Tracking link question references order LC-60585.,12,False,email,guest
TKT-02152,2025-06-01T09:11:00Z,order tracking,Shopper asks when shipment LC-91331 will arrive.,10,False,web form,plus
TKT-01825,2025-06-01T09:15:00Z,return request,Shopper requests return instructions for order LC-40458.,103,True,web form,plus
TKT-02599,2025-06-01T10:06:00Z,order tracking,Tracking link question references order LC-46674.,8,False,chat,plus
TKT-01687,2025-06-01T11:04:00Z,account access,Password reset requested for account LC-69238.,15,False,chat,guest
TKT-01891,2025-06-01T11:32:00Z,fraud review,Transaction review requires specialist approval under LC-48400.,190,True,phone,vip
TKT-02243,2025-06-01T12:09:00Z,promotion question,Promotion eligibility exception references LC-48738.,55,True,phone,guest
TKT-00300,2025-06-01T19:17:00Z,subscription change,Subscription pause question references LC-52845.,43,False,email,plus
TKT-00162,2025-06-01T20:18:00Z,return request,Return eligibility question references LC-15649.,23,False,email,vip
TKT-02483,2025-06-01T21:06:00Z,return request,Shopper requests a return label for LC-77454.,40,False,phone,standard
TKT-00778,2025-06-02T00:34:00Z,refund status,Shopper cannot locate a processed refund under LC-45073.,15,False,email,standard
TKT-00101,2025-06-02T01:52:00Z,order tracking,Shopper requests tracking status for order LC-55294.,5,False,web form,vip
TKT-00494,2025-06-02T03:29:00Z,refund status,Shopper requests refund status for LC-75868.,35,False,chat,guest
TKT-02154,2025-06-02T03:55:00Z,return request,Return eligibility question references LC-54955.,47,False,phone,plus
TKT-02598,2025-06-02T07:45:00Z,account access,Account lockout reported under LC-10152.,8,False,phone,standard
TKT-00049,2025-06-02T08:20:00Z,return request,Return eligibility question references LC-10732.,32,False,phone,standard
TKT-02923,2025-06-02T12:49:00Z,fraud review,High-risk order review references LC-39575 and requires human handling.,126,False,phone,plus
TKT-01636,2025-06-02T13:44:00Z,return request,Shopper requests return instructions for order LC-33789.,38,False,phone,plus
TKT-01321,2025-06-02T15:36:00Z,return request,Return eligibility question references LC-82126.,16,False,email,plus
TKT-01731,2025-06-02T16:57:00Z,fraud review,Transaction review requires specialist approval under LC-70779.,151,True,email,standard
TKT-01171,2025-06-02T18:21:00Z,refund status,Shopper cannot locate a processed refund under LC-94744.,26,False,email,standard
TKT-00563,2025-06-02T20:06:00Z,account access,Account lockout reported under LC-97762.,12,False,email,standard
TKT-01573,2025-06-02T22:26:00Z,promotion question,Shopper questions campaign terms for promotion LC-54189.,26,False,web form,guest
TKT-01450,2025-06-02T22:36:00Z,order tracking,Shopper asks when shipment LC-54333 will arrive.,14,False,chat,standard
TKT-00309,2025-06-02T22:58:00Z,refund status,Shopper requests refund status for LC-67585.,26,False,phone,vip
TKT-01371,2025-06-02T23:04:00Z,order tracking,Shopper asks when shipment LC-68203 will arrive.,12,False,web form,plus
TKT-02375,2025-06-02T23:49:00Z,order tracking,Shopper asks when shipment LC-30978 will arrive.,13,False,web form,standard
TKT-01666,2025-06-03T01:51:00Z,order tracking,Shopper requests tracking status for order LC-82063.,4,False,web form,standard
TKT-02916,2025-06-03T02:03:00Z,order tracking,Shopper asks when shipment LC-77225 will arrive.,5,False,chat,guest
TKT-01866,2025-06-03T02:47:00Z,return request,Shopper requests return instructions for order LC-38768.,17,False,email,plus
TKT-02331,2025-06-03T04:29:00Z,order tracking,Tracking link question references order LC-86505.,3,False,chat,guest
TKT-02780,2025-06-03T05:37:00Z,return request,Return eligibility question references LC-62739.,36,False,phone,plus
TKT-01015,2025-06-03T06:26:00Z,refund status,Shopper cannot locate a processed refund under LC-66972.,28,False,chat,guest
TKT-01921,2025-06-03T07:50:00Z,subscription change,Shopper requests a subscription change under LC-60637.,16,False,chat,standard
TKT-02370,2025-06-03T07:54:00Z,promotion question,Shopper questions campaign terms for promotion LC-20782.,37,False,web form,guest
TKT-02683,2025-06-03T09:25:00Z,order tracking,Tracking link question references order LC-43536.,6,False,web form,standard
TKT-01963,2025-06-03T09:38:00Z,return request,Shopper requests a return label for LC-34692.,46,False,phone,standard
TKT-02156,2025-06-03T10:29:00Z,fraud review,Shopper responds to a manual account-security review for LC-27548.,124,True,phone,guest
TKT-00752,2025-06-03T13:06:00Z,order tracking,Tracking link question references order LC-80224.,3,False,email,standard
TKT-01416,2025-06-03T13:38:00Z,order tracking,Shopper asks when shipment LC-22807 will arrive.,9,False,chat,standard
TKT-01319,2025-06-03T15:07:00Z,refund status,Shopper requests refund status for LC-16693.,37,False,phone,guest
TKT-02815,2025-06-03T15:41:00Z,order tracking,Tracking link question references order LC-90651.,13,False,chat,standard
TKT-00335,2025-06-03T17:25:00Z,account access,Account lockout reported under LC-56392.,8,False,web form,guest
TKT-01787,2025-06-03T18:12:00Z,refund status,Refund posting timeline question references LC-71259.,30,False,web form,guest
TKT-02968,2025-06-03T18:32:00Z,product question,Product compatibility question references LC-52414.,50,False,phone,plus
TKT-01935,2025-06-03T20:48:00Z,return request,Shopper requests return instructions for order LC-73310.,35,False,phone,vip
TKT-00376,2025-06-03T23:40:00Z,order tracking,Shopper requests tracking status for order LC-73811.,12,False,chat,plus
TKT-01538,2025-06-04T00:11:00Z,refund status,Shopper requests refund status for LC-86508.,36,False,email,guest
TKT-01277,2025-06-04T02:22:00Z,order tracking,Shopper asks when shipment LC-98939 will arrive.,13,False,chat,standard
TKT-01805,2025-06-04T03:04:00Z,product question,Shopper requests product-selection guidance under LC-86647.,49,False,web form,guest
TKT-02322,2025-06-04T04:29:00Z,return request,Shopper requests a return label for LC-40790.,58,True,web form,standard
TKT-00537,2025-06-04T04:54:00Z,refund status,Shopper requests refund status for LC-11836.,23,False,chat,plus
TKT-00712,2025-06-04T05:16:00Z,order tracking,Tracking link question references order LC-94466.,8,False,email,guest
TKT-01738,2025-06-04T06:40:00Z,order tracking,Shopper requests tracking status for order LC-44151.,10,False,web form,standard
TKT-02422,2025-06-04T07:23:00Z,order tracking,Shopper requests tracking status for order LC-90087.,4,False,chat,plus
TKT-01019,2025-06-04T10:04:00Z,order tracking,Shopper asks when shipment LC-51236 will arrive.,8,False,web form,guest
TKT-01143,2025-06-04T12:46:00Z,return request,Shopper requests return instructions for order LC-45017.,41,False,phone,standard
TKT-02622,2025-06-04T15:53:00Z,subscription change,Shopper asks about subscription cancellation for LC-21170.,44,False,web form,standard
TKT-02660,2025-06-04T16:22:00Z,account access,Shopper cannot access account LC-68876.,8,False,phone,plus
TKT-01057,2025-06-04T16:58:00Z,subscription change,Subscription pause question references LC-74366.,39,False,phone,vip
TKT-02538,2025-06-04T17:19:00Z,refund status,Refund posting timeline question references LC-19881.,23,False,chat,guest
TKT-02350,2025-06-04T17:50:00Z,subscription change,Shopper asks about subscription cancellation for LC-57243.,19,False,chat,standard
TKT-02853,2025-06-04T19:35:00Z,return request,Return eligibility question references LC-78087.,18,False,email,guest
TKT-00831,2025-06-04T20:00:00Z,refund status,Refund posting timeline question references LC-15474.,40,True,chat,vip
TKT-01826,2025-06-04T20:09:00Z,order tracking,Tracking link question references order LC-14702.,11,False,web form,plus
TKT-02817,2025-06-04T22:08:00Z,order tracking,Tracking link question references order LC-97428.,29,True,phone,vip
TKT-00572,2025-06-04T22:21:00Z,product question,Shopper asks about product specifications for LC-62012.,63,True,chat,standard
TKT-01662,2025-06-04T22:24:00Z,order tracking,Shopper asks when shipment LC-96590 will arrive.,9,False,chat,standard
TKT-02755,2025-06-04T22:49:00Z,account access,Account lockout reported under LC-89373.,6,False,chat,plus
TKT-01628,2025-06-04T23:33:00Z,order tracking,Shopper asks when shipment LC-13968 will arrive.,10,False,chat,plus
TKT-02499,2025-06-04T23:39:00Z,order tracking,Tracking link question references order LC-14832.,8,False,email,standard
TKT-02418,2025-06-05T04:34:00Z,return request,Shopper requests return instructions for order LC-46031.,36,False,email,standard
TKT-02613,2025-06-05T04:35:00Z,product question,Shopper asks about product specifications for LC-88592.,108,True,chat,plus
TKT-02917,2025-06-05T05:39:00Z,order tracking,Shopper requests tracking status for order LC-57579.,7,False,chat,guest
TKT-02326,2025-06-05T05:59:00Z,product question,Product compatibility question references LC-20168.,38,False,web form,standard
TKT-00329,2025-06-05T06:46:00Z,subscription change,Shopper asks about subscription cancellation for LC-53242.,22,False,phone,vip
TKT-01721,2025-06-05T09:33:00Z,account access,Password reset requested for account LC-39548.,13,False,web form,standard
TKT-00478,2025-06-05T10:53:00Z,return request,Shopper requests a return label for LC-31880.,37,False,phone,guest
TKT-01504,2025-06-05T11:59:00Z,account access,Shopper cannot access account LC-96711.,13,False,chat,plus
TKT-01228,2025-06-05T12:49:00Z,refund status,Shopper requests refund status for LC-66813.,29,False,chat,guest
TKT-01320,2025-06-05T13:12:00Z,account access,Password reset requested for account LC-34974.,16,False,email,standard
TKT-02600,2025-06-05T15:18:00Z,subscription change,Subscription pause question references LC-65575.,43,False,phone,standard
TKT-00556,2025-06-05T16:04:00Z,refund status,Shopper cannot locate a processed refund under LC-97197.,28,False,email,standard
TKT-02172,2025-06-05T17:11:00Z,fraud review,Shopper responds to a manual account-security review for LC-59026.,157,False,phone,standard
TKT-00447,2025-06-05T17:52:00Z,refund status,Shopper cannot locate a processed refund under LC-52792.,33,False,chat,guest
TKT-00333,2025-06-05T18:42:00Z,subscription change,Shopper requests a subscription change under LC-76516.,50,False,chat,plus
TKT-01803,2025-06-05T19:39:00Z,return request,Shopper requests return instructions for order LC-55157.,30,False,phone,guest
TKT-02101,2025-06-05T20:58:00Z,refund status,Refund posting timeline question references LC-28061.,29,False,phone,standard
TKT-01612,2025-06-05T22:49:00Z,product question,Product compatibility question references LC-57948.,21,False,email,standard
TKT-00086,2025-06-06T00:09:00Z,order tracking,Tracking link question references order LC-15849.,6,False,web form,standard
TKT-01307,2025-06-06T00:30:00Z,account access,Account lockout reported under LC-83512.,4,False,chat,plus
TKT-02702,2025-06-06T01:23:00Z,subscription change,Subscription pause question references LC-24643.,25,False,phone,guest
TKT-02899,2025-06-06T02:54:00Z,return request,Shopper requests return instructions for order LC-79709.,71,True,phone,guest
TKT-00909,2025-06-06T02:55:00Z,order tracking,Tracking link question references order LC-34599.,11,False,chat,standard
TKT-00118,2025-06-06T03:19:00Z,return request,Shopper requests return instructions for order LC-89852.,18,False,email,standard
TKT-01457,2025-06-06T07:48:00Z,order tracking,Shopper asks when shipment LC-39699 will arrive.,8,False,chat,guest
TKT-01090,2025-06-06T08:10:00Z,return request,Shopper requests a return label for LC-47464.,81,True,phone,plus
TKT-01772,2025-06-06T08:20:00Z,refund status,Refund posting timeline question references LC-76114.,38,False,chat,plus
TKT-01206,2025-06-06T08:57:00Z,order tracking,Shopper requests tracking status for order LC-10802.,10,False,chat,guest
TKT-02775,2025-06-06T16:04:00Z,return request,Return eligibility question references LC-81465.,29,False,phone,guest
TKT-00423,2025-06-06T16:52:00Z,promotion question,Promotion eligibility exception references LC-71074.,41,False,chat,plus
TKT-01643,2025-06-06T17:55:00Z,order tracking,Tracking link question references order LC-62884.,7,False,chat,guest
TKT-02017,2025-06-06T19:46:00Z,order tracking,Tracking link question references order LC-40373.,11,False,email,plus
TKT-02295,2025-06-06T21:10:00Z,promotion question,Promotion eligibility exception references LC-76787.,12,False,phone,vip
TKT-01647,2025-06-07T01:07:00Z,product question,Shopper requests product-selection guidance under LC-49342.,37,False,chat,guest
TKT-02256,2025-06-07T01:28:00Z,return request,Return eligibility question references LC-78200.,29,False,phone,standard
TKT-00037,2025-06-07T02:54:00Z,fraud review,High-risk order review references LC-19460 and requires human handling.,145,True,phone,standard
TKT-00716,2025-06-07T03:54:00Z,product question,Product compatibility question references LC-55345.,33,True,email,vip
TKT-01146,2025-06-07T03:59:00Z,return request,Return eligibility question references LC-21455.,84,True,phone,guest
TKT-00923,2025-06-07T06:48:00Z,promotion question,Promotion eligibility exception references LC-72143.,32,False,email,vip
TKT-00857,2025-06-07T06:52:00Z,refund status,Shopper requests refund status for LC-56891.,38,False,email,standard
TKT-01949,2025-06-07T08:38:00Z,refund status,Shopper cannot locate a processed refund under LC-26591.,32,False,email,standard
TKT-01635,2025-06-07T09:16:00Z,return request,Shopper requests return instructions for order LC-61694.,33,False,email,guest
TKT-00515,2025-06-07T09:48:00Z,refund status,Refund posting timeline question references LC-64653.,17,False,phone,plus
TKT-02138,2025-06-07T10:53:00Z,account access,Account lockout reported under LC-34887.,4,False,chat,vip
TKT-01495,2025-06-07T10:54:00Z,return request,Shopper requests a return label for LC-74843.,81,True,chat,standard
TKT-02744,2025-06-07T12:52:00Z,order tracking,Shopper asks when shipment LC-12597 will arrive.,13,False,phone,standard
TKT-02747,2025-06-07T15:07:00Z,refund status,Shopper cannot locate a processed refund under LC-90533.,26,False,phone,guest
TKT-02857,2025-06-07T21:00:00Z,refund status,Shopper cannot locate a processed refund under LC-39782.,26,False,email,plus
TKT-02933,2025-06-07T22:16:00Z,return request,Shopper requests return instructions for order LC-73304.,26,False,phone,standard
TKT-01514,2025-06-07T22:21:00Z,promotion question,Shopper reports a promotion did not apply under LC-31348.,40,False,chat,standard
TKT-01521,2025-06-08T00:19:00Z,promotion question,Promotion eligibility exception references LC-83008.,37,True,chat,standard
TKT-01604,2025-06-08T01:14:00Z,refund status,Shopper cannot locate a processed refund under LC-45572.,27,False,phone,standard
TKT-02986,2025-06-08T02:46:00Z,order tracking,Tracking link question references order LC-13728.,9,False,chat,standard
TKT-02344,2025-06-08T03:41:00Z,order tracking,Shopper asks when shipment LC-25188 will arrive.,11,False,chat,guest
TKT-01142,2025-06-08T04:02:00Z,refund status,Shopper cannot locate a processed refund under LC-38791.,36,False,chat,standard
TKT-02826,2025-06-08T07:11:00Z,subscription change,Shopper asks about subscription cancellation for LC-50366.,36,False,email,standard
TKT-00337,2025-06-08T08:37:00Z,account access,Shopper cannot access account LC-33870.,12,False,phone,standard
TKT-00288,2025-06-08T09:57:00Z,promotion question,Promotion eligibility exception references LC-47365.,30,False,chat,plus
TKT-01159,2025-06-08T11:56:00Z,return request,Return eligibility question references LC-29348.,63,True,phone,vip
TKT-00762,2025-06-08T12:10:00Z,return request,Return eligibility question references LC-48940.,33,False,chat,guest
TKT-01709,2025-06-08T14:21:00Z,order tracking,Tracking link question references order LC-94569.,4,False,chat,standard
TKT-02944,2025-06-08T14:53:00Z,refund status,Refund posting timeline question references LC-74575.,29,False,phone,standard
TKT-00666,2025-06-08T15:46:00Z,order tracking,Shopper requests tracking status for order LC-12519.,13,False,email,guest
TKT-01780,2025-06-08T18:18:00Z,refund status,Refund posting timeline question references LC-35769.,18,False,chat,vip
TKT-00479,2025-06-08T18:23:00Z,subscription change,Subscription pause question references LC-36785.,40,False,email,vip
TKT-02616,2025-06-08T18:50:00Z,order tracking,Shopper requests tracking status for order LC-46741.,12,False,chat,guest
TKT-01087,2025-06-08T21:37:00Z,order tracking,Tracking link question references order LC-99244.,9,False,email,standard
TKT-01263,2025-06-08T21:38:00Z,subscription change,Shopper asks about subscription cancellation for LC-33191.,15,False,email,standard
TKT-00105,2025-06-08T22:17:00Z,order tracking,Tracking link question references order LC-68006.,7,False,chat,standard
TKT-01072,2025-06-08T22:26:00Z,order tracking,Tracking link question references order LC-26445.,9,False,chat,standard
TKT-02064,2025-06-09T03:14:00Z,order tracking,Tracking link question references order LC-19909.,11,False,chat,standard
TKT-02512,2025-06-09T03:39:00Z,return request,Shopper requests return instructions for order LC-42219.,20,False,chat,standard
TKT-02127,2025-06-09T04:53:00Z,order tracking,Shopper requests tracking status for order LC-94943.,12,False,chat,standard
TKT-01713,2025-06-09T05:11:00Z,fraud review,Shopper responds to a manual account-security review for LC-46853.,148,True,email,plus
TKT-01336,2025-06-09T05:22:00Z,refund status,Shopper requests refund status for LC-66002.,21,False,phone,plus
TKT-02096,2025-06-09T06:07:00Z,order tracking,Shopper asks when shipment LC-82290 will arrive.,6,False,chat,plus
TKT-01768,2025-06-09T06:23:00Z,order tracking,Shopper requests tracking status for order LC-82574.,9,False,chat,plus
TKT-02925,2025-06-09T09:12:00Z,account access,Shopper cannot access account LC-30862.,63,True,chat,standard
TKT-00649,2025-06-09T09:38:00Z,order tracking,Shopper requests tracking status for order LC-49566.,10,False,chat,plus
TKT-02657,2025-06-09T10:55:00Z,refund status,Shopper cannot locate a processed refund under LC-65340.,22,False,phone,guest
TKT-02975,2025-06-09T13:45:00Z,account access,Password reset requested for account LC-76395.,4,False,phone,guest
TKT-02963,2025-06-09T14:14:00Z,order tracking,Shopper asks when shipment LC-72438 will arrive.,14,False,chat,standard
TKT-02354,2025-06-09T15:34:00Z,order tracking,Shopper asks when shipment LC-57236 will arrive.,13,False,web form,guest
TKT-00071,2025-06-09T16:58:00Z,return request,Shopper requests return instructions for order LC-70774.,18,False,email,standard
TKT-02829,2025-06-09T17:48:00Z,order tracking,Shopper requests tracking status for order LC-64041.,12,False,chat,guest
TKT-01326,2025-06-09T19:55:00Z,refund status,Refund posting timeline question references LC-51533.,20,False,email,plus
TKT-01346,2025-06-09T21:01:00Z,refund status,Refund posting timeline question references LC-40069.,21,False,chat,plus
TKT-00746,2025-06-09T21:39:00Z,return request,Shopper requests a return label for LC-98386.,24,False,phone,standard
TKT-01458,2025-06-10T00:55:00Z,promotion question,Shopper reports a promotion did not apply under LC-28179.,88,True,chat,standard
TKT-02346,2025-06-10T01:35:00Z,refund status,Shopper requests refund status for LC-11660.,21,False,chat,guest
TKT-00759,2025-06-10T02:14:00Z,return request,Return eligibility question references LC-74554.,36,False,phone,vip
TKT-01702,2025-06-10T03:57:00Z,refund status,Shopper cannot locate a processed refund under LC-99673.,20,False,web form,standard
TKT-00317,2025-06-10T04:11:00Z,order tracking,Shopper asks when shipment LC-97582 will arrive.,5,False,chat,guest
TKT-02255,2025-06-10T04:28:00Z,refund status,Shopper cannot locate a processed refund under LC-27657.,13,False,chat,standard
TKT-02540,2025-06-10T06:20:00Z,return request,Shopper requests a return label for LC-79009.,37,False,chat,guest
TKT-01071,2025-06-10T08:03:00Z,promotion question,Shopper questions campaign terms for promotion LC-45127.,44,False,phone,standard
TKT-00882,2025-06-10T09:00:00Z,account access,Password reset requested for account LC-12213.,5,False,web form,standard
TKT-02192,2025-06-10T09:02:00Z,account access,Shopper cannot access account LC-73825.,15,False,web form,standard
TKT-02724,2025-06-10T13:52:00Z,refund status,Shopper cannot locate a processed refund under LC-99482.,23,False,chat,standard
TKT-02543,2025-06-10T14:36:00Z,refund status,Shopper cannot locate a processed refund under LC-49284.,21,False,chat,guest
TKT-02151,2025-06-10T14:52:00Z,order tracking,Shopper asks when shipment LC-11362 will arrive.,14,False,phone,guest
TKT-00715,2025-06-10T16:11:00Z,refund status,Shopper cannot locate a processed refund under LC-97810.,22,False,chat,guest
TKT-02279,2025-06-10T17:11:00Z,return request,Return eligibility question references LC-59548.,30,False,phone,standard
TKT-02029,2025-06-10T20:18:00Z,promotion question,Shopper questions campaign terms for promotion LC-55502.,50,False,phone,standard
TKT-01166,2025-06-11T00:50:00Z,order tracking,Shopper requests tracking status for order LC-71246.,10,False,chat,standard
TKT-00980,2025-06-11T02:39:00Z,return request,Return eligibility question references LC-12991.,47,False,phone,plus
TKT-01243,2025-06-11T02:58:00Z,order tracking,Tracking link question references order LC-92967.,11,False,email,guest
TKT-02587,2025-06-11T03:00:00Z,account access,Shopper cannot access account LC-58472.,17,False,chat,standard
TKT-00616,2025-06-11T03:20:00Z,order tracking,Shopper requests tracking status for order LC-88705.,4,False,web form,plus
TKT-01172,2025-06-11T03:22:00Z,refund status,Shopper requests refund status for LC-22216.,29,False,phone,guest
TKT-00819,2025-06-11T03:53:00Z,product question,Product compatibility question references LC-55465.,31,False,chat,guest
TKT-01839,2025-06-11T04:50:00Z,order tracking,Shopper asks when shipment LC-20443 will arrive.,13,False,web form,standard
TKT-00791,2025-06-11T05:51:00Z,order tracking,Tracking link question references order LC-78811.,8,False,chat,vip
TKT-00955,2025-06-11T06:33:00Z,order tracking,Shopper requests tracking status for order LC-10644.,3,False,chat,guest
TKT-02455,2025-06-11T08:16:00Z,order tracking,Shopper requests tracking status for order LC-23614.,5,False,chat,guest
TKT-00363,2025-06-11T08:58:00Z,order tracking,Shopper asks when shipment LC-80912 will arrive.,13,False,chat,guest
TKT-01441,2025-06-11T12:14:00Z,return request,Shopper requests return instructions for order LC-29566.,79,True,phone,plus
TKT-00451,2025-06-11T13:17:00Z,order tracking,Shopper asks when shipment LC-74911 will arrive.,14,False,phone,plus
TKT-00990,2025-06-11T13:20:00Z,promotion question,Shopper questions campaign terms for promotion LC-80395.,50,False,chat,vip
TKT-01816,2025-06-11T15:16:00Z,return request,Shopper requests a return label for LC-10924.,49,False,phone,guest
TKT-02247,2025-06-11T16:26:00Z,refund status,Shopper cannot locate a processed refund under LC-16403.,76,True,phone,vip
TKT-02220,2025-06-11T23:05:00Z,order tracking,Tracking link question references order LC-61150.,5,False,email,guest
TKT-02058,2025-06-12T01:36:00Z,fraud review,Shopper responds to a manual account-security review for LC-96299.,111,True,phone,guest
TKT-01026,2025-06-12T03:12:00Z,account access,Password reset requested for account LC-47262.,15,False,chat,guest
TKT-01828,2025-06-12T07:25:00Z,refund status,Refund posting timeline question references LC-51111.,20,False,chat,plus
TKT-02537,2025-06-12T08:27:00Z,account access,Shopper cannot access account LC-22643.,4,False,web form,plus
TKT-02283,2025-06-12T10:48:00Z,account access,Password reset requested for account LC-16953.,8,False,web form,standard
TKT-02729,2025-06-12T12:23:00Z,return request,Shopper requests return instructions for order LC-44527.,97,True,phone,standard
TKT-01516,2025-06-12T12:56:00Z,order tracking,Shopper requests tracking status for order LC-41303.,5,False,web form,standard
TKT-01472,2025-06-12T13:14:00Z,order tracking,Tracking link question references order LC-90488.,4,False,chat,guest
TKT-00820,2025-06-12T19:25:00Z,refund status,Shopper cannot locate a processed refund under LC-55600.,36,False,email,plus
TKT-01052,2025-06-12T21:39:00Z,return request,Return eligibility question references LC-26503.,31,False,phone,guest
TKT-00131,2025-06-12T22:02:00Z,subscription change,Shopper requests a subscription change under LC-46310.,40,False,phone,standard
TKT-02506,2025-06-12T22:36:00Z,order tracking,Shopper requests tracking status for order LC-87668.,3,False,phone,standard
TKT-02825,2025-06-12T22:45:00Z,order tracking,Shopper asks when shipment LC-34958 will arrive.,10,False,chat,standard
TKT-01756,2025-06-13T06:09:00Z,order tracking,Shopper asks when shipment LC-82513 will arrive.,8,False,chat,guest
TKT-01251,2025-06-13T07:06:00Z,refund status,Refund posting timeline question references LC-84250.,20,False,email,vip
TKT-02069,2025-06-13T07:56:00Z,order tracking,Shopper asks when shipment LC-79038 will arrive.,8,False,chat,guest
TKT-00243,2025-06-13T09:45:00Z,order tracking,Shopper asks when shipment LC-71055 will arrive.,7,False,web form,guest
TKT-02088,2025-06-13T09:48:00Z,order tracking,Shopper requests tracking status for order LC-76469.,11,False,chat,vip
TKT-00439,2025-06-13T09:57:00Z,subscription change,Shopper requests a subscription change under LC-78029.,39,False,chat,standard
TKT-02063,2025-06-13T10:20:00Z,fraud review,Transaction review requires specialist approval under LC-45128.,146,True,phone,guest
TKT-01877,2025-06-13T11:55:00Z,product question,Product compatibility question references LC-66175.,32,False,chat,plus
TKT-00645,2025-06-13T12:48:00Z,promotion question,Shopper reports a promotion did not apply under LC-88829.,17,False,phone,guest
TKT-00577,2025-06-13T12:54:00Z,promotion question,Shopper questions campaign terms for promotion LC-83096.,46,False,chat,standard
TKT-01890,2025-06-13T15:00:00Z,return request,Shopper requests return instructions for order LC-79624.,40,False,email,standard
TKT-01411,2025-06-13T15:48:00Z,return request,Shopper requests a return label for LC-30423.,39,False,chat,guest
TKT-00925,2025-06-13T17:54:00Z,account access,Account lockout reported under LC-22266.,12,False,web form,standard
TKT-00312,2025-06-13T18:04:00Z,account access,Shopper cannot access account LC-71984.,9,False,email,standard
TKT-02839,2025-06-13T18:53:00Z,promotion question,Promotion eligibility exception references LC-49217.,52,False,email,standard
TKT-00271,2025-06-13T22:10:00Z,order tracking,Shopper asks when shipment LC-28228 will arrive.,11,False,chat,standard
TKT-00789,2025-06-13T22:56:00Z,account access,Shopper cannot access account LC-40655.,5,False,email,guest
TKT-01810,2025-06-13T22:57:00Z,promotion question,Shopper reports a promotion did not apply under LC-87847.,12,False,chat,standard
TKT-00936,2025-06-14T02:49:00Z,order tracking,Shopper requests tracking status for order LC-28360.,7,False,chat,standard
TKT-02866,2025-06-14T07:06:00Z,subscription change,Subscription pause question references LC-91517.,45,False,email,vip
TKT-02911,2025-06-14T10:57:00Z,promotion question,Promotion eligibility exception references LC-13248.,40,False,web form,plus
TKT-00733,2025-06-14T12:25:00Z,refund status,Shopper requests refund status for LC-32155.,30,False,phone,plus
TKT-01029,2025-06-14T13:10:00Z,refund status,Refund posting timeline question references LC-65848.,33,False,phone,standard
TKT-00681,2025-06-14T14:54:00Z,return request,Return eligibility question references LC-57061.,21,False,phone,guest
TKT-01725,2025-06-14T16:45:00Z,subscription change,Subscription pause question references LC-99337.,46,False,phone,guest
TKT-01564,2025-06-14T16:48:00Z,refund status,Shopper requests refund status for LC-63533.,25,False,chat,plus
TKT-01401,2025-06-14T17:08:00Z,order tracking,Shopper requests tracking status for order LC-60098.,3,False,email,standard
TKT-00278,2025-06-14T18:43:00Z,refund status,Shopper cannot locate a processed refund under LC-60200.,23,False,chat,guest
TKT-00074,2025-06-14T18:58:00Z,order tracking,Shopper asks when shipment LC-72541 will arrive.,3,False,email,vip
TKT-00598,2025-06-14T21:04:00Z,return request,Shopper requests a return label for LC-58844.,25,False,email,plus
TKT-01047,2025-06-14T21:28:00Z,refund status,Refund posting timeline question references LC-69771.,24,False,phone,plus
TKT-01174,2025-06-14T21:29:00Z,fraud review,Transaction review requires specialist approval under LC-32633.,193,True,web form,plus
TKT-01247,2025-06-14T22:09:00Z,order tracking,Tracking link question references order LC-93050.,53,True,email,standard
TKT-01154,2025-06-14T22:55:00Z,return request,Shopper requests a return label for LC-88936.,37,False,phone,guest
TKT-00739,2025-06-15T00:33:00Z,order tracking,Shopper asks when shipment LC-77072 will arrive.,14,False,chat,standard
TKT-02186,2025-06-15T00:48:00Z,order tracking,Shopper requests tracking status for order LC-69703.,11,False,chat,standard
TKT-01961,2025-06-15T01:26:00Z,return request,Return eligibility question references LC-34056.,25,False,email,vip
TKT-01413,2025-06-15T04:04:00Z,return request,Return eligibility question references LC-52312.,17,False,email,guest
TKT-00966,2025-06-15T06:21:00Z,order tracking,Shopper requests tracking status for order LC-94030.,4,False,email,standard
TKT-01155,2025-06-15T06:35:00Z,order tracking,Tracking link question references order LC-13415.,5,False,chat,vip
TKT-01298,2025-06-15T08:14:00Z,product question,Product compatibility question references LC-66691.,29,False,email,standard
TKT-01141,2025-06-15T10:26:00Z,refund status,Refund posting timeline question references LC-64002.,13,False,chat,standard
TKT-01798,2025-06-15T10:53:00Z,subscription change,Shopper requests a subscription change under LC-37128.,73,True,phone,standard
TKT-00659,2025-06-15T12:41:00Z,fraud review,High-risk order review references LC-81152 and requires human handling.,161,True,phone,standard
TKT-00412,2025-06-15T12:48:00Z,fraud review,High-risk order review references LC-33439 and requires human handling.,155,True,phone,guest
TKT-02102,2025-06-15T12:53:00Z,return request,Shopper requests a return label for LC-84859.,16,False,phone,guest
TKT-00542,2025-06-15T13:53:00Z,fraud review,Transaction review requires specialist approval under LC-21400.,85,False,phone,plus
TKT-01529,2025-06-15T15:06:00Z,promotion question,Shopper questions campaign terms for promotion LC-34740.,23,False,phone,standard
TKT-01301,2025-06-15T16:18:00Z,order tracking,Shopper requests tracking status for order LC-72098.,10,False,email,standard
TKT-02374,2025-06-15T17:07:00Z,promotion question,Promotion eligibility exception references LC-98158.,24,False,email,standard
TKT-02845,2025-06-15T18:11:00Z,refund status,Shopper requests refund status for LC-14587.,28,False,phone,standard
TKT-00426,2025-06-15T18:37:00Z,product question,Shopper asks about product specifications for LC-67375.,38,False,chat,standard
TKT-02287,2025-06-15T19:35:00Z,refund status,Shopper requests refund status for LC-86960.,30,False,email,guest
TKT-02282,2025-06-15T22:17:00Z,return request,Return eligibility question references LC-37080.,32,False,phone,plus
TKT-02294,2025-06-16T00:29:00Z,return request,Return eligibility question references LC-48556.,62,True,email,plus
TKT-00346,2025-06-16T01:27:00Z,account access,Shopper cannot access account LC-41719.,71,True,chat,standard
TKT-01345,2025-06-16T09:14:00Z,subscription change,Shopper requests a subscription change under LC-34740.,21,False,phone,standard
TKT-01486,2025-06-16T10:04:00Z,order tracking,Shopper requests tracking status for order LC-91043.,14,False,chat,plus
TKT-02969,2025-06-16T10:04:00Z,return request,Shopper requests a return label for LC-45573.,34,False,web form,standard
TKT-00420,2025-06-16T10:22:00Z,product question,Shopper requests product-selection guidance under LC-24671.,21,False,chat,guest
TKT-02774,2025-06-16T12:02:00Z,return request,Return eligibility question references LC-24747.,29,False,phone,standard
TKT-02544,2025-06-16T13:05:00Z,account access,Password reset requested for account LC-49130.,11,False,web form,plus
TKT-00097,2025-06-16T15:01:00Z,order tracking,Shopper requests tracking status for order LC-91872.,8,False,email,standard
TKT-01547,2025-06-16T15:18:00Z,order tracking,Tracking link question references order LC-60618.,7,False,chat,guest
TKT-02550,2025-06-16T15:43:00Z,promotion question,Shopper reports a promotion did not apply under LC-93555.,78,True,chat,guest
TKT-02288,2025-06-16T17:02:00Z,fraud review,Transaction review requires specialist approval under LC-77223.,177,True,phone,standard
TKT-02332,2025-06-16T18:13:00Z,return request,Shopper requests return instructions for order LC-21401.,42,False,web form,guest
TKT-01204,2025-06-16T18:40:00Z,order tracking,Shopper requests tracking status for order LC-21670.,8,False,chat,standard
TKT-02043,2025-06-16T19:48:00Z,order tracking,Shopper requests tracking status for order LC-46011.,12,False,email,vip
TKT-02018,2025-06-16T21:29:00Z,return request,Shopper requests a return label for LC-61931.,30,False,phone,standard
TKT-00388,2025-06-17T00:33:00Z,order tracking,Tracking link question references order LC-37772.,5,False,chat,standard
TKT-02272,2025-06-17T01:29:00Z,return request,Shopper requests a return label for LC-24150.,45,False,phone,standard
TKT-01793,2025-06-17T02:52:00Z,order tracking,Tracking link question references order LC-99806.,4,False,email,vip
TKT-00642,2025-06-17T03:32:00Z,return request,Return eligibility question references LC-92890.,62,True,chat,standard
TKT-00497,2025-06-17T05:01:00Z,account access,Password reset requested for account LC-18905.,15,False,chat,plus
TKT-00749,2025-06-17T11:36:00Z,order tracking,Tracking link question references order LC-68523.,10,False,chat,standard
TKT-01530,2025-06-17T13:09:00Z,order tracking,Shopper asks when shipment LC-15730 will arrive.,9,False,chat,guest
TKT-02549,2025-06-17T15:26:00Z,order tracking,Shopper requests tracking status for order LC-79567.,7,False,chat,standard
TKT-00166,2025-06-17T16:29:00Z,order tracking,Tracking link question references order LC-49579.,6,False,chat,vip
TKT-01795,2025-06-17T16:34:00Z,subscription change,Shopper asks about subscription cancellation for LC-20235.,48,False,phone,standard
TKT-00621,2025-06-17T16:53:00Z,fraud review,High-risk order review references LC-50526 and requires human handling.,160,False,web form,guest
TKT-00113,2025-06-17T17:41:00Z,fraud review,High-risk order review references LC-66594 and requires human handling.,186,True,phone,guest
TKT-01741,2025-06-17T18:07:00Z,subscription change,Shopper asks about subscription cancellation for LC-97930.,56,True,phone,vip
TKT-02525,2025-06-17T18:59:00Z,subscription change,Subscription pause question references LC-88184.,37,False,email,standard
TKT-02607,2025-06-17T21:14:00Z,subscription change,Shopper requests a subscription change under LC-37846.,39,False,phone,guest
TKT-01104,2025-06-17T23:01:00Z,order tracking,Shopper requests tracking status for order LC-26860.,5,False,email,guest
TKT-01776,2025-06-17T23:28:00Z,subscription change,Shopper asks about subscription cancellation for LC-11037.,21,False,phone,guest
TKT-02597,2025-06-17T23:35:00Z,account access,Shopper cannot access account LC-37706.,12,False,phone,standard
TKT-01043,2025-06-18T00:56:00Z,return request,Shopper requests return instructions for order LC-86715.,46,False,phone,standard
TKT-00167,2025-06-18T01:09:00Z,promotion question,Promotion eligibility exception references LC-21854.,33,False,phone,standard
TKT-01443,2025-06-18T01:22:00Z,account access,Shopper cannot access account LC-15997.,5,False,phone,guest
TKT-02368,2025-06-18T03:10:00Z,return request,Shopper requests return instructions for order LC-96061.,34,False,phone,standard
TKT-00038,2025-06-18T05:01:00Z,promotion question,Promotion eligibility exception references LC-31409.,33,False,web form,standard
TKT-02838,2025-06-18T05:37:00Z,order tracking,Shopper requests tracking status for order LC-88233.,3,False,chat,plus
TKT-00471,2025-06-18T05:41:00Z,fraud review,Transaction review requires specialist approval under LC-57318.,100,False,phone,plus
TKT-02187,2025-06-18T08:17:00Z,refund status,Shopper cannot locate a processed refund under LC-60235.,13,False,chat,guest
TKT-02348,2025-06-18T08:48:00Z,order tracking,Shopper asks when shipment LC-21187 will arrive.,3,False,chat,standard
TKT-00145,2025-06-18T09:06:00Z,account access,Password reset requested for account LC-34744.,12,False,web form,vip
TKT-00254,2025-06-18T10:26:00Z,order tracking,Tracking link question references order LC-40283.,10,False,chat,plus
TKT-00868,2025-06-18T13:02:00Z,order tracking,Tracking link question references order LC-87929.,8,False,email,standard
TKT-01871,2025-06-18T13:03:00Z,return request,Return eligibility question references LC-64702.,29,False,chat,guest
TKT-01649,2025-06-18T13:23:00Z,account access,Password reset requested for account LC-94111.,17,False,phone,standard
TKT-00913,2025-06-18T15:29:00Z,order tracking,Shopper asks when shipment LC-69568 will arrive.,11,False,chat,standard
TKT-00191,2025-06-18T16:37:00Z,return request,Shopper requests a return label for LC-25858.,47,False,email,guest
TKT-02276,2025-06-18T17:08:00Z,order tracking,Tracking link question references order LC-79976.,9,False,chat,standard
TKT-02210,2025-06-18T17:23:00Z,refund status,Shopper cannot locate a processed refund under LC-26072.,38,False,phone,vip
TKT-00180,2025-06-18T18:05:00Z,refund status,Shopper cannot locate a processed refund under LC-88161.,16,False,chat,plus
TKT-02207,2025-06-18T20:05:00Z,order tracking,Shopper asks when shipment LC-29764 will arrive.,11,False,chat,guest
TKT-01349,2025-06-18T21:05:00Z,promotion question,Shopper reports a promotion did not apply under LC-91877.,45,False,chat,guest
TKT-02225,2025-06-18T21:11:00Z,order tracking,Tracking link question references order LC-62035.,4,False,chat,standard
TKT-02504,2025-06-18T23:19:00Z,account access,Shopper cannot access account LC-67359.,17,False,chat,plus
TKT-01587,2025-06-19T00:48:00Z,return request,Shopper requests return instructions for order LC-38734.,24,False,email,standard
TKT-02115,2025-06-19T00:54:00Z,order tracking,Shopper asks when shipment LC-80296 will arrive.,8,False,chat,standard
TKT-02612,2025-06-19T03:11:00Z,return request,Return eligibility question references LC-12160.,15,False,phone,standard
TKT-00843,2025-06-19T06:57:00Z,account access,Account lockout reported under LC-24818.,7,False,web form,standard
TKT-01289,2025-06-19T07:37:00Z,return request,Return eligibility question references LC-50036.,21,False,email,plus
TKT-00314,2025-06-19T14:12:00Z,refund status,Shopper requests refund status for LC-74019.,36,False,phone,standard
TKT-01618,2025-06-19T18:24:00Z,promotion question,Promotion eligibility exception references LC-22765.,42,False,email,plus
TKT-00869,2025-06-19T18:56:00Z,order tracking,Shopper asks when shipment LC-89194 will arrive.,11,False,web form,guest
TKT-01487,2025-06-19T19:56:00Z,order tracking,Shopper requests tracking status for order LC-76178.,14,False,chat,standard
TKT-02312,2025-06-19T20:01:00Z,return request,Shopper requests a return label for LC-33082.,86,True,phone,plus
TKT-00734,2025-06-19T20:59:00Z,account access,Shopper cannot access account LC-52836.,13,False,phone,vip
TKT-02292,2025-06-19T21:43:00Z,refund status,Shopper cannot locate a processed refund under LC-88262.,37,False,email,vip
TKT-02213,2025-06-19T23:43:00Z,order tracking,Tracking link question references order LC-50646.,9,False,phone,plus
TKT-01460,2025-06-20T00:43:00Z,order tracking,Shopper requests tracking status for order LC-11017.,10,False,chat,vip
TKT-01203,2025-06-20T01:57:00Z,order tracking,Shopper asks when shipment LC-44812 will arrive.,7,False,email,guest
TKT-00895,2025-06-20T03:05:00Z,refund status,Refund posting timeline question references LC-88555.,34,False,email,standard
TKT-02848,2025-06-20T03:28:00Z,order tracking,Tracking link question references order LC-77027.,9,False,chat,vip
TKT-01028,2025-06-20T03:40:00Z,return request,Return eligibility question references LC-72274.,33,False,chat,plus
TKT-01305,2025-06-20T04:23:00Z,product question,Shopper requests product-selection guidance under LC-63747.,68,True,chat,standard
TKT-02404,2025-06-20T05:03:00Z,refund status,Shopper requests refund status for LC-18021.,12,False,chat,guest
TKT-01735,2025-06-20T11:07:00Z,order tracking,Tracking link question references order LC-33149.,12,False,chat,standard
TKT-01190,2025-06-20T11:52:00Z,promotion question,Promotion eligibility exception references LC-30115.,41,False,chat,guest
TKT-02646,2025-06-20T14:14:00Z,order tracking,Shopper asks when shipment LC-66243 will arrive.,5,False,chat,plus
TKT-02956,2025-06-20T14:45:00Z,account access,Shopper cannot access account LC-14570.,17,False,chat,plus
TKT-02615,2025-06-20T15:03:00Z,order tracking,Shopper requests tracking status for order LC-17600.,5,False,web form,standard
TKT-02510,2025-06-20T16:33:00Z,account access,Shopper cannot access account LC-65019.,66,True,chat,standard
TKT-01315,2025-06-20T16:37:00Z,account access,Account lockout reported under LC-64600.,12,False,email,standard
TKT-02461,2025-06-20T17:47:00Z,order tracking,Shopper requests tracking status for order LC-42009.,14,False,phone,plus
TKT-01987,2025-06-21T00:12:00Z,order tracking,Shopper asks when shipment LC-27558 will arrive.,14,False,chat,plus
TKT-02275,2025-06-21T02:25:00Z,order tracking,Shopper asks when shipment LC-22924 will arrive.,9,False,web form,guest
TKT-02535,2025-06-21T03:55:00Z,order tracking,Tracking link question references order LC-43805.,8,False,web form,plus
TKT-02713,2025-06-21T09:38:00Z,refund status,Shopper cannot locate a processed refund under LC-77822.,23,False,phone,guest
TKT-01947,2025-06-21T11:27:00Z,account access,Account lockout reported under LC-73120.,7,False,email,guest
TKT-02221,2025-06-21T11:39:00Z,account access,Account lockout reported under LC-91572.,8,False,chat,standard
TKT-02489,2025-06-21T15:14:00Z,promotion question,Promotion eligibility exception references LC-90310.,51,False,chat,standard
TKT-00465,2025-06-21T18:25:00Z,promotion question,Promotion eligibility exception references LC-50889.,55,False,web form,plus
TKT-01757,2025-06-21T19:36:00Z,return request,Shopper requests return instructions for order LC-38131.,23,False,phone,standard
TKT-02843,2025-06-21T22:41:00Z,refund status,Shopper cannot locate a processed refund under LC-29542.,17,False,web form,vip
TKT-01133,2025-06-21T23:03:00Z,order tracking,Shopper asks when shipment LC-67671 will arrive.,4,False,chat,standard
TKT-00680,2025-06-22T01:17:00Z,subscription change,Subscription pause question references LC-56251.,27,False,chat,standard
TKT-01631,2025-06-22T02:03:00Z,fraud review,High-risk order review references LC-62085 and requires human handling.,136,True,phone,plus
TKT-01415,2025-06-22T04:44:00Z,return request,Shopper requests return instructions for order LC-27680.,28,False,email,standard
TKT-02999,2025-06-22T05:03:00Z,order tracking,Tracking link question references order LC-86650.,5,False,chat,guest
TKT-02528,2025-06-22T05:19:00Z,subscription change,Subscription pause question references LC-66520.,42,False,phone,standard
TKT-00731,2025-06-22T08:32:00Z,account access,Shopper cannot access account LC-82607.,18,False,chat,standard
TKT-00208,2025-06-22T10:31:00Z,order tracking,Shopper asks when shipment LC-80860 will arrive.,4,False,chat,standard
TKT-02906,2025-06-22T11:18:00Z,promotion question,Promotion eligibility exception references LC-91550.,47,False,chat,standard
TKT-01397,2025-06-22T13:58:00Z,return request,Shopper requests a return label for LC-36756.,17,False,phone,standard
TKT-01109,2025-06-22T15:51:00Z,account access,Account lockout reported under LC-66680.,29,True,chat,plus
TKT-01513,2025-06-22T17:22:00Z,order tracking,Shopper asks when shipment LC-41587 will arrive.,5,False,chat,standard
TKT-02957,2025-06-22T20:16:00Z,product question,Shopper asks about product specifications for LC-83787.,25,False,chat,plus
TKT-01199,2025-06-22T20:53:00Z,order tracking,Shopper requests tracking status for order LC-26797.,58,True,web form,standard
TKT-02844,2025-06-22T21:39:00Z,order tracking,Shopper requests tracking status for order LC-86420.,14,False,phone,guest
TKT-01880,2025-06-22T22:05:00Z,promotion question,Shopper questions campaign terms for promotion LC-62898.,23,False,email,plus
TKT-01786,2025-06-22T23:19:00Z,refund status,Shopper cannot locate a processed refund under LC-93052.,21,False,chat,guest
TKT-00276,2025-06-22T23:45:00Z,order tracking,Shopper requests tracking status for order LC-69095.,3,False,email,plus
TKT-00433,2025-06-23T01:07:00Z,order tracking,Tracking link question references order LC-67222.,11,False,email,standard
TKT-01496,2025-06-23T02:43:00Z,product question,Product compatibility question references LC-13451.,51,False,web form,standard
TKT-00298,2025-06-23T03:40:00Z,return request,Return eligibility question references LC-49953.,36,False,phone,plus
TKT-02203,2025-06-23T07:08:00Z,promotion question,Promotion eligibility exception references LC-15241.,16,False,email,plus
TKT-01265,2025-06-23T07:39:00Z,subscription change,Shopper requests a subscription change under LC-68884.,42,False,email,plus
TKT-02979,2025-06-23T09:57:00Z,refund status,Shopper requests refund status for LC-47564.,23,False,chat,standard
TKT-01085,2025-06-23T10:38:00Z,promotion question,Promotion eligibility exception references LC-62197.,47,False,email,vip
TKT-00505,2025-06-23T11:59:00Z,refund status,Refund posting timeline question references LC-50192.,19,False,web form,guest
TKT-01648,2025-06-23T12:43:00Z,return request,Shopper requests a return label for LC-25274.,32,False,phone,standard
TKT-01632,2025-06-23T13:51:00Z,subscription change,Shopper requests a subscription change under LC-23133.,18,False,phone,guest
TKT-00889,2025-06-23T14:40:00Z,promotion question,Shopper reports a promotion did not apply under LC-53542.,54,False,phone,guest
TKT-01361,2025-06-23T15:13:00Z,subscription change,Shopper asks about subscription cancellation for LC-26294.,15,False,phone,vip
TKT-02716,2025-06-23T18:25:00Z,account access,Account lockout reported under LC-58570.,44,True,phone,guest
TKT-01451,2025-06-23T20:01:00Z,promotion question,Shopper reports a promotion did not apply under LC-85848.,16,False,email,standard
TKT-01734,2025-06-23T21:14:00Z,return request,Shopper requests return instructions for order LC-54099.,41,False,chat,standard
TKT-00377,2025-06-23T21:50:00Z,refund status,Refund posting timeline question references LC-44004.,17,False,web form,guest
TKT-02421,2025-06-23T22:39:00Z,subscription change,Shopper asks about subscription cancellation for LC-21454.,40,False,chat,plus
TKT-02430,2025-06-23T23:26:00Z,return request,Shopper requests return instructions for order LC-80162.,43,False,chat,standard
TKT-00053,2025-06-24T03:07:00Z,refund status,Shopper requests refund status for LC-37274.,19,False,phone,standard
TKT-00258,2025-06-24T04:22:00Z,refund status,Shopper requests refund status for LC-94335.,62,True,phone,plus
TKT-01541,2025-06-24T08:14:00Z,return request,Return eligibility question references LC-50349.,29,False,email,guest
TKT-00687,2025-06-24T09:01:00Z,refund status,Refund posting timeline question references LC-43562.,30,False,chat,guest
TKT-01930,2025-06-24T10:07:00Z,refund status,Shopper cannot locate a processed refund under LC-79313.,15,False,email,plus
TKT-00380,2025-06-24T16:13:00Z,order tracking,Tracking link question references order LC-92598.,3,False,chat,standard
TKT-01549,2025-06-24T21:00:00Z,order tracking,Shopper requests tracking status for order LC-64692.,10,False,phone,guest
TKT-00345,2025-06-24T23:27:00Z,promotion question,Shopper reports a promotion did not apply under LC-62117.,36,False,web form,guest
TKT-00656,2025-06-25T00:12:00Z,order tracking,Shopper asks when shipment LC-51186 will arrive.,10,False,chat,guest
TKT-00663,2025-06-25T01:57:00Z,order tracking,Shopper requests tracking status for order LC-79299.,6,False,chat,standard
TKT-02315,2025-06-25T02:40:00Z,order tracking,Tracking link question references order LC-56364.,4,False,email,plus
TKT-01928,2025-06-25T03:29:00Z,refund status,Shopper cannot locate a processed refund under LC-52000.,12,False,chat,guest
TKT-00029,2025-06-25T04:15:00Z,order tracking,Tracking link question references order LC-15334.,8,False,chat,guest
TKT-01033,2025-06-25T06:03:00Z,fraud review,Shopper responds to a manual account-security review for LC-41519.,167,False,phone,standard
TKT-01571,2025-06-25T06:14:00Z,order tracking,Shopper requests tracking status for order LC-27530.,8,False,phone,standard
TKT-01239,2025-06-25T07:01:00Z,return request,Return eligibility question references LC-41829.,23,False,email,guest
TKT-01766,2025-06-25T09:08:00Z,order tracking,Shopper asks when shipment LC-56971 will arrive.,5,False,chat,guest
TKT-00342,2025-06-25T09:29:00Z,order tracking,Shopper requests tracking status for order LC-79001.,8,False,chat,standard
TKT-00021,2025-06-25T11:45:00Z,order tracking,Shopper asks when shipment LC-36612 will arrive.,9,False,web form,guest
TKT-00647,2025-06-25T12:13:00Z,subscription change,Subscription pause question references LC-31886.,48,False,web form,plus
TKT-02342,2025-06-25T13:08:00Z,refund status,Refund posting timeline question references LC-44501.,38,False,chat,standard
TKT-01366,2025-06-25T14:16:00Z,refund status,Refund posting timeline question references LC-81313.,73,True,chat,vip
TKT-02805,2025-06-25T17:49:00Z,order tracking,Shopper asks when shipment LC-88851 will arrive.,7,False,chat,standard
TKT-01230,2025-06-25T18:49:00Z,order tracking,Shopper requests tracking status for order LC-90612.,6,False,chat,standard
TKT-01323,2025-06-25T19:25:00Z,return request,Return eligibility question references LC-61886.,22,False,email,standard
TKT-00847,2025-06-25T23:00:00Z,order tracking,Shopper asks when shipment LC-81998 will arrive.,9,False,chat,standard
TKT-00521,2025-06-25T23:03:00Z,refund status,Shopper requests refund status for LC-97246.,30,False,phone,standard
TKT-02835,2025-06-26T01:35:00Z,subscription change,Shopper requests a subscription change under LC-75303.,27,False,phone,plus
TKT-02038,2025-06-26T03:33:00Z,order tracking,Shopper requests tracking status for order LC-89548.,13,False,chat,vip
TKT-01919,2025-06-26T05:12:00Z,account access,Password reset requested for account LC-80855.,6,False,chat,standard
TKT-00873,2025-06-26T07:22:00Z,account access,Shopper cannot access account LC-21847.,18,False,web form,vip
TKT-01634,2025-06-26T08:30:00Z,order tracking,Shopper requests tracking status for order LC-49603.,11,False,web form,standard
TKT-02647,2025-06-26T10:39:00Z,order tracking,Shopper asks when shipment LC-19785 will arrive.,10,False,chat,standard
TKT-01048,2025-06-26T12:23:00Z,order tracking,Shopper requests tracking status for order LC-30467.,49,True,email,standard
TKT-02054,2025-06-26T13:04:00Z,return request,Shopper requests return instructions for order LC-43306.,18,False,web form,standard
TKT-02090,2025-06-26T13:13:00Z,subscription change,Subscription pause question references LC-60055.,43,False,phone,vip
TKT-01929,2025-06-26T14:11:00Z,order tracking,Tracking link question references order LC-86283.,9,False,email,standard
TKT-02918,2025-06-26T15:31:00Z,fraud review,High-risk order review references LC-27255 and requires human handling.,179,True,phone,standard
TKT-00620,2025-06-26T16:06:00Z,return request,Shopper requests return instructions for order LC-85903.,15,False,phone,plus
TKT-02023,2025-06-26T16:52:00Z,refund status,Refund posting timeline question references LC-45221.,22,False,phone,standard
TKT-00874,2025-06-26T18:08:00Z,order tracking,Tracking link question references order LC-47510.,7,False,email,standard
TKT-00179,2025-06-26T18:39:00Z,order tracking,Shopper asks when shipment LC-76560 will arrive.,11,False,chat,guest
TKT-00203,2025-06-26T19:00:00Z,account access,Account lockout reported under LC-69787.,7,False,web form,standard
TKT-01098,2025-06-26T21:14:00Z,account access,Account lockout reported under LC-12617.,9,False,chat,guest
TKT-02002,2025-06-26T21:38:00Z,order tracking,Tracking link question references order LC-50964.,6,False,chat,guest
TKT-01268,2025-06-26T21:54:00Z,order tracking,Tracking link question references order LC-79864.,3,False,chat,guest
TKT-00467,2025-06-26T23:14:00Z,refund status,Refund posting timeline question references LC-89066.,55,True,web form,standard
TKT-00958,2025-06-27T00:34:00Z,refund status,Refund posting timeline question references LC-59582.,64,True,chat,standard
TKT-01262,2025-06-27T00:52:00Z,order tracking,Shopper requests tracking status for order LC-82881.,4,False,web form,plus
TKT-00566,2025-06-27T05:41:00Z,order tracking,Tracking link question references order LC-41093.,4,False,web form,standard
TKT-01118,2025-06-27T09:47:00Z,subscription change,Subscription pause question references LC-62781.,22,False,web form,standard
TKT-01007,2025-06-27T10:15:00Z,return request,Shopper requests a return label for LC-52375.,44,False,email,guest
TKT-02006,2025-06-27T12:54:00Z,return request,Return eligibility question references LC-19342.,26,False,email,standard
TKT-00006,2025-06-27T14:01:00Z,fraud review,Transaction review requires specialist approval under LC-31837.,119,True,email,guest
TKT-01597,2025-06-27T14:32:00Z,promotion question,Shopper reports a promotion did not apply under LC-21466.,24,False,chat,guest
TKT-02571,2025-06-27T15:39:00Z,return request,Shopper requests return instructions for order LC-41879.,65,True,email,standard
TKT-01950,2025-06-27T15:44:00Z,order tracking,Shopper requests tracking status for order LC-60183.,7,False,chat,guest
TKT-01685,2025-06-27T16:22:00Z,account access,Account lockout reported under LC-58859.,71,True,chat,standard
TKT-00397,2025-06-27T16:36:00Z,order tracking,Shopper asks when shipment LC-66341 will arrive.,10,False,phone,plus
TKT-01473,2025-06-27T17:52:00Z,refund status,Shopper cannot locate a processed refund under LC-47154.,32,False,phone,standard
TKT-00326,2025-06-27T18:02:00Z,product question,Shopper requests product-selection guidance under LC-33464.,53,False,chat,plus
TKT-00432,2025-06-27T18:13:00Z,order tracking,Shopper asks when shipment LC-40701 will arrive.,10,False,chat,plus
TKT-01510,2025-06-27T18:46:00Z,order tracking,Shopper asks when shipment LC-56982 will arrive.,11,False,web form,plus
TKT-01297,2025-06-27T19:36:00Z,subscription change,Subscription pause question references LC-43136.,27,False,chat,standard
TKT-02237,2025-06-27T20:05:00Z,account access,Password reset requested for account LC-11956.,17,False,phone,vip
TKT-02426,2025-06-27T21:48:00Z,order tracking,Shopper asks when shipment LC-93526 will arrive.,8,False,web form,guest
TKT-01014,2025-06-27T22:28:00Z,return request,Shopper requests return instructions for order LC-60624.,30,False,phone,standard
TKT-00800,2025-06-27T23:52:00Z,order tracking,Tracking link question references order LC-99807.,7,False,phone,standard
TKT-02943,2025-06-28T03:07:00Z,order tracking,Shopper requests tracking status for order LC-52882.,9,False,chat,plus
TKT-00602,2025-06-28T03:18:00Z,refund status,Shopper requests refund status for LC-14200.,28,False,phone,guest
TKT-00837,2025-06-28T04:15:00Z,order tracking,Shopper asks when shipment LC-89275 will arrive.,6,False,chat,standard
TKT-02674,2025-06-28T05:36:00Z,return request,Shopper requests return instructions for order LC-70301.,45,False,phone,guest
TKT-02758,2025-06-28T07:43:00Z,account access,Password reset requested for account LC-66124.,4,False,email,standard
TKT-00119,2025-06-28T08:41:00Z,fraud review,High-risk order review references LC-92449 and requires human handling.,153,False,phone,vip
TKT-00458,2025-06-28T08:43:00Z,return request,Return eligibility question references LC-85701.,69,True,email,standard
TKT-01654,2025-06-28T08:46:00Z,return request,Return eligibility question references LC-73519.,46,False,chat,plus
TKT-02323,2025-06-28T09:06:00Z,return request,Shopper requests a return label for LC-50530.,16,False,email,guest
TKT-01124,2025-06-28T09:46:00Z,subscription change,Subscription pause question references LC-40904.,16,False,email,plus
TKT-01188,2025-06-28T09:59:00Z,promotion question,Shopper questions campaign terms for promotion LC-56834.,40,False,phone,plus
TKT-01055,2025-06-28T10:31:00Z,account access,Shopper cannot access account LC-54065.,4,False,email,plus
TKT-02193,2025-06-28T11:51:00Z,subscription change,Shopper asks about subscription cancellation for LC-65017.,29,False,email,guest
TKT-01645,2025-06-28T17:48:00Z,refund status,Shopper requests refund status for LC-24454.,67,True,web form,standard
TKT-00608,2025-06-28T18:22:00Z,refund status,Shopper requests refund status for LC-62124.,24,False,chat,standard
TKT-01405,2025-06-28T19:00:00Z,order tracking,Shopper requests tracking status for order LC-46233.,10,False,chat,standard
TKT-02573,2025-06-28T19:29:00Z,account access,Password reset requested for account LC-96600.,7,False,chat,standard
TKT-02136,2025-06-28T19:34:00Z,promotion question,Promotion eligibility exception references LC-68237.,49,False,chat,standard
TKT-02749,2025-06-28T19:34:00Z,return request,Shopper requests return instructions for order LC-78309.,45,False,web form,standard
TKT-02209,2025-06-28T19:38:00Z,promotion question,Shopper reports a promotion did not apply under LC-45626.,39,False,chat,standard
TKT-00133,2025-06-28T19:55:00Z,refund status,Refund posting timeline question references LC-60721.,21,False,chat,standard
TKT-00287,2025-06-28T20:40:00Z,fraud review,High-risk order review references LC-10051 and requires human handling.,183,True,phone,plus
TKT-01568,2025-06-29T00:17:00Z,product question,Product compatibility question references LC-99454.,33,False,chat,standard
TKT-00560,2025-06-29T00:34:00Z,refund status,Shopper requests refund status for LC-40332.,20,False,phone,guest
TKT-00565,2025-06-29T01:12:00Z,subscription change,Shopper asks about subscription cancellation for LC-79759.,43,False,web form,plus
TKT-02363,2025-06-29T02:36:00Z,promotion question,Shopper reports a promotion did not apply under LC-45782.,44,False,chat,standard
TKT-00060,2025-06-29T03:18:00Z,account access,Shopper cannot access account LC-41108.,14,False,phone,standard
TKT-00274,2025-06-29T03:31:00Z,order tracking,Shopper requests tracking status for order LC-68278.,8,False,web form,guest
TKT-00927,2025-06-29T04:35:00Z,return request,Return eligibility question references LC-27577.,19,False,phone,standard
TKT-02249,2025-06-29T05:00:00Z,product question,Shopper requests product-selection guidance under LC-96980.,23,False,chat,standard
TKT-02745,2025-06-29T08:24:00Z,return request,Shopper requests return instructions for order LC-98708.,44,False,email,standard
TKT-02411,2025-06-29T08:29:00Z,product question,Shopper requests product-selection guidance under LC-54490.,42,False,phone,standard
TKT-00706,2025-06-29T09:23:00Z,refund status,Refund posting timeline question references LC-80112.,32,False,phone,guest
TKT-02690,2025-06-29T09:23:00Z,refund status,Refund posting timeline question references LC-63806.,26,False,web form,plus
TKT-00472,2025-06-29T11:25:00Z,promotion question,Shopper questions campaign terms for promotion LC-46147.,21,False,web form,standard
TKT-02223,2025-06-29T11:56:00Z,account access,Shopper cannot access account LC-46361.,11,False,email,guest
TKT-02555,2025-06-29T12:17:00Z,order tracking,Shopper asks when shipment LC-10195 will arrive.,12,False,email,plus
TKT-01939,2025-06-29T12:23:00Z,order tracking,Tracking link question references order LC-63647.,11,False,email,standard
TKT-00613,2025-06-29T14:04:00Z,order tracking,Shopper requests tracking status for order LC-35970.,13,False,email,guest
TKT-01925,2025-06-29T15:31:00Z,return request,Return eligibility question references LC-40955.,35,False,email,standard
TKT-02306,2025-06-29T16:19:00Z,refund status,Refund posting timeline question references LC-56134.,27,False,web form,standard
TKT-02962,2025-06-29T16:28:00Z,order tracking,Tracking link question references order LC-87154.,6,False,web form,guest
TKT-02995,2025-06-29T18:01:00Z,return request,Shopper requests a return label for LC-14911.,47,False,email,guest
TKT-00381,2025-06-29T18:17:00Z,return request,Shopper requests return instructions for order LC-59145.,53,True,web form,standard
TKT-02686,2025-06-29T18:20:00Z,account access,Shopper cannot access account LC-19825.,14,False,chat,vip
TKT-00231,2025-06-29T19:31:00Z,subscription change,Shopper requests a subscription change under LC-17810.,36,False,email,guest
TKT-01791,2025-06-29T23:17:00Z,subscription change,Shopper asks about subscription cancellation for LC-97492.,20,False,chat,guest
TKT-02609,2025-06-30T02:32:00Z,product question,Shopper asks about product specifications for LC-12206.,25,False,chat,guest
TKT-01176,2025-06-30T05:27:00Z,order tracking,Shopper requests tracking status for order LC-72408.,10,False,chat,standard
TKT-02696,2025-06-30T07:09:00Z,account access,Shopper cannot access account LC-56101.,16,False,chat,guest
TKT-01267,2025-06-30T07:21:00Z,order tracking,Shopper requests tracking status for order LC-99818.,4,False,chat,standard
TKT-00531,2025-06-30T09:59:00Z,refund status,Refund posting timeline question references LC-42747.,14,False,chat,guest
TKT-00012,2025-06-30T15:04:00Z,order tracking,Tracking link question references order LC-95989.,6,False,email,plus
TKT-00999,2025-06-30T15:06:00Z,order tracking,Shopper asks when shipment LC-83751 will arrive.,7,False,chat,guest
TKT-00744,2025-06-30T15:20:00Z,account access,Account lockout reported under LC-14263.,16,False,phone,standard
TKT-02564,2025-06-30T16:21:00Z,order tracking,Tracking link question references order LC-22311.,8,False,chat,guest
TKT-01334,2025-06-30T18:01:00Z,order tracking,Shopper requests tracking status for order LC-47246.,8,False,chat,guest
TKT-00027,2025-06-30T18:29:00Z,order tracking,Shopper requests tracking status for order LC-46167.,6,False,email,plus
TKT-02752,2025-06-30T18:38:00Z,promotion question,Shopper reports a promotion did not apply under LC-25153.,93,True,email,standard
TKT-00186,2025-06-30T19:48:00Z,account access,Password reset requested for account LC-50947.,9,False,chat,standard
TKT-01396,2025-06-30T20:24:00Z,refund status,Refund posting timeline question references LC-31537.,30,False,chat,standard
TKT-00421,2025-06-30T20:33:00Z,fraud review,Transaction review requires specialist approval under LC-38244.,144,True,phone,standard
TKT-00076,2025-06-30T20:35:00Z,refund status,Refund posting timeline question references LC-22759.,25,False,phone,standard
TKT-01278,2025-06-30T20:43:00Z,refund status,Shopper requests refund status for LC-20915.,34,False,email,guest
